MM:DD:YYYY hh:mm:ss,Library_Version,Session_Type,Device_Number,Battery_Voltage,Motor_Turns,FR,Event,Active_Poke,Left_Poke_Count,Right_Poke_Count,Pellet_Count,Block_Pellet_Count,Retrieval_Time,InterPelletInterval,Poke_Time
2025-11-12 16:15:14,1.17.2,PR1,8,4.09,,1,Right,Left,0,1,0,0,,,0.11
2025-11-12 16:25:39,1.17.2,PR1,8,4.09,,1,Left,Left,1,1,0,0,,,0.09
2025-11-12 16:25:44,1.17.2,PR1,8,4.09,2.0,1,Pellet,Left,1,1,1,1,2.26,,
2025-11-12 16:26:49,1.17.2,PR1,8,4.09,,2,Left,Left,2,1,1,1,,,0.04
2025-11-12 16:28:51,1.17.2,PR1,8,4.1,,2,Left,Left,3,1,1,1,,,0.01
2025-11-12 16:28:55,1.17.2,PR1,8,4.09,2.0,2,Pellet,Left,3,1,2,2,0.47,191.0,
2025-11-12 16:34:37,1.17.2,PR1,8,4.09,,3,Left,Left,4,1,2,2,,,0.11
2025-11-12 16:35:12,1.17.2,PR1,8,4.09,,3,Left,Left,5,1,2,2,,,0.08
2025-11-12 16:35:14,1.17.2,PR1,8,4.09,,3,Right,Left,5,2,2,2,,,0.07
2025-11-12 16:41:42,1.17.2,PR1,8,4.09,,3,Left,Left,6,2,2,2,,,0.43
2025-11-12 16:41:43,1.17.2,PR1,8,4.09,1.0,3,Pellet,Left,6,2,3,3,0.83,768.0,
2025-11-12 16:47:13,1.17.2,PR1,8,4.09,,4,Right,Left,6,3,3,3,,,0.11
2025-11-12 16:47:24,1.17.2,PR1,8,4.09,,4,Left,Left,7,3,3,3,,,0.19
2025-11-12 16:47:25,1.17.2,PR1,8,4.09,,4,Left,Left,8,3,3,3,,,0.18
2025-11-12 17:04:06,1.17.2,PR1,8,4.09,,4,Right,Left,8,4,3,3,,,0.2
2025-11-12 17:04:07,1.17.2,PR1,8,4.09,,4,Right,Left,8,5,3,3,,,0.18
2025-11-12 17:09:07,1.17.2,PR1,8,4.09,,4,Left,Left,9,5,3,3,,,0.14
2025-11-12 17:09:31,1.17.2,PR1,8,4.09,,4,Right,Left,9,6,3,3,,,0.0
2025-11-12 17:56:44,1.17.2,PR1,8,4.09,,1,Left,Left,10,6,3,0,,,0.31
2025-11-12 17:56:46,1.17.2,PR1,8,4.09,1.0,1,Pellet,Left,10,6,4,1,1.01,4502.0,
2025-11-12 17:56:59,1.17.2,PR1,8,4.09,,2,Left,Left,11,6,4,1,,,0.22
2025-11-12 17:57:02,1.17.2,PR1,8,4.09,,2,Left,Left,12,6,4,1,,,0.29
2025-11-12 17:57:04,1.17.2,PR1,8,4.09,1.0,2,Pellet,Left,12,6,5,2,0.77,18.0,
2025-11-12 17:57:16,1.17.2,PR1,8,4.09,,3,Left,Left,13,6,5,2,,,0.21
2025-11-12 17:57:17,1.17.2,PR1,8,4.08,,3,Left,Left,14,6,5,2,,,0.16
2025-11-12 17:57:23,1.17.2,PR1,8,4.09,,3,Left,Left,15,6,5,2,,,0.28
2025-11-12 17:57:25,1.17.2,PR1,8,4.09,1.0,3,Pellet,Left,15,6,6,3,0.83,22.0,
2025-11-12 17:57:36,1.17.2,PR1,8,4.08,,4,Left,Left,16,6,6,3,,,0.14
2025-11-12 17:57:39,1.17.2,PR1,8,4.09,,4,Left,Left,17,6,6,3,,,0.32
2025-11-12 17:57:41,1.17.2,PR1,8,4.09,,4,Left,Left,18,6,6,3,,,0.29
2025-11-12 17:57:47,1.17.2,PR1,8,4.09,,4,Left,Left,19,6,6,3,,,0.0
2025-11-12 17:57:48,1.17.2,PR1,8,4.09,1.0,4,Pellet,Left,19,6,7,4,0.29,23.0,
2025-11-12 17:58:16,1.17.2,PR1,8,4.09,,5,Left,Left,20,6,7,4,,,0.14
2025-11-12 18:13:14,1.17.2,PR1,8,4.09,,5,Left,Left,21,6,7,4,,,0.26
2025-11-12 18:13:15,1.17.2,PR1,8,4.09,,5,Left,Left,22,6,7,4,,,0.06
2025-11-12 18:13:17,1.17.2,PR1,8,4.09,,5,Left,Left,23,6,7,4,,,0.2
2025-11-12 18:19:58,1.17.2,PR1,8,4.09,,5,Left,Left,24,6,7,4,,,0.14
2025-11-12 18:20:00,1.17.2,PR1,8,4.09,1.0,5,Pellet,Left,24,6,8,5,0.77,1331.0,
2025-11-12 18:20:23,1.17.2,PR1,8,4.09,,6,Left,Left,25,6,8,5,,,0.06
2025-11-12 18:20:28,1.17.2,PR1,8,4.09,,6,Left,Left,26,6,8,5,,,0.27
2025-11-12 18:20:31,1.17.2,PR1,8,4.09,,6,Left,Left,27,6,8,5,,,0.24
2025-11-12 18:20:33,1.17.2,PR1,8,4.09,,6,Left,Left,28,6,8,5,,,0.15
2025-11-12 18:20:35,1.17.2,PR1,8,4.09,,6,Left,Left,29,6,8,5,,,0.03
2025-11-12 18:20:38,1.17.2,PR1,8,4.09,,6,Left,Left,30,6,8,5,,,0.23
2025-11-12 18:20:39,1.17.2,PR1,8,4.09,1.0,6,Pellet,Left,30,6,9,6,0.59,40.0,
2025-11-12 18:30:34,1.17.2,PR1,8,4.1,,7,Left,Left,31,6,9,6,,,0.08
2025-11-12 18:30:36,1.17.2,PR1,8,4.09,,7,Left,Left,32,6,9,6,,,0.26
2025-11-12 18:30:40,1.17.2,PR1,8,4.09,,7,Left,Left,33,6,9,6,,,0.1
2025-11-12 18:31:05,1.17.2,PR1,8,4.09,,7,Right,Left,33,7,9,6,,,0.12
2025-11-12 18:31:06,1.17.2,PR1,8,4.09,,7,Right,Left,33,8,9,6,,,0.14
2025-11-12 18:31:15,1.17.2,PR1,8,4.09,,7,Left,Left,34,8,9,6,,,0.03
2025-11-12 18:31:16,1.17.2,PR1,8,4.09,,7,Left,Left,35,8,9,6,,,0.11
2025-11-12 18:31:28,1.17.2,PR1,8,4.09,,7,Right,Left,35,9,9,6,,,0.17
2025-11-12 18:35:52,1.17.2,PR1,8,4.09,,7,Left,Left,36,9,9,6,,,0.06
2025-11-12 18:41:18,1.17.2,PR1,8,4.09,,7,Right,Left,36,10,9,6,,,0.13
2025-11-12 18:41:58,1.17.2,PR1,8,4.09,,7,Left,Left,37,10,9,6,,,0.19
2025-11-12 18:42:00,1.17.2,PR1,8,4.09,1.0,7,Pellet,Left,37,10,10,7,0.89,1281.0,
2025-11-12 18:42:12,1.17.2,PR1,8,4.08,,8,Left,Left,38,10,10,7,,,0.07
2025-11-12 18:42:15,1.17.2,PR1,8,4.09,,8,Left,Left,39,10,10,7,,,0.07
2025-11-12 18:42:17,1.17.2,PR1,8,4.09,,8,Left,Left,40,10,10,7,,,0.05
2025-11-12 18:45:36,1.17.2,PR1,8,4.09,,8,Left,Left,41,10,10,7,,,0.08
2025-11-12 18:45:37,1.17.2,PR1,8,4.09,,8,Left,Left,42,10,10,7,,,0.07
2025-11-12 18:45:38,1.17.2,PR1,8,4.09,,8,Left,Left,43,10,10,7,,,0.15
2025-11-12 18:50:22,1.17.2,PR1,8,4.09,,8,Right,Left,43,11,10,7,,,0.09
2025-11-12 18:51:52,1.17.2,PR1,8,4.09,,8,Left,Left,44,11,10,7,,,0.0
2025-11-12 18:58:16,1.17.2,PR1,8,4.09,,8,Left,Left,45,11,10,7,,,0.02
2025-11-12 18:58:17,1.17.2,PR1,8,4.09,1.0,8,Pellet,Left,45,11,11,8,0.59,977.0,
2025-11-12 18:58:30,1.17.2,PR1,8,4.09,,9,Right,Left,45,12,11,8,,,0.05
2025-11-12 19:03:28,1.17.2,PR1,8,4.08,,9,Left,Left,46,12,11,8,,,0.05
2025-11-12 19:09:43,1.17.2,PR1,8,4.09,,9,Left,Left,47,12,11,8,,,0.1
2025-11-12 19:09:45,1.17.2,PR1,8,4.09,,9,Left,Left,48,12,11,8,,,0.09
2025-11-12 19:25:50,1.17.2,PR1,8,4.09,,9,Left,Left,49,12,11,8,,,0.21
2025-11-12 19:26:04,1.17.2,PR1,8,4.09,,9,Right,Left,49,13,11,8,,,0.05
2025-11-12 19:26:15,1.17.2,PR1,8,4.09,,9,Right,Left,49,14,11,8,,,0.23
2025-11-12 19:26:16,1.17.2,PR1,8,4.09,,9,Right,Left,49,15,11,8,,,0.0
2025-11-12 19:29:04,1.17.2,PR1,8,4.09,,9,Left,Left,50,15,11,8,,,0.09
2025-11-12 19:36:28,1.17.2,PR1,8,4.09,,9,Left,Left,51,15,11,8,,,0.13
2025-11-12 19:36:29,1.17.2,PR1,8,4.09,,9,Left,Left,52,15,11,8,,,0.31
2025-11-12 19:36:30,1.17.2,PR1,8,4.08,,9,Left,Left,53,15,11,8,,,0.15
2025-11-12 19:45:25,1.17.2,PR1,8,4.09,,9,Left,Left,54,15,11,8,,,0.17
2025-11-12 19:45:26,1.17.2,PR1,8,4.09,1.0,9,Pellet,Left,54,15,12,9,0.95,2829.0,
2025-11-12 19:45:45,1.17.2,PR1,8,4.09,,10,Left,Left,55,15,12,9,,,0.17
2025-11-12 19:45:47,1.17.2,PR1,8,4.09,,10,Left,Left,56,15,12,9,,,0.17
2025-11-12 19:45:50,1.17.2,PR1,8,4.09,,10,Right,Left,56,16,12,9,,,0.04
2025-11-12 19:45:52,1.17.2,PR1,8,4.09,,10,Right,Left,56,17,12,9,,,0.21
2025-11-12 19:46:00,1.17.2,PR1,8,4.09,,10,Left,Left,57,17,12,9,,,0.03
2025-11-12 19:46:02,1.17.2,PR1,8,4.09,,10,Left,Left,58,17,12,9,,,0.12
2025-11-12 19:47:43,1.17.2,PR1,8,4.08,,10,Left,Left,59,17,12,9,,,0.19
2025-11-12 20:10:05,1.17.2,PR1,8,4.09,,10,Left,Left,60,17,12,9,,,0.26
2025-11-12 20:10:06,1.17.2,PR1,8,4.09,,10,Left,Left,61,17,12,9,,,0.21
2025-11-12 20:10:09,1.17.2,PR1,8,4.09,,10,Left,Left,62,17,12,9,,,0.32
2025-11-12 20:10:12,1.17.2,PR1,8,4.09,,10,Left,Left,63,17,12,9,,,0.27
2025-11-12 20:10:14,1.17.2,PR1,8,4.09,,10,Left,Left,64,17,12,9,,,0.23
2025-11-12 20:10:15,1.17.2,PR1,8,4.09,1.0,10,Pellet,Left,64,17,13,10,0.47,1489.0,
2025-11-12 20:10:30,1.17.2,PR1,8,4.09,,11,Left,Left,65,17,13,10,,,0.17
2025-11-12 20:10:34,1.17.2,PR1,8,4.09,,11,Left,Left,66,17,13,10,,,0.16
2025-11-12 20:10:36,1.17.2,PR1,8,4.09,,11,Left,Left,67,17,13,10,,,0.09
2025-11-12 20:10:38,1.17.2,PR1,8,4.08,,11,Left,Left,68,17,13,10,,,0.22
2025-11-12 20:10:39,1.17.2,PR1,8,4.09,,11,Left,Left,69,17,13,10,,,0.0
2025-11-12 20:10:40,1.17.2,PR1,8,4.09,,11,Left,Left,70,17,13,10,,,0.17
2025-11-12 20:10:43,1.17.2,PR1,8,4.09,,11,Left,Left,71,17,13,10,,,0.26
2025-11-12 20:10:44,1.17.2,PR1,8,4.09,,11,Left,Left,72,17,13,10,,,0.22
2025-11-12 20:10:48,1.17.2,PR1,8,4.09,,11,Left,Left,73,17,13,10,,,0.26
2025-11-12 20:10:50,1.17.2,PR1,8,4.09,,11,Left,Left,74,17,13,10,,,0.07
2025-11-12 20:10:52,1.17.2,PR1,8,4.09,,11,Left,Left,75,17,13,10,,,0.22
2025-11-12 20:10:53,1.17.2,PR1,8,4.09,1.0,11,Pellet,Left,75,17,14,11,0.95,38.0,
2025-11-12 20:11:01,1.17.2,PR1,8,4.09,,12,Left,Left,76,17,14,11,,,0.06
2025-11-12 20:11:02,1.17.2,PR1,8,4.09,,12,Left,Left,77,17,14,11,,,0.08
2025-11-12 20:11:06,1.17.2,PR1,8,4.09,,12,Right,Left,77,18,14,11,,,0.13
2025-11-12 20:11:08,1.17.2,PR1,8,4.09,,12,Right,Left,77,19,14,11,,,0.22
2025-11-12 20:11:32,1.17.2,PR1,8,4.09,,12,Left,Left,78,19,14,11,,,0.0
2025-11-12 20:13:04,1.17.2,PR1,8,4.09,,12,Left,Left,79,19,14,11,,,0.09
2025-11-12 20:14:42,1.17.2,PR1,8,4.09,,12,Left,Left,80,19,14,11,,,0.2
2025-11-12 20:14:44,1.17.2,PR1,8,4.09,,12,Left,Left,81,19,14,11,,,0.23
2025-11-12 20:14:49,1.17.2,PR1,8,4.09,,12,Left,Left,82,19,14,11,,,0.08
2025-11-12 20:14:52,1.17.2,PR1,8,4.09,,12,Left,Left,83,19,14,11,,,0.07
2025-11-12 20:29:06,1.17.2,PR1,8,4.09,,12,Left,Left,84,19,14,11,,,0.18
2025-11-12 20:29:08,1.17.2,PR1,8,4.09,,12,Left,Left,85,19,14,11,,,0.13
2025-11-12 20:29:11,1.17.2,PR1,8,4.09,,12,Left,Left,86,19,14,11,,,0.23
2025-11-12 20:29:13,1.17.2,PR1,8,4.09,,12,Left,Left,87,19,14,11,,,0.2
2025-11-12 20:29:14,1.17.2,PR1,8,4.09,1.0,12,Pellet,Left,87,19,15,12,0.53,1101.0,
2025-11-12 20:29:42,1.17.2,PR1,8,4.09,,13,Left,Left,88,19,15,12,,,0.08
2025-11-12 20:29:43,1.17.2,PR1,8,4.09,,13,Left,Left,89,19,15,12,,,0.18
2025-11-12 20:29:44,1.17.2,PR1,8,4.09,,13,Left,Left,90,19,15,12,,,0.33
2025-11-12 20:29:45,1.17.2,PR1,8,4.09,,13,Left,Left,91,19,15,12,,,0.09
2025-11-12 20:29:47,1.17.2,PR1,8,4.09,,13,Left,Left,92,19,15,12,,,0.29
2025-11-12 20:29:52,1.17.2,PR1,8,4.09,,13,Left,Left,93,19,15,12,,,0.24
2025-11-12 20:29:53,1.17.2,PR1,8,4.09,,13,Left,Left,94,19,15,12,,,0.3
2025-11-12 20:29:55,1.17.2,PR1,8,4.09,,13,Left,Left,95,19,15,12,,,0.2
2025-11-12 20:29:56,1.17.2,PR1,8,4.09,,13,Left,Left,96,19,15,12,,,0.0
2025-11-12 20:29:57,1.17.2,PR1,8,4.09,,13,Left,Left,97,19,15,12,,,0.21
2025-11-12 20:29:58,1.17.2,PR1,8,4.09,,13,Left,Left,98,19,15,12,,,0.27
2025-11-12 20:30:01,1.17.2,PR1,8,4.09,,13,Left,Left,99,19,15,12,,,0.1
2025-11-12 20:30:02,1.17.2,PR1,8,4.09,,13,Left,Left,100,19,15,12,,,0.0
2025-11-12 20:30:03,1.17.2,PR1,8,4.09,1.0,13,Pellet,Left,100,19,16,13,0.77,49.0,
2025-11-12 20:30:10,1.17.2,PR1,8,4.09,,14,Left,Left,101,19,16,13,,,0.0
2025-11-12 20:30:11,1.17.2,PR1,8,4.09,,14,Left,Left,102,19,16,13,,,0.0
2025-11-12 20:30:12,1.17.2,PR1,8,4.07,,14,Left,Left,103,19,16,13,,,0.02
2025-11-12 20:30:14,1.17.2,PR1,8,4.09,,14,Left,Left,104,19,16,13,,,0.28
2025-11-12 20:30:15,1.17.2,PR1,8,4.09,,14,Left,Left,105,19,16,13,,,0.26
2025-11-12 20:30:15,1.17.2,PR1,8,4.09,,14,Left,Left,106,19,16,13,,,0.0
2025-11-12 20:30:17,1.17.2,PR1,8,4.09,,14,Left,Left,107,19,16,13,,,0.34
2025-11-12 20:30:18,1.17.2,PR1,8,4.09,,14,Left,Left,108,19,16,13,,,0.13
2025-11-12 20:30:20,1.17.2,PR1,8,4.09,,14,Left,Left,109,19,16,13,,,0.25
2025-11-12 20:30:24,1.17.2,PR1,8,4.09,,14,Left,Left,110,19,16,13,,,0.22
2025-11-12 20:30:37,1.17.2,PR1,8,4.09,,14,Right,Left,110,20,16,13,,,0.36
2025-11-12 20:30:38,1.17.2,PR1,8,4.09,,14,Right,Left,110,21,16,13,,,0.54
2025-11-12 20:30:41,1.17.2,PR1,8,4.09,,14,Right,Left,110,22,16,13,,,0.76
2025-11-12 20:30:43,1.17.2,PR1,8,4.09,,14,Right,Left,110,23,16,13,,,0.07
2025-11-12 20:30:47,1.17.2,PR1,8,4.09,,14,Right,Left,110,24,16,13,,,0.52
2025-11-12 20:30:49,1.17.2,PR1,8,4.09,,14,Right,Left,110,25,16,13,,,0.73
2025-11-12 20:30:51,1.17.2,PR1,8,4.08,,14,Right,Left,110,26,16,13,,,0.51
2025-11-12 20:30:54,1.17.2,PR1,8,4.09,,14,Right,Left,110,27,16,13,,,0.52
2025-11-12 20:30:56,1.17.2,PR1,8,4.09,,14,Left,Left,111,27,16,13,,,0.02
2025-11-12 20:30:58,1.17.2,PR1,8,4.09,,14,Left,Left,112,27,16,13,,,0.45
2025-11-12 20:31:43,1.17.2,PR1,8,4.09,,14,Left,Left,113,27,16,13,,,0.19
2025-11-12 20:51:39,1.17.2,PR1,8,4.09,,14,Left,Left,114,27,16,13,,,0.09
2025-11-12 20:51:42,1.17.2,PR1,8,4.09,,14,LeftWithPellet,Left,115,27,16,14,,,0.04
2025-11-12 20:51:44,1.17.2,PR1,8,4.09,2.0,14,Pellet,Left,115,27,17,14,1.72,1300.0,
2025-11-12 20:51:50,1.17.2,PR1,8,4.09,,15,Left,Left,116,27,17,14,,,0.09
2025-11-12 20:51:52,1.17.2,PR1,8,4.09,,15,Left,Left,117,27,17,14,,,0.24
2025-11-12 20:51:54,1.17.2,PR1,8,4.08,,15,Left,Left,118,27,17,14,,,0.16
2025-11-12 20:51:55,1.17.2,PR1,8,4.08,,15,Left,Left,119,27,17,14,,,0.09
2025-11-12 20:51:57,1.17.2,PR1,8,4.09,,15,Left,Left,120,27,17,14,,,0.22
2025-11-12 20:51:59,1.17.2,PR1,8,4.09,,15,Left,Left,121,27,17,14,,,0.34
2025-11-12 20:52:00,1.17.2,PR1,8,4.09,,15,Left,Left,122,27,17,14,,,0.17
2025-11-12 20:52:03,1.17.2,PR1,8,4.09,,15,Left,Left,123,27,17,14,,,0.27
2025-11-12 20:52:04,1.17.2,PR1,8,4.09,,15,Left,Left,124,27,17,14,,,0.08
2025-11-12 20:52:05,1.17.2,PR1,8,4.09,,15,Left,Left,125,27,17,14,,,0.27
2025-11-12 20:52:06,1.17.2,PR1,8,4.09,,15,Left,Left,126,27,17,14,,,0.24
2025-11-12 20:52:07,1.17.2,PR1,8,4.09,,15,Left,Left,127,27,17,14,,,0.2
2025-11-12 20:52:12,1.17.2,PR1,8,4.09,,15,Right,Left,127,28,17,14,,,0.16
2025-11-12 20:52:13,1.17.2,PR1,8,4.09,,15,Right,Left,127,29,17,14,,,0.32
2025-11-12 20:52:15,1.17.2,PR1,8,4.09,,15,Left,Left,128,29,17,14,,,0.1
2025-11-12 20:52:16,1.17.2,PR1,8,4.09,,15,Left,Left,129,29,17,14,,,0.23
2025-11-12 20:52:18,1.17.2,PR1,8,4.09,,15,Left,Left,130,29,17,14,,,0.19
2025-11-12 20:52:20,1.17.2,PR1,8,4.09,1.0,15,Pellet,Left,130,29,18,15,1.13,37.0,
2025-11-12 20:52:26,1.17.2,PR1,8,4.09,,16,Left,Left,131,29,18,15,,,0.04
2025-11-12 20:52:28,1.17.2,PR1,8,4.09,,16,Left,Left,132,29,18,15,,,0.14
2025-11-12 20:52:29,1.17.2,PR1,8,4.09,,16,Left,Left,133,29,18,15,,,0.0
2025-11-12 20:52:30,1.17.2,PR1,8,4.09,,16,Left,Left,134,29,18,15,,,0.23
2025-11-12 20:52:34,1.17.2,PR1,8,4.09,,16,Left,Left,135,29,18,15,,,0.15
2025-11-12 20:52:35,1.17.2,PR1,8,4.08,,16,Left,Left,136,29,18,15,,,0.36
2025-11-12 20:52:36,1.17.2,PR1,8,4.09,,16,Left,Left,137,29,18,15,,,0.17
2025-11-12 20:52:37,1.17.2,PR1,8,4.09,,16,Left,Left,138,29,18,15,,,0.25
2025-11-12 20:52:39,1.17.2,PR1,8,4.09,,16,Left,Left,139,29,18,15,,,0.16
2025-11-12 20:52:43,1.17.2,PR1,8,4.08,,16,Left,Left,140,29,18,15,,,0.13
2025-11-12 20:52:50,1.17.2,PR1,8,4.09,,16,Left,Left,141,29,18,15,,,0.22
2025-11-12 20:52:55,1.17.2,PR1,8,4.09,,16,Right,Left,141,30,18,15,,,0.28
2025-11-12 20:57:13,1.17.2,PR1,8,4.08,,16,Left,Left,142,30,18,15,,,0.04
2025-11-12 21:29:23,1.17.2,PR1,8,4.09,,1,Left,Left,143,30,18,0,,,0.11
2025-11-12 21:29:25,1.17.2,PR1,8,4.09,2.0,1,Pellet,Left,143,30,19,1,0.53,2225.0,
2025-11-12 21:29:38,1.17.2,PR1,8,4.09,,2,Left,Left,144,30,19,1,,,0.13
2025-11-12 21:29:40,1.17.2,PR1,8,4.09,,2,Left,Left,145,30,19,1,,,0.13
2025-11-12 21:29:41,1.17.2,PR1,8,4.09,1.0,2,Pellet,Left,145,30,20,2,0.47,16.0,
2025-11-12 21:29:51,1.17.2,PR1,8,4.09,,3,Left,Left,146,30,20,2,,,0.14
2025-11-12 21:29:52,1.17.2,PR1,8,4.09,,3,Left,Left,147,30,20,2,,,0.06
2025-11-12 21:29:53,1.17.2,PR1,8,4.09,,3,Left,Left,148,30,20,2,,,0.0
2025-11-12 21:29:54,1.17.2,PR1,8,4.09,1.0,3,Pellet,Left,148,30,21,3,0.71,13.0,
2025-11-12 21:30:38,1.17.2,PR1,8,4.09,,4,Left,Left,149,30,21,3,,,0.2
2025-11-12 21:30:39,1.17.2,PR1,8,4.09,,4,Left,Left,150,30,21,3,,,0.17
2025-11-12 21:30:40,1.17.2,PR1,8,4.08,,4,Left,Left,151,30,21,3,,,0.15
2025-11-12 21:30:42,1.17.2,PR1,8,4.09,,4,Left,Left,152,30,21,3,,,0.18
2025-11-12 21:30:43,1.17.2,PR1,8,4.09,1.0,4,Pellet,Left,152,30,22,4,0.53,49.0,
2025-11-12 21:31:10,1.17.2,PR1,8,4.09,,5,Left,Left,153,30,22,4,,,0.14
2025-11-12 21:32:10,1.17.2,PR1,8,4.09,,5,Left,Left,154,30,22,4,,,0.21
2025-11-12 21:32:12,1.17.2,PR1,8,4.09,,5,Left,Left,155,30,22,4,,,0.21
2025-11-12 21:32:13,1.17.2,PR1,8,4.09,,5,Left,Left,156,30,22,4,,,0.22
2025-11-12 21:32:16,1.17.2,PR1,8,4.09,,5,Left,Left,157,30,22,4,,,0.14
2025-11-12 21:32:18,1.17.2,PR1,8,4.09,1.0,5,Pellet,Left,157,30,23,5,1.49,95.0,
2025-11-12 21:32:35,1.17.2,PR1,8,4.09,,6,Left,Left,158,30,23,5,,,0.02
2025-11-12 22:01:15,1.17.2,PR1,8,4.08,,6,Left,Left,159,30,23,5,,,0.32
2025-11-12 22:01:16,1.17.2,PR1,8,4.08,,6,Left,Left,160,30,23,5,,,0.21
2025-11-12 22:01:19,1.17.2,PR1,8,4.09,,6,Left,Left,161,30,23,5,,,0.2
2025-11-12 22:01:20,1.17.2,PR1,8,4.09,,6,Left,Left,162,30,23,5,,,0.22
2025-11-12 22:01:27,1.17.2,PR1,8,4.09,,6,Right,Left,162,31,23,5,,,0.07
2025-11-12 22:01:29,1.17.2,PR1,8,4.09,,6,Left,Left,163,31,23,5,,,0.08
2025-11-12 22:01:32,1.17.2,PR1,8,4.09,1.0,6,Pellet,Left,163,31,24,6,1.61,1754.0,
2025-11-12 22:01:45,1.17.2,PR1,8,4.09,,7,Left,Left,164,31,24,6,,,0.0
2025-11-12 22:01:46,1.17.2,PR1,8,4.09,,7,Left,Left,165,31,24,6,,,0.2
2025-11-12 22:01:49,1.17.2,PR1,8,4.08,,7,Left,Left,166,31,24,6,,,0.16
2025-11-12 22:01:52,1.17.2,PR1,8,4.09,,7,Left,Left,167,31,24,6,,,0.1
2025-11-12 22:17:18,1.17.2,PR1,8,4.09,,7,Left,Left,168,31,24,6,,,0.18
2025-11-12 22:17:42,1.17.2,PR1,8,4.09,,7,Left,Left,169,31,24,6,,,0.04
2025-11-12 22:18:29,1.17.2,PR1,8,4.09,,7,Left,Left,170,31,24,6,,,0.05
2025-11-12 22:18:30,1.17.2,PR1,8,4.09,1.0,7,Pellet,Left,170,31,25,7,0.83,1018.0,
2025-11-12 22:18:54,1.17.2,PR1,8,4.09,,8,Left,Left,171,31,25,7,,,0.11
2025-11-12 22:18:55,1.17.2,PR1,8,4.09,,8,Left,Left,172,31,25,7,,,0.11
2025-11-12 22:19:49,1.17.2,PR1,8,4.09,,8,Right,Left,172,32,25,7,,,0.13
2025-11-12 22:19:51,1.17.2,PR1,8,4.09,,8,Right,Left,172,33,25,7,,,0.03
2025-11-12 22:23:51,1.17.2,PR1,8,4.08,,8,Left,Left,173,33,25,7,,,0.13
2025-11-12 22:23:53,1.17.2,PR1,8,4.09,,8,Left,Left,174,33,25,7,,,0.1
2025-11-12 22:23:54,1.17.2,PR1,8,4.09,,8,Left,Left,175,33,25,7,,,0.12
2025-11-12 22:35:17,1.17.2,PR1,8,4.09,,8,Left,Left,176,33,25,7,,,0.1
2025-11-12 22:35:19,1.17.2,PR1,8,4.09,,8,Left,Left,177,33,25,7,,,0.11
2025-11-12 22:44:33,1.17.2,PR1,8,4.09,,8,Right,Left,177,34,25,7,,,0.06
2025-11-12 22:44:42,1.17.2,PR1,8,4.09,,8,Right,Left,177,35,25,7,,,0.07
2025-11-12 22:46:46,1.17.2,PR1,8,4.09,,8,Right,Left,177,36,25,7,,,0.19
2025-11-12 22:59:14,1.17.2,PR1,8,4.09,,8,Right,Left,177,37,25,7,,,0.03
2025-11-12 23:22:48,1.17.2,PR1,8,4.08,,1,Left,Left,178,37,25,0,,,0.07
2025-11-12 23:22:50,1.17.2,PR1,8,4.08,1.0,1,Pellet,Left,178,37,26,1,0.47,3860.0,
2025-11-12 23:23:00,1.17.2,PR1,8,4.09,,2,Left,Left,179,37,26,1,,,0.04
2025-11-12 23:23:02,1.17.2,PR1,8,4.09,,2,Left,Left,180,37,26,1,,,0.12
2025-11-12 23:23:04,1.17.2,PR1,8,4.09,1.0,2,Pellet,Left,180,37,27,2,1.07,14.0,
2025-11-12 23:24:13,1.17.2,PR1,8,4.09,,3,Left,Left,181,37,27,2,,,0.42
2025-11-12 23:24:14,1.17.2,PR1,8,4.08,,3,Left,Left,182,37,27,2,,,0.18
2025-11-12 23:24:22,1.17.2,PR1,8,4.09,,3,Left,Left,183,37,27,2,,,0.12
2025-11-12 23:24:23,1.17.2,PR1,8,4.09,1.0,3,Pellet,Left,183,37,28,3,0.35,79.0,
2025-11-12 23:24:29,1.17.2,PR1,8,4.09,,4,Left,Left,184,37,28,3,,,0.1
2025-11-12 23:24:31,1.17.2,PR1,8,4.08,,4,Left,Left,185,37,28,3,,,0.13
2025-11-12 23:25:14,1.17.2,PR1,8,4.09,,4,Left,Left,186,37,28,3,,,0.08
2025-11-12 23:31:39,1.17.2,PR1,8,4.08,,4,Left,Left,187,37,28,3,,,0.18
2025-11-12 23:31:41,1.17.2,PR1,8,4.08,1.0,4,Pellet,Left,187,37,29,4,0.59,438.0,
2025-11-12 23:31:51,1.17.2,PR1,8,4.09,,5,Left,Left,188,37,29,4,,,0.01
2025-11-12 23:31:52,1.17.2,PR1,8,4.08,,5,Left,Left,189,37,29,4,,,0.08
2025-11-12 23:34:14,1.17.2,PR1,8,4.09,,5,Right,Left,189,38,29,4,,,0.07
2025-11-12 23:34:22,1.17.2,PR1,8,4.09,,5,Right,Left,189,39,29,4,,,0.37
2025-11-12 23:34:24,1.17.2,PR1,8,4.08,,5,Right,Left,189,40,29,4,,,0.15
2025-11-12 23:34:26,1.17.2,PR1,8,4.08,,5,Right,Left,189,41,29,4,,,0.14
2025-11-12 23:34:27,1.17.2,PR1,8,4.08,,5,Right,Left,189,42,29,4,,,0.16
2025-11-12 23:39:14,1.17.2,PR1,8,4.09,,5,Left,Left,190,42,29,4,,,0.22
2025-11-12 23:39:18,1.17.2,PR1,8,4.09,,5,Left,Left,191,42,29,4,,,0.07
2025-11-12 23:42:51,1.17.2,PR1,8,4.09,,5,Right,Left,191,43,29,4,,,0.21
2025-11-12 23:44:34,1.17.2,PR1,8,4.09,,5,Left,Left,192,43,29,4,,,0.0
2025-11-12 23:45:09,1.17.2,PR1,8,4.09,1.0,5,Pellet,Left,192,43,30,5,33.97,808.0,
2025-11-12 23:46:38,1.17.2,PR1,8,4.09,,6,Right,Left,192,44,30,5,,,0.02
2025-11-13 00:02:39,1.17.2,PR1,8,4.09,,6,Left,Left,193,44,30,5,,,0.1
2025-11-13 00:02:40,1.17.2,PR1,8,4.09,,6,Left,Left,194,44,30,5,,,0.14
2025-11-13 00:02:44,1.17.2,PR1,8,4.08,,6,Left,Left,195,44,30,5,,,0.08
2025-11-13 00:06:07,1.17.2,PR1,8,4.09,,6,Right,Left,195,45,30,5,,,0.07
2025-11-13 00:06:08,1.17.2,PR1,8,4.08,,6,Right,Left,195,46,30,5,,,0.18
2025-11-13 00:06:09,1.17.2,PR1,8,4.09,,6,Right,Left,195,47,30,5,,,0.14
2025-11-13 00:06:53,1.17.2,PR1,8,4.09,,6,Left,Left,196,47,30,5,,,0.09
2025-11-13 00:06:54,1.17.2,PR1,8,4.08,,6,Left,Left,197,47,30,5,,,0.25
2025-11-13 00:06:55,1.17.2,PR1,8,4.09,,6,Left,Left,198,47,30,5,,,0.23
2025-11-13 00:06:56,1.17.2,PR1,8,4.09,1.0,6,Pellet,Left,198,47,31,6,0.35,1307.0,
2025-11-13 00:08:42,1.17.2,PR1,8,4.09,,7,Left,Left,199,47,31,6,,,0.12
2025-11-13 00:17:11,1.17.2,PR1,8,4.08,,7,Right,Left,199,48,31,6,,,0.03
2025-11-13 00:17:15,1.17.2,PR1,8,4.09,,7,Right,Left,199,49,31,6,,,0.0
2025-11-13 01:03:48,1.17.2,PR1,8,4.09,,1,Left,Left,200,49,31,0,,,0.25
2025-11-13 01:03:49,1.17.2,PR1,8,4.08,1.0,1,Pellet,Left,200,49,32,1,0.71,3413.0,
2025-11-13 01:03:56,1.17.2,PR1,8,4.08,,2,Left,Left,201,49,32,1,,,0.08
2025-11-13 01:03:57,1.17.2,PR1,8,4.08,,2,Left,Left,202,49,32,1,,,0.2
2025-11-13 01:03:59,1.17.2,PR1,8,4.08,1.0,2,Pellet,Left,202,49,33,2,1.43,10.0,
2025-11-13 01:04:07,1.17.2,PR1,8,4.09,,3,Left,Left,203,49,33,2,,,0.11
2025-11-13 01:04:09,1.17.2,PR1,8,4.08,,3,Left,Left,204,49,33,2,,,0.39
2025-11-13 01:04:10,1.17.2,PR1,8,4.08,,3,Left,Left,205,49,33,2,,,0.0
2025-11-13 01:04:10,1.17.2,PR1,8,4.08,,3,LeftDuringDispense,Left,206,49,33,3,,,0.03
2025-11-13 01:04:14,1.17.2,PR1,8,4.08,2.0,3,Pellet,Left,206,49,34,3,0.53,15.0,
2025-11-13 01:04:20,1.17.2,PR1,8,4.08,,4,Left,Left,207,49,34,3,,,0.12
2025-11-13 01:04:21,1.17.2,PR1,8,4.08,,4,Left,Left,208,49,34,3,,,0.18
2025-11-13 01:04:22,1.17.2,PR1,8,4.08,,4,Left,Left,209,49,34,3,,,0.15
2025-11-13 01:04:23,1.17.2,PR1,8,4.08,,4,Left,Left,210,49,34,3,,,0.33
2025-11-13 01:04:25,1.17.2,PR1,8,4.08,1.0,4,Pellet,Left,210,49,35,4,1.25,11.0,
2025-11-13 01:04:38,1.17.2,PR1,8,4.09,,5,Left,Left,211,49,35,4,,,0.09
2025-11-13 01:04:39,1.17.2,PR1,8,4.08,,5,Left,Left,212,49,35,4,,,0.09
2025-11-13 01:04:41,1.17.2,PR1,8,4.08,,5,Left,Left,213,49,35,4,,,0.18
2025-11-13 01:04:41,1.17.2,PR1,8,4.08,,5,Left,Left,214,49,35,4,,,0.1
2025-11-13 01:04:45,1.17.2,PR1,8,4.07,,5,Left,Left,215,49,35,4,,,0.09
2025-11-13 01:04:47,1.17.2,PR1,8,4.08,1.0,5,Pellet,Left,215,49,36,5,0.47,21.0,
2025-11-13 01:04:56,1.17.2,PR1,8,4.08,,6,Left,Left,216,49,36,5,,,0.11
2025-11-13 01:04:57,1.17.2,PR1,8,4.09,,6,Left,Left,217,49,36,5,,,0.12
2025-11-13 01:04:58,1.17.2,PR1,8,4.08,,6,Left,Left,218,49,36,5,,,0.23
2025-11-13 01:05:00,1.17.2,PR1,8,4.08,,6,Left,Left,219,49,36,5,,,0.2
2025-11-13 01:05:03,1.17.2,PR1,8,4.08,,6,Left,Left,220,49,36,5,,,0.2
2025-11-13 01:05:07,1.17.2,PR1,8,4.09,,6,Left,Left,221,49,36,5,,,0.22
2025-11-13 01:05:09,1.17.2,PR1,8,4.08,1.0,6,Pellet,Left,221,49,37,6,0.77,23.0,
2025-11-13 01:05:32,1.17.2,PR1,8,4.08,,7,Left,Left,222,49,37,6,,,0.15
2025-11-13 01:05:34,1.17.2,PR1,8,4.08,,7,Left,Left,223,49,37,6,,,0.16
2025-11-13 01:05:36,1.17.2,PR1,8,4.09,,7,Left,Left,224,49,37,6,,,0.11
2025-11-13 01:05:37,1.17.2,PR1,8,4.08,,7,Left,Left,225,49,37,6,,,0.17
2025-11-13 01:05:40,1.17.2,PR1,8,4.09,,7,Left,Left,226,49,37,6,,,0.17
2025-11-13 01:05:42,1.17.2,PR1,8,4.09,,7,Left,Left,227,49,37,6,,,0.17
2025-11-13 01:05:45,1.17.2,PR1,8,4.08,,7,Left,Left,228,49,37,6,,,0.03
2025-11-13 01:05:46,1.17.2,PR1,8,4.08,1.0,7,Pellet,Left,228,49,38,7,0.59,37.0,
2025-11-13 01:24:15,1.17.2,PR1,8,4.08,,8,Left,Left,229,49,38,7,,,0.11
2025-11-13 01:24:16,1.17.2,PR1,8,4.09,,8,Left,Left,230,49,38,7,,,0.23
2025-11-13 01:24:20,1.17.2,PR1,8,4.08,,8,Left,Left,231,49,38,7,,,0.56
2025-11-13 01:24:21,1.17.2,PR1,8,4.08,,8,Left,Left,232,49,38,7,,,0.21
2025-11-13 01:24:23,1.17.2,PR1,8,4.08,,8,Left,Left,233,49,38,7,,,0.12
2025-11-13 01:31:20,1.17.2,PR1,8,4.08,,8,Left,Left,234,49,38,7,,,0.5
2025-11-13 01:31:22,1.17.2,PR1,8,4.08,,8,Left,Left,235,49,38,7,,,0.19
2025-11-13 01:31:24,1.17.2,PR1,8,4.08,,8,Left,Left,236,49,38,7,,,0.17
2025-11-13 01:31:25,1.17.2,PR1,8,4.09,1.0,8,Pellet,Left,236,49,39,8,0.41,1539.0,
2025-11-13 01:31:39,1.17.2,PR1,8,4.08,,9,Left,Left,237,49,39,8,,,0.04
2025-11-13 01:31:42,1.17.2,PR1,8,4.08,,9,Left,Left,238,49,39,8,,,0.04
2025-11-13 01:31:45,1.17.2,PR1,8,4.09,,9,Left,Left,239,49,39,8,,,0.12
2025-11-13 01:31:46,1.17.2,PR1,8,4.08,,9,Left,Left,240,49,39,8,,,0.25
2025-11-13 01:31:47,1.17.2,PR1,8,4.09,,9,Left,Left,241,49,39,8,,,0.2
2025-11-13 01:31:51,1.17.2,PR1,8,4.09,,9,Left,Left,242,49,39,8,,,0.17
2025-11-13 01:31:54,1.17.2,PR1,8,4.09,,9,Left,Left,243,49,39,8,,,0.03
2025-11-13 01:31:57,1.17.2,PR1,8,4.09,,9,Left,Left,244,49,39,8,,,0.11
2025-11-13 01:40:59,1.17.2,PR1,8,4.08,,9,Left,Left,245,49,39,8,,,0.06
2025-11-13 01:41:01,1.17.2,PR1,8,4.08,1.0,9,Pellet,Left,245,49,40,9,0.71,576.0,
2025-11-13 01:41:15,1.17.2,PR1,8,4.08,,10,Left,Left,246,49,40,9,,,0.05
2025-11-13 01:41:16,1.17.2,PR1,8,4.08,,10,Left,Left,247,49,40,9,,,0.07
2025-11-13 01:41:17,1.17.2,PR1,8,4.09,,10,Left,Left,248,49,40,9,,,0.06
2025-11-13 01:41:20,1.17.2,PR1,8,4.08,,10,Left,Left,249,49,40,9,,,0.1
2025-11-13 01:41:21,1.17.2,PR1,8,4.09,,10,Left,Left,250,49,40,9,,,0.16
2025-11-13 01:41:26,1.17.2,PR1,8,4.08,,10,Left,Left,251,49,40,9,,,0.11
2025-11-13 01:54:56,1.17.2,PR1,8,4.09,,10,Right,Left,251,50,40,9,,,0.05
2025-11-13 01:54:57,1.17.2,PR1,8,4.09,,10,Right,Left,251,51,40,9,,,0.24
2025-11-13 02:04:01,1.17.2,PR1,8,4.09,,10,Right,Left,251,52,40,9,,,0.11
2025-11-13 02:04:05,1.17.2,PR1,8,4.08,,10,Left,Left,252,52,40,9,,,0.09
2025-11-13 02:04:07,1.17.2,PR1,8,4.08,,10,Left,Left,253,52,40,9,,,0.11
2025-11-13 02:04:08,1.17.2,PR1,8,4.09,,10,Left,Left,254,52,40,9,,,0.14
2025-11-13 02:08:01,1.17.2,PR1,8,4.08,,10,Left,Left,255,52,40,9,,,0.08
2025-11-13 02:08:03,1.17.2,PR1,8,4.08,1.0,10,Pellet,Left,255,52,41,10,0.59,1622.0,
2025-11-13 02:16:38,1.17.2,PR1,8,4.08,,11,Left,Left,256,52,41,10,,,0.0
2025-11-13 02:16:39,1.17.2,PR1,8,4.08,,11,Right,Left,256,53,41,10,,,0.0
2025-11-13 02:30:39,1.17.2,PR1,8,4.08,,11,Left,Left,257,53,41,10,,,0.0
2025-11-13 02:58:13,1.17.2,PR1,8,4.08,,11,Left,Left,258,53,41,10,,,0.05
2025-11-13 03:19:33,1.17.2,PR1,8,4.08,,11,Left,Left,259,53,41,10,,,0.28
2025-11-13 03:19:35,1.17.2,PR1,8,4.08,,11,Left,Left,260,53,41,10,,,0.23
2025-11-13 03:19:38,1.17.2,PR1,8,4.08,,11,Left,Left,261,53,41,10,,,0.07
2025-11-13 03:19:40,1.17.2,PR1,8,4.09,,11,Left,Left,262,53,41,10,,,0.2
2025-11-13 03:19:43,1.17.2,PR1,8,4.08,,11,Left,Left,263,53,41,10,,,0.12
2025-11-13 03:38:03,1.17.2,PR1,8,4.08,,11,Left,Left,264,53,41,10,,,0.09
2025-11-13 03:38:04,1.17.2,PR1,8,4.09,,11,Left,Left,265,53,41,10,,,0.08
2025-11-13 03:38:08,1.17.2,PR1,8,4.08,,11,Left,Left,266,53,41,10,,,0.11
2025-11-13 03:38:12,1.17.2,PR1,8,4.08,2.0,11,Pellet,Left,266,53,42,11,0.77,5409.0,
2025-11-13 03:38:19,1.17.2,PR1,8,4.08,,12,Left,Left,267,53,42,11,,,0.01
2025-11-13 03:48:42,1.17.2,PR1,8,4.08,,12,Left,Left,268,53,42,11,,,0.02
2025-11-13 03:48:43,1.17.2,PR1,8,4.08,,12,Left,Left,269,53,42,11,,,0.38
2025-11-13 03:48:50,1.17.2,PR1,8,4.08,,12,Left,Left,270,53,42,11,,,0.16
2025-11-13 03:58:33,1.17.2,PR1,8,4.08,,12,Left,Left,271,53,42,11,,,0.2
2025-11-13 03:58:36,1.17.2,PR1,8,4.08,,12,Left,Left,272,53,42,11,,,0.13
2025-11-13 03:58:38,1.17.2,PR1,8,4.08,,12,Left,Left,273,53,42,11,,,0.02
2025-11-13 03:58:40,1.17.2,PR1,8,4.08,,12,Left,Left,274,53,42,11,,,0.13
2025-11-13 03:58:43,1.17.2,PR1,8,4.08,,12,Left,Left,275,53,42,11,,,0.14
2025-11-13 04:05:24,1.17.2,PR1,8,4.08,,12,Left,Left,276,53,42,11,,,0.16
2025-11-13 04:05:27,1.17.2,PR1,8,4.08,,12,Left,Left,277,53,42,11,,,0.04
2025-11-13 04:07:10,1.17.2,PR1,8,4.07,,12,Left,Left,278,53,42,11,,,0.2
2025-11-13 04:07:12,1.17.2,PR1,8,4.08,2.0,12,Pellet,Left,278,53,43,12,0.59,1740.0,
2025-11-13 04:08:17,1.17.2,PR1,8,4.08,,13,Right,Left,278,54,43,12,,,0.03
2025-11-13 04:12:20,1.17.2,PR1,8,4.08,,13,Left,Left,279,54,43,12,,,0.16
2025-11-13 04:19:21,1.17.2,PR1,8,4.08,,13,Left,Left,280,54,43,12,,,0.0
2025-11-13 04:19:25,1.17.2,PR1,8,4.09,,13,Left,Left,281,54,43,12,,,0.21
2025-11-13 04:19:32,1.17.2,PR1,8,4.08,,13,Left,Left,282,54,43,12,,,0.16
2025-11-13 04:19:34,1.17.2,PR1,8,4.08,,13,Left,Left,283,54,43,12,,,0.07
2025-11-13 04:33:09,1.17.2,PR1,8,4.08,,13,Left,Left,284,54,43,12,,,0.24
2025-11-13 04:33:11,1.17.2,PR1,8,4.09,,13,Left,Left,285,54,43,12,,,0.16
2025-11-13 04:40:47,1.17.2,PR1,8,4.07,,13,Right,Left,285,55,43,12,,,0.02
2025-11-13 04:45:43,1.17.2,PR1,8,4.08,,13,Left,Left,286,55,43,12,,,0.11
2025-11-13 04:52:12,1.17.2,PR1,8,4.09,,13,Right,Left,286,56,43,12,,,0.01
2025-11-13 04:56:56,1.17.2,PR1,8,4.08,,13,Right,Left,286,57,43,12,,,0.02
2025-11-13 05:00:50,1.17.2,PR1,8,4.08,,13,Right,Left,286,58,43,12,,,0.15
2025-11-13 05:00:52,1.17.2,PR1,8,4.08,,13,Right,Left,286,59,43,12,,,0.25
2025-11-13 05:00:53,1.17.2,PR1,8,4.08,,13,Right,Left,286,60,43,12,,,0.24
2025-11-13 05:00:57,1.17.2,PR1,8,4.09,,13,Left,Left,287,60,43,12,,,0.07
2025-11-13 05:01:09,1.17.2,PR1,8,4.08,,13,Left,Left,288,60,43,12,,,0.07
2025-11-13 05:02:39,1.17.2,PR1,8,4.07,,13,Left,Left,289,60,43,12,,,0.1
2025-11-13 05:02:41,1.17.2,PR1,8,4.08,,13,Left,Left,290,60,43,12,,,0.11
2025-11-13 05:05:27,1.17.2,PR1,8,4.08,,13,Right,Left,290,61,43,12,,,0.08
2025-11-13 05:08:54,1.17.2,PR1,8,4.08,,13,Right,Left,290,62,43,12,,,0.14
2025-11-13 05:08:56,1.17.2,PR1,8,4.07,,13,Left,Left,291,62,43,12,,,0.02
2025-11-13 05:08:58,1.17.2,PR1,8,4.08,1.0,13,Pellet,Left,291,62,44,13,0.47,3705.0,
2025-11-13 05:09:11,1.17.2,PR1,8,4.07,,14,Left,Left,292,62,44,13,,,0.04
2025-11-13 05:09:13,1.17.2,PR1,8,4.08,,14,Left,Left,293,62,44,13,,,0.13
2025-11-13 05:09:54,1.17.2,PR1,8,4.08,,14,Left,Left,294,62,44,13,,,0.14
2025-11-13 05:12:42,1.17.2,PR1,8,4.08,,14,Left,Left,295,62,44,13,,,0.12
2025-11-13 05:12:43,1.17.2,PR1,8,4.08,,14,Left,Left,296,62,44,13,,,0.03
2025-11-13 05:12:45,1.17.2,PR1,8,4.07,,14,Left,Left,297,62,44,13,,,0.45
2025-11-13 05:12:46,1.17.2,PR1,8,4.08,,14,Left,Left,298,62,44,13,,,0.13
2025-11-13 05:21:53,1.17.2,PR1,8,4.09,,14,Left,Left,299,62,44,13,,,0.1
2025-11-13 05:29:59,1.17.2,PR1,8,4.08,,14,Right,Left,299,63,44,13,,,0.22
2025-11-13 05:30:00,1.17.2,PR1,8,4.08,,14,Right,Left,299,64,44,13,,,0.07
2025-11-13 05:33:28,1.17.2,PR1,8,4.08,,14,Left,Left,300,64,44,13,,,0.15
2025-11-13 05:37:10,1.17.2,PR1,8,4.08,,14,Left,Left,301,64,44,13,,,0.04
2025-11-13 05:38:18,1.17.2,PR1,8,4.08,,14,Left,Left,302,64,44,13,,,0.12
2025-11-13 05:44:31,1.17.2,PR1,8,4.08,,14,Left,Left,303,64,44,13,,,0.17
2025-11-13 05:44:32,1.17.2,PR1,8,4.08,,14,Left,Left,304,64,44,13,,,0.17
2025-11-13 05:46:20,1.17.2,PR1,8,4.08,,14,Left,Left,305,64,44,13,,,0.09
2025-11-13 05:46:21,1.17.2,PR1,8,4.07,1.0,14,Pellet,Left,305,64,45,14,0.65,2244.0,
2025-11-13 05:46:31,1.17.2,PR1,8,4.07,,15,Left,Left,306,64,45,14,,,0.06
2025-11-13 05:46:33,1.17.2,PR1,8,4.07,,15,Left,Left,307,64,45,14,,,0.12
2025-11-13 05:46:34,1.17.2,PR1,8,4.08,,15,Left,Left,308,64,45,14,,,0.17
2025-11-13 05:46:35,1.17.2,PR1,8,4.07,,15,Left,Left,309,64,45,14,,,0.1
2025-11-13 05:46:37,1.17.2,PR1,8,4.08,,15,Left,Left,310,64,45,14,,,0.11
2025-11-13 05:55:12,1.17.2,PR1,8,4.07,,15,Left,Left,311,64,45,14,,,0.14
2025-11-13 05:55:14,1.17.2,PR1,8,4.08,,15,Left,Left,312,64,45,14,,,0.13
2025-11-13 05:55:15,1.17.2,PR1,8,4.08,,15,Left,Left,313,64,45,14,,,0.22
2025-11-13 06:04:46,1.17.2,PR1,8,4.08,,15,Left,Left,314,64,45,14,,,0.11
2025-11-13 06:04:52,1.17.2,PR1,8,4.08,,15,Left,Left,315,64,45,14,,,0.0
2025-11-13 06:04:53,1.17.2,PR1,8,4.08,,15,Left,Left,316,64,45,14,,,0.15
2025-11-13 06:04:57,1.17.2,PR1,8,4.08,,15,Left,Left,317,64,45,14,,,0.09
2025-11-13 06:04:59,1.17.2,PR1,8,4.08,,15,Left,Left,318,64,45,14,,,0.16
2025-11-13 06:05:01,1.17.2,PR1,8,4.07,,15,Left,Left,319,64,45,14,,,0.11
2025-11-13 06:05:05,1.17.2,PR1,8,4.08,,15,Right,Left,319,65,45,14,,,0.08
2025-11-13 06:15:29,1.17.2,PR1,8,4.08,,15,Right,Left,319,66,45,14,,,0.0
2025-11-13 06:18:34,1.17.2,PR1,8,4.07,,15,Left,Left,320,66,45,14,,,0.05
2025-11-13 06:18:35,1.17.2,PR1,8,4.08,1.0,15,Pellet,Left,320,66,46,15,0.71,1934.0,
2025-11-13 06:18:44,1.17.2,PR1,8,4.07,,16,Left,Left,321,66,46,15,,,0.06
2025-11-13 06:18:47,1.17.2,PR1,8,4.07,,16,Left,Left,322,66,46,15,,,0.17
2025-11-13 06:18:55,1.17.2,PR1,8,4.08,,16,Left,Left,323,66,46,15,,,0.12
2025-11-13 06:46:26,1.17.2,PR1,8,4.08,,16,Right,Left,323,67,46,15,,,0.16
2025-11-13 06:46:28,1.17.2,PR1,8,4.08,,16,Right,Left,323,68,46,15,,,0.32
2025-11-13 06:46:29,1.17.2,PR1,8,4.08,,16,Right,Left,323,69,46,15,,,0.03
2025-11-13 06:46:59,1.17.2,PR1,8,4.08,,16,Left,Left,324,69,46,15,,,0.04
2025-11-13 06:47:00,1.17.2,PR1,8,4.07,,16,Left,Left,325,69,46,15,,,0.2
2025-11-13 06:47:02,1.17.2,PR1,8,4.07,,16,Left,Left,326,69,46,15,,,0.18
2025-11-13 06:47:06,1.17.2,PR1,8,4.08,,16,Left,Left,327,69,46,15,,,0.18
2025-11-13 07:02:02,1.17.2,PR1,8,4.08,,16,Left,Left,328,69,46,15,,,0.21
2025-11-13 08:30:33,1.17.2,PR1,8,4.08,,1,Left,Left,329,69,46,0,,,0.23
2025-11-13 08:30:35,1.17.2,PR1,8,4.07,1.0,1,Pellet,Left,329,69,47,1,1.37,7920.0,
2025-11-13 08:30:41,1.17.2,PR1,8,4.07,,2,Left,Left,330,69,47,1,,,0.07
2025-11-13 08:30:44,1.17.2,PR1,8,4.08,,2,Left,Left,331,69,47,1,,,0.03
2025-11-13 08:30:48,1.17.2,PR1,8,4.07,1.0,2,Pellet,Left,331,69,48,2,3.46,13.0,
2025-11-13 08:31:02,1.17.2,PR1,8,4.07,,3,Left,Left,332,69,48,2,,,0.14
2025-11-13 08:31:03,1.17.2,PR1,8,4.07,,3,Left,Left,333,69,48,2,,,0.13
2025-11-13 08:31:04,1.17.2,PR1,8,4.07,,3,Left,Left,334,69,48,2,,,0.11
2025-11-13 08:31:06,1.17.2,PR1,8,4.07,1.0,3,Pellet,Left,334,69,49,3,1.01,18.0,
2025-11-13 08:31:14,1.17.2,PR1,8,4.08,,4,Left,Left,335,69,49,3,,,0.04
2025-11-13 08:31:17,1.17.2,PR1,8,4.08,,4,Left,Left,336,69,49,3,,,0.73
2025-11-13 08:31:22,1.17.2,PR1,8,4.08,,4,Left,Left,337,69,49,3,,,0.3
2025-11-13 08:31:23,1.17.2,PR1,8,4.07,,4,Left,Left,338,69,49,3,,,0.25
2025-11-13 08:31:25,1.17.2,PR1,8,4.07,1.0,4,Pellet,Left,338,69,50,4,0.83,19.0,
2025-11-13 08:31:42,1.17.2,PR1,8,4.07,,5,Left,Left,339,69,50,4,,,0.41
2025-11-13 08:31:44,1.17.2,PR1,8,4.07,,5,Left,Left,340,69,50,4,,,0.23
2025-11-13 08:31:45,1.17.2,PR1,8,4.07,,5,Left,Left,341,69,50,4,,,0.22
2025-11-13 08:31:55,1.17.2,PR1,8,4.07,,5,Left,Left,342,69,50,4,,,0.29
2025-11-13 08:31:57,1.17.2,PR1,8,4.07,,5,Left,Left,343,69,50,4,,,0.28
2025-11-13 08:32:01,1.17.2,PR1,8,4.07,2.0,5,Pellet,Left,343,69,51,5,0.71,36.0,
2025-11-13 08:32:18,1.17.2,PR1,8,4.07,,6,Left,Left,344,69,51,5,,,0.31
2025-11-13 08:32:19,1.17.2,PR1,8,4.07,,6,Left,Left,345,69,51,5,,,0.28
2025-11-13 08:32:21,1.17.2,PR1,8,4.07,,6,Left,Left,346,69,51,5,,,0.31
2025-11-13 08:32:21,1.17.2,PR1,8,4.06,,6,Left,Left,347,69,51,5,,,0.24
2025-11-13 08:32:25,1.17.2,PR1,8,4.07,,6,Left,Left,348,69,51,5,,,0.03
2025-11-13 08:32:26,1.17.2,PR1,8,4.07,,6,Left,Left,349,69,51,5,,,0.13
2025-11-13 08:32:27,1.17.2,PR1,8,4.07,1.0,6,Pellet,Left,349,69,52,6,0.41,26.0,
2025-11-13 09:51:57,1.17.2,PR1,8,4.07,,1,Right,Left,349,70,52,0,,,0.1
2025-11-13 09:57:47,1.17.2,PR1,8,4.07,,1,Right,Left,349,71,52,0,,,0.03
2025-11-13 10:06:02,1.17.2,PR1,8,4.08,,1,Right,Left,349,72,52,0,,,0.09
2025-11-13 13:02:22,1.17.2,PR1,8,4.07,,1,Right,Left,349,73,52,0,,,0.17
2025-11-13 13:02:24,1.17.2,PR1,8,4.07,,1,Right,Left,349,74,52,0,,,0.51
2025-11-13 13:02:26,1.17.2,PR1,8,4.07,,1,Right,Left,349,75,52,0,,,0.47
2025-11-13 13:02:29,1.17.2,PR1,8,4.07,,1,Right,Left,349,76,52,0,,,0.24
2025-11-13 14:34:08,1.17.2,PR1,8,4.07,,1,Left,Left,350,76,52,0,,,0.18
2025-11-13 14:34:09,1.17.2,PR1,8,4.07,1.0,1,Pellet,Left,350,76,53,1,0.77,21702.0,
2025-11-13 14:34:35,1.17.2,PR1,8,4.07,,2,Left,Left,351,76,53,1,,,0.18
2025-11-13 14:34:37,1.17.2,PR1,8,4.07,,2,Left,Left,352,76,53,1,,,0.25
2025-11-13 14:34:39,1.17.2,PR1,8,4.05,2.0,2,Pellet,Left,352,76,54,2,0.71,30.0,
2025-11-13 14:35:04,1.17.2,PR1,8,4.07,,3,Left,Left,353,76,54,2,,,0.29
2025-11-13 14:35:05,1.17.2,PR1,8,4.07,,3,Left,Left,354,76,54,2,,,0.12
2025-11-13 14:35:07,1.17.2,PR1,8,4.07,,3,Left,Left,355,76,54,2,,,0.25
2025-11-13 14:35:09,1.17.2,PR1,8,4.05,1.0,3,Pellet,Left,355,76,55,3,0.83,29.0,
2025-11-13 14:35:54,1.17.2,PR1,8,4.07,,4,Right,Left,355,77,55,3,,,0.05
2025-11-13 14:35:55,1.17.2,PR1,8,4.07,,4,Right,Left,355,78,55,3,,,0.22
2025-11-13 14:36:48,1.17.2,PR1,8,4.07,,4,Left,Left,356,78,55,3,,,0.17
2025-11-13 15:24:04,1.17.2,PR1,8,4.07,,1,Left,Left,357,78,55,0,,,0.1
2025-11-13 15:24:06,1.17.2,PR1,8,4.07,1.0,1,Pellet,Left,357,78,56,1,0.89,2938.0,
2025-11-13 16:01:07,1.17.2,PR1,8,4.07,,1,Left,Left,358,78,56,0,,,0.36
2025-11-13 16:01:11,1.17.2,PR1,8,4.07,2.0,1,Pellet,Left,358,78,57,1,1.07,2225.0,
2025-11-13 16:01:23,1.17.2,PR1,8,4.07,,2,Left,Left,359,78,57,1,,,0.16
2025-11-13 16:01:38,1.17.2,PR1,8,4.07,,2,Left,Left,360,78,57,1,,,0.29
2025-11-13 16:01:39,1.17.2,PR1,8,4.07,1.0,2,Pellet,Left,360,78,58,2,0.65,28.0,
2025-11-13 16:01:53,1.17.2,PR1,8,4.07,,3,Left,Left,361,78,58,2,,,0.48
2025-11-13 16:01:55,1.17.2,PR1,8,4.07,,3,Left,Left,362,78,58,2,,,0.28
2025-11-13 16:01:58,1.17.2,PR1,8,4.07,,3,Left,Left,363,78,58,2,,,0.08
2025-11-13 16:02:00,1.17.2,PR1,8,4.07,1.0,3,Pellet,Left,363,78,59,3,0.77,21.0,
2025-11-13 16:02:25,1.17.2,PR1,8,4.07,,4,Left,Left,364,78,59,3,,,0.0
2025-11-13 16:03:55,1.17.2,PR1,8,4.07,,4,Right,Left,364,79,59,3,,,0.19
2025-11-13 16:03:57,1.17.2,PR1,8,4.07,,4,Right,Left,364,80,59,3,,,0.16
2025-11-13 16:08:14,1.17.2,PR1,8,4.07,,4,Left,Left,365,80,59,3,,,0.24
2025-11-13 16:08:16,1.17.2,PR1,8,4.07,,4,Left,Left,366,80,59,3,,,0.23
2025-11-13 16:40:22,1.17.2,PR1,8,4.07,,1,Left,Left,367,80,59,0,,,0.0
2025-11-13 16:40:24,1.17.2,PR1,8,4.07,1.0,1,Pellet,Left,367,80,60,1,0.71,2304.0,
2025-11-13 17:03:39,1.17.2,PR1,8,4.07,,2,Left,Left,368,80,60,1,,,0.15
2025-11-13 17:03:40,1.17.2,PR1,8,4.07,,2,Left,Left,369,80,60,1,,,0.09
2025-11-13 17:03:41,1.17.2,PR1,8,4.07,1.0,2,Pellet,Left,369,80,61,2,0.41,1397.0,
2025-11-13 17:04:09,1.17.2,PR1,8,4.06,,3,Left,Left,370,80,61,2,,,0.21
2025-11-13 17:04:11,1.17.2,PR1,8,4.06,,3,Left,Left,371,80,61,2,,,0.23
2025-11-13 17:29:02,1.17.2,PR1,8,4.06,,3,Right,Left,371,81,61,2,,,0.04
2025-11-13 17:29:03,1.17.2,PR1,8,4.07,,3,Right,Left,371,82,61,2,,,0.0
2025-11-13 17:29:08,1.17.2,PR1,8,4.07,,3,Left,Left,372,82,61,2,,,0.17
2025-11-13 17:29:11,1.17.2,PR1,8,4.06,2.0,3,Pellet,Left,372,82,62,3,0.77,1530.0,
2025-11-13 17:29:51,1.17.2,PR1,8,4.06,,4,Left,Left,373,82,62,3,,,0.23
2025-11-13 17:29:54,1.17.2,PR1,8,4.06,,4,Left,Left,374,82,62,3,,,0.17
2025-11-13 17:31:28,1.17.2,PR1,8,4.06,,4,Left,Left,375,82,62,3,,,0.17
2025-11-13 17:31:29,1.17.2,PR1,8,4.06,,4,Left,Left,376,82,62,3,,,0.14
2025-11-13 17:31:30,1.17.2,PR1,8,4.06,2.0,4,Pellet,Left,376,82,63,4,0.29,139.0,
2025-11-13 17:31:48,1.17.2,PR1,8,4.06,,5,Left,Left,377,82,63,4,,,0.04
2025-11-13 17:31:51,1.17.2,PR1,8,4.06,,5,Left,Left,378,82,63,4,,,0.17
2025-11-13 17:31:53,1.17.2,PR1,8,4.07,,5,Left,Left,379,82,63,4,,,0.12
2025-11-13 17:31:56,1.17.2,PR1,8,4.06,,5,Left,Left,380,82,63,4,,,0.17
2025-11-13 17:31:58,1.17.2,PR1,8,4.06,,5,Left,Left,381,82,63,4,,,0.19
2025-11-13 17:32:00,1.17.2,PR1,8,4.06,1.0,5,Pellet,Left,381,82,64,5,1.37,30.0,
2025-11-13 17:32:35,1.17.2,PR1,8,4.07,,6,Right,Left,381,83,64,5,,,0.16
2025-11-13 17:44:23,1.17.2,PR1,8,4.07,,6,Left,Left,382,83,64,5,,,0.05
2025-11-13 17:44:24,1.17.2,PR1,8,4.07,,6,Left,Left,383,83,64,5,,,0.25
2025-11-13 17:44:45,1.17.2,PR1,8,4.06,,6,Right,Left,383,84,64,5,,,0.21
2025-11-13 17:44:47,1.17.2,PR1,8,4.06,,6,Right,Left,383,85,64,5,,,0.25
2025-11-13 17:45:04,1.17.2,PR1,8,4.07,,6,Left,Left,384,85,64,5,,,0.09
2025-11-13 17:48:00,1.17.2,PR1,8,4.06,,6,Left,Left,385,85,64,5,,,0.06
2025-11-13 17:48:02,1.17.2,PR1,8,4.07,,6,Left,Left,386,85,64,5,,,0.19
2025-11-13 17:50:19,1.17.2,PR1,8,4.06,,6,Left,Left,387,85,64,5,,,0.1
2025-11-13 17:50:20,1.17.2,PR1,8,4.07,1.0,6,Pellet,Left,387,85,65,6,0.53,1100.0,
2025-11-13 17:50:37,1.17.2,PR1,8,4.07,,7,Left,Left,388,85,65,6,,,0.11
2025-11-13 17:50:45,1.17.2,PR1,8,4.07,,7,Left,Left,389,85,65,6,,,0.07
2025-11-13 17:50:49,1.17.2,PR1,8,4.07,,7,Left,Left,390,85,65,6,,,0.15
2025-11-13 18:07:38,1.17.2,PR1,8,4.07,,7,Left,Left,391,85,65,6,,,0.24
2025-11-13 18:07:39,1.17.2,PR1,8,4.06,,7,Left,Left,392,85,65,6,,,0.14
2025-11-13 18:07:40,1.17.2,PR1,8,4.06,,7,Left,Left,393,85,65,6,,,0.21
2025-11-13 18:07:42,1.17.2,PR1,8,4.07,,7,Left,Left,394,85,65,6,,,0.24
2025-11-13 18:07:43,1.17.2,PR1,8,4.06,1.0,7,Pellet,Left,394,85,66,7,0.65,1043.0,
2025-11-13 18:08:19,1.17.2,PR1,8,4.06,,8,Left,Left,395,85,66,7,,,0.08
2025-11-13 18:08:22,1.17.2,PR1,8,4.06,,8,Left,Left,396,85,66,7,,,0.25
2025-11-13 18:08:24,1.17.2,PR1,8,4.06,,8,Left,Left,397,85,66,7,,,0.15
2025-11-13 18:08:27,1.17.2,PR1,8,4.06,,8,Left,Left,398,85,66,7,,,0.52
2025-11-13 18:08:29,1.17.2,PR1,8,4.07,,8,Left,Left,399,85,66,7,,,0.46
2025-11-13 18:08:31,1.17.2,PR1,8,4.07,,8,Left,Left,400,85,66,7,,,0.34
2025-11-13 18:08:32,1.17.2,PR1,8,4.07,,8,Left,Left,401,85,66,7,,,0.14
2025-11-13 18:08:34,1.17.2,PR1,8,4.06,,8,Left,Left,402,85,66,7,,,0.12
2025-11-13 18:08:38,1.17.2,PR1,8,4.07,2.0,8,Pellet,Left,402,85,67,8,0.83,55.0,
2025-11-13 18:08:52,1.17.2,PR1,8,4.07,,9,Left,Left,403,85,67,8,,,0.03
2025-11-13 18:08:53,1.17.2,PR1,8,4.06,,9,Left,Left,404,85,67,8,,,0.3
2025-11-13 18:08:55,1.17.2,PR1,8,4.06,,9,Left,Left,405,85,67,8,,,0.14
2025-11-13 18:08:59,1.17.2,PR1,8,4.06,,9,Left,Left,406,85,67,8,,,0.07
2025-11-13 18:09:00,1.17.2,PR1,8,4.06,,9,Left,Left,407,85,67,8,,,0.17
2025-11-13 18:14:17,1.17.2,PR1,8,4.06,,9,Left,Left,408,85,67,8,,,0.22
2025-11-13 18:14:18,1.17.2,PR1,8,4.07,,9,Left,Left,409,85,67,8,,,0.15
2025-11-13 18:14:19,1.17.2,PR1,8,4.06,,9,Left,Left,410,85,67,8,,,0.13
2025-11-13 18:14:21,1.17.2,PR1,8,4.06,,9,Left,Left,411,85,67,8,,,0.29
2025-11-13 18:14:23,1.17.2,PR1,8,4.06,1.0,9,Pellet,Left,411,85,68,9,0.47,345.0,
2025-11-13 18:14:37,1.17.2,PR1,8,4.06,,10,Left,Left,412,85,68,9,,,0.43
2025-11-13 18:14:47,1.17.2,PR1,8,4.07,,10,Left,Left,413,85,68,9,,,0.1
2025-11-13 18:14:51,1.17.2,PR1,8,4.06,,10,Left,Left,414,85,68,9,,,0.11
2025-11-13 18:14:52,1.17.2,PR1,8,4.05,,10,Left,Left,415,85,68,9,,,0.19
2025-11-13 18:14:52,1.17.2,PR1,8,4.06,,10,Left,Left,416,85,68,9,,,0.1
2025-11-13 18:14:56,1.17.2,PR1,8,4.06,,10,Left,Left,417,85,68,9,,,0.14
2025-11-13 18:15:00,1.17.2,PR1,8,4.06,,10,Left,Left,418,85,68,9,,,0.14
2025-11-13 18:27:12,1.17.2,PR1,8,4.05,,10,Left,Left,419,85,68,9,,,0.12
2025-11-13 18:28:32,1.17.2,PR1,8,4.06,,10,Right,Left,419,86,68,9,,,0.04
2025-11-13 18:28:43,1.17.2,PR1,8,4.06,,10,Left,Left,420,86,68,9,,,0.23
2025-11-13 18:28:44,1.17.2,PR1,8,4.05,,10,Left,Left,421,86,68,9,,,0.19
2025-11-13 18:28:45,1.17.2,PR1,8,4.06,1.0,10,Pellet,Left,421,86,69,10,0.41,862.0,
2025-11-13 18:29:05,1.17.2,PR1,8,4.06,,11,Left,Left,422,86,69,10,,,0.02
2025-11-13 18:31:16,1.17.2,PR1,8,4.07,,11,Left,Left,423,86,69,10,,,0.11
2025-11-13 18:41:36,1.17.2,PR1,8,4.07,,11,Left,Left,424,86,69,10,,,0.07
2025-11-13 18:41:37,1.17.2,PR1,8,4.06,,11,Left,Left,425,86,69,10,,,0.11
2025-11-13 18:47:08,1.17.2,PR1,8,4.07,,11,Left,Left,426,86,69,10,,,0.17
2025-11-13 18:47:10,1.17.2,PR1,8,4.06,,11,Left,Left,427,86,69,10,,,0.08
2025-11-13 18:47:11,1.17.2,PR1,8,4.06,,11,Left,Left,428,86,69,10,,,0.17
2025-11-13 18:47:13,1.17.2,PR1,8,4.06,,11,Left,Left,429,86,69,10,,,0.11
2025-11-13 18:51:56,1.17.2,PR1,8,4.06,,11,Left,Left,430,86,69,10,,,0.09
2025-11-13 18:51:58,1.17.2,PR1,8,4.06,,11,Left,Left,431,86,69,10,,,0.06
2025-11-13 18:54:21,1.17.2,PR1,8,4.06,,11,Left,Left,432,86,69,10,,,0.05
2025-11-13 18:54:26,1.17.2,PR1,8,4.06,2.0,11,Pellet,Left,432,86,70,11,1.49,1541.0,
2025-11-13 19:01:52,1.17.2,PR1,8,4.06,,12,Right,Left,432,87,70,11,,,0.02
2025-11-13 19:01:53,1.17.2,PR1,8,4.06,,12,Right,Left,432,88,70,11,,,0.02
2025-11-13 19:01:54,1.17.2,PR1,8,4.06,,12,Right,Left,432,89,70,11,,,0.25
2025-11-13 19:02:01,1.17.2,PR1,8,4.06,,12,Left,Left,433,89,70,11,,,0.13
2025-11-13 19:02:51,1.17.2,PR1,8,4.06,,12,Left,Left,434,89,70,11,,,0.11
2025-11-13 19:02:52,1.17.2,PR1,8,4.06,,12,Left,Left,435,89,70,11,,,0.08
2025-11-13 19:04:56,1.17.2,PR1,8,4.06,,12,Left,Left,436,89,70,11,,,0.08
2025-11-13 19:04:58,1.17.2,PR1,8,4.06,,12,Left,Left,437,89,70,11,,,0.11
2025-11-13 19:16:07,1.17.2,PR1,8,4.06,,12,Left,Left,438,89,70,11,,,0.1
2025-11-13 19:16:09,1.17.2,PR1,8,4.06,,12,Left,Left,439,89,70,11,,,0.09
2025-11-13 19:16:11,1.17.2,PR1,8,4.06,,12,Left,Left,440,89,70,11,,,0.12
2025-11-13 19:16:12,1.17.2,PR1,8,4.06,,12,Left,Left,441,89,70,11,,,0.1
2025-11-13 19:21:14,1.17.2,PR1,8,4.06,,12,Left,Left,442,89,70,11,,,0.09
2025-11-13 19:29:43,1.17.2,PR1,8,4.07,,12,Left,Left,443,89,70,11,,,0.03
2025-11-13 19:29:46,1.17.2,PR1,8,4.06,,12,Left,Left,444,89,70,11,,,0.18
2025-11-13 19:29:47,1.17.2,PR1,8,4.06,1.0,12,Pellet,Left,444,89,71,12,0.53,2121.0,
2025-11-13 19:30:24,1.17.2,PR1,8,4.06,,13,Left,Left,445,89,71,12,,,0.05
2025-11-13 19:30:26,1.17.2,PR1,8,4.06,,13,Left,Left,446,89,71,12,,,0.11
2025-11-13 19:33:02,1.17.2,PR1,8,4.06,,13,Left,Left,447,89,71,12,,,0.02
2025-11-13 19:34:59,1.17.2,PR1,8,4.06,,13,Right,Left,447,90,71,12,,,0.31
2025-11-13 19:35:02,1.17.2,PR1,8,4.06,,13,Right,Left,447,91,71,12,,,0.25
2025-11-13 19:35:06,1.17.2,PR1,8,4.06,,13,Left,Left,448,91,71,12,,,0.07
2025-11-13 19:48:42,1.17.2,PR1,8,4.05,,13,Left,Left,449,91,71,12,,,0.15
2025-11-13 19:53:10,1.17.2,PR1,8,4.05,,13,Right,Left,449,92,71,12,,,0.05
2025-11-13 19:53:13,1.17.2,PR1,8,4.05,,13,Right,Left,449,93,71,12,,,0.3
2025-11-13 19:53:18,1.17.2,PR1,8,4.07,,13,Right,Left,449,94,71,12,,,0.04
2025-11-13 19:53:22,1.17.2,PR1,8,4.06,,13,Left,Left,450,94,71,12,,,0.41
2025-11-13 19:54:16,1.17.2,PR1,8,4.05,,13,Right,Left,450,95,71,12,,,0.0
2025-11-13 19:56:29,1.17.2,PR1,8,4.06,,13,Right,Left,450,96,71,12,,,0.02
2025-11-13 19:56:31,1.17.2,PR1,8,4.06,,13,Right,Left,450,97,71,12,,,0.17
2025-11-13 20:00:57,1.17.2,PR1,8,4.05,,13,Left,Left,451,97,71,12,,,0.09
2025-11-13 20:05:31,1.17.2,PR1,8,4.05,,13,Left,Left,452,97,71,12,,,0.18
2025-11-13 20:15:54,1.17.2,PR1,8,4.05,,13,Left,Left,453,97,71,12,,,0.06
2025-11-13 20:15:56,1.17.2,PR1,8,4.05,,13,Left,Left,454,97,71,12,,,0.34
2025-11-13 20:15:58,1.17.2,PR1,8,4.06,,13,Left,Left,455,97,71,12,,,0.1
2025-11-13 20:16:15,1.17.2,PR1,8,4.05,,13,Left,Left,456,97,71,12,,,0.13
2025-11-13 20:16:16,1.17.2,PR1,8,4.06,,13,Left,Left,457,97,71,12,,,0.1
2025-11-13 20:16:18,1.17.2,PR1,8,4.06,1.0,13,Pellet,Left,457,97,72,13,0.71,2791.0,
2025-11-13 20:16:27,1.17.2,PR1,8,4.06,,14,Left,Left,458,97,72,13,,,0.06
2025-11-13 20:16:29,1.17.2,PR1,8,4.06,,14,Left,Left,459,97,72,13,,,0.06
2025-11-13 20:16:30,1.17.2,PR1,8,4.06,,14,Left,Left,460,97,72,13,,,0.1
2025-11-13 20:16:33,1.17.2,PR1,8,4.06,,14,Left,Left,461,97,72,13,,,0.12
2025-11-13 20:23:27,1.17.2,PR1,8,4.06,,14,Left,Left,462,97,72,13,,,0.05
2025-11-13 20:28:56,1.17.2,PR1,8,4.06,,14,Left,Left,463,97,72,13,,,0.13
2025-11-13 20:29:19,1.17.2,PR1,8,4.05,,14,Right,Left,463,98,72,13,,,0.06
2025-11-13 20:29:45,1.17.2,PR1,8,4.06,,14,Left,Left,464,98,72,13,,,0.19
2025-11-13 20:29:49,1.17.2,PR1,8,4.06,,14,Left,Left,465,98,72,13,,,0.07
2025-11-13 20:30:06,1.17.2,PR1,8,4.05,,14,Left,Left,466,98,72,13,,,0.04
2025-11-13 20:31:41,1.17.2,PR1,8,4.06,,14,Left,Left,467,98,72,13,,,0.21
2025-11-13 20:31:44,1.17.2,PR1,8,4.06,,14,Left,Left,468,98,72,13,,,0.09
2025-11-13 20:31:46,1.17.2,PR1,8,4.06,,14,Left,Left,469,98,72,13,,,0.19
2025-11-13 20:31:55,1.17.2,PR1,8,4.06,,14,Right,Left,469,99,72,13,,,0.08
2025-11-13 20:31:57,1.17.2,PR1,8,4.06,,14,Right,Left,469,100,72,13,,,0.22
2025-11-13 20:31:59,1.17.2,PR1,8,4.06,,14,Right,Left,469,101,72,13,,,0.18
2025-11-13 20:32:52,1.17.2,PR1,8,4.05,,14,Left,Left,470,101,72,13,,,0.09
2025-11-13 20:37:54,1.17.2,PR1,8,4.06,,14,Left,Left,471,101,72,13,,,0.14
2025-11-13 20:37:55,1.17.2,PR1,8,4.05,1.0,14,Pellet,Left,471,101,73,14,0.35,1297.0,
2025-11-13 20:38:41,1.17.2,PR1,8,4.05,,15,Left,Left,472,101,73,14,,,0.09
2025-11-13 20:38:55,1.17.2,PR1,8,4.06,,15,Left,Left,473,101,73,14,,,0.05
2025-11-13 20:40:23,1.17.2,PR1,8,4.06,,15,Right,Left,473,102,73,14,,,0.14
2025-11-13 20:40:25,1.17.2,PR1,8,4.06,,15,Right,Left,473,103,73,14,,,0.1
2025-11-13 20:40:32,1.17.2,PR1,8,4.06,,15,Left,Left,474,103,73,14,,,0.07
2025-11-13 20:44:24,1.17.2,PR1,8,4.06,,15,Right,Left,474,104,73,14,,,0.32
2025-11-13 20:48:13,1.17.2,PR1,8,4.05,,15,Left,Left,475,104,73,14,,,0.18
2025-11-13 20:55:34,1.17.2,PR1,8,4.05,,15,Left,Left,476,104,73,14,,,0.16
2025-11-13 20:55:36,1.17.2,PR1,8,4.05,,15,Left,Left,477,104,73,14,,,0.05
2025-11-13 20:55:39,1.17.2,PR1,8,4.05,,15,Left,Left,478,104,73,14,,,0.22
2025-11-13 20:55:41,1.17.2,PR1,8,4.06,,15,Left,Left,479,104,73,14,,,0.12
2025-11-13 21:10:45,1.17.2,PR1,8,4.05,,15,Left,Left,480,104,73,14,,,0.43
2025-11-13 21:10:46,1.17.2,PR1,8,4.05,,15,Left,Left,481,104,73,14,,,0.27
2025-11-13 21:10:48,1.17.2,PR1,8,4.06,,15,Left,Left,482,104,73,14,,,0.07
2025-11-13 21:10:50,1.17.2,PR1,8,4.05,,15,Left,Left,483,104,73,14,,,0.13
2025-11-13 21:10:52,1.17.2,PR1,8,4.06,,15,Left,Left,484,104,73,14,,,0.17
2025-11-13 21:10:53,1.17.2,PR1,8,4.05,,15,Left,Left,485,104,73,14,,,0.21
2025-11-13 21:10:54,1.17.2,PR1,8,4.05,,15,Left,Left,486,104,73,14,,,0.25
2025-11-13 21:10:56,1.17.2,PR1,8,4.06,1.0,15,Pellet,Left,486,104,74,15,1.37,1981.0,
2025-11-13 21:11:29,1.17.2,PR1,8,4.05,,16,Left,Left,487,104,74,15,,,0.08
2025-11-13 21:11:30,1.17.2,PR1,8,4.05,,16,Left,Left,488,104,74,15,,,0.23
2025-11-13 21:11:32,1.17.2,PR1,8,4.05,,16,Left,Left,489,104,74,15,,,0.19
2025-11-13 21:11:33,1.17.2,PR1,8,4.05,,16,Left,Left,490,104,74,15,,,0.29
2025-11-13 21:11:35,1.17.2,PR1,8,4.05,,16,Left,Left,491,104,74,15,,,0.41
2025-11-13 21:11:37,1.17.2,PR1,8,4.05,,16,Left,Left,492,104,74,15,,,0.33
2025-11-13 21:11:38,1.17.2,PR1,8,4.05,,16,Left,Left,493,104,74,15,,,0.29
2025-11-13 21:11:44,1.17.2,PR1,8,4.05,,16,Left,Left,494,104,74,15,,,0.08
2025-11-13 21:12:22,1.17.2,PR1,8,4.06,,16,Left,Left,495,104,74,15,,,0.11
2025-11-13 21:12:23,1.17.2,PR1,8,4.05,,16,Left,Left,496,104,74,15,,,0.02
2025-11-13 21:12:25,1.17.2,PR1,8,4.05,,16,Left,Left,497,104,74,15,,,0.22
2025-11-13 21:12:35,1.17.2,PR1,8,4.05,,16,Left,Left,498,104,74,15,,,0.18
2025-11-13 21:12:37,1.17.2,PR1,8,4.06,,16,Left,Left,499,104,74,15,,,0.2
2025-11-13 21:24:54,1.17.2,PR1,8,4.05,,16,Left,Left,500,104,74,15,,,0.24
2025-11-13 21:24:55,1.17.2,PR1,8,4.06,,16,Left,Left,501,104,74,15,,,0.08
2025-11-13 21:24:57,1.17.2,PR1,8,4.06,,16,Left,Left,502,104,74,15,,,0.21
2025-11-13 21:24:58,1.17.2,PR1,8,4.05,1.0,16,Pellet,Left,502,104,75,16,0.06,842.0,
2025-11-13 21:25:05,1.17.2,PR1,8,4.05,,17,Left,Left,503,104,75,16,,,0.02
2025-11-13 21:25:06,1.17.2,PR1,8,4.05,,17,Left,Left,504,104,75,16,,,0.23
2025-11-13 21:25:07,1.17.2,PR1,8,4.06,,17,Left,Left,505,104,75,16,,,0.4
2025-11-13 21:25:08,1.17.2,PR1,8,4.05,,17,Left,Left,506,104,75,16,,,0.38
2025-11-13 21:25:12,1.17.2,PR1,8,4.05,,17,Left,Left,507,104,75,16,,,0.09
2025-11-13 21:25:12,1.17.2,PR1,8,4.05,,17,Left,Left,508,104,75,16,,,0.0
2025-11-13 21:25:14,1.17.2,PR1,8,4.05,,17,Left,Left,509,104,75,16,,,0.29
2025-11-13 21:25:15,1.17.2,PR1,8,4.06,,17,Left,Left,510,104,75,16,,,0.23
2025-11-13 21:25:16,1.17.2,PR1,8,4.06,,17,Left,Left,511,104,75,16,,,0.21
2025-11-13 21:25:19,1.17.2,PR1,8,4.06,,17,Left,Left,512,104,75,16,,,0.2
2025-11-13 21:25:23,1.17.2,PR1,8,4.05,,17,Left,Left,513,104,75,16,,,0.07
2025-11-13 21:33:49,1.17.2,PR1,8,4.05,,17,Left,Left,514,104,75,16,,,0.21
2025-11-13 21:33:51,1.17.2,PR1,8,4.06,,17,Left,Left,515,104,75,16,,,0.11
2025-11-13 21:33:54,1.17.2,PR1,8,4.05,,17,Left,Left,516,104,75,16,,,0.19
2025-11-13 21:33:57,1.17.2,PR1,8,4.05,,17,Left,Left,517,104,75,16,,,0.08
2025-11-13 21:33:58,1.17.2,PR1,8,4.06,,17,Left,Left,518,104,75,16,,,0.23
2025-11-13 21:34:00,1.17.2,PR1,8,4.05,,17,Left,Left,519,104,75,16,,,0.36
2025-11-13 21:34:01,1.17.2,PR1,8,4.05,1.0,17,Pellet,Left,519,104,76,17,0.41,543.0,
2025-11-13 21:34:12,1.17.2,PR1,8,4.05,,18,Left,Left,520,104,76,17,,,0.06
2025-11-13 21:34:13,1.17.2,PR1,8,4.06,,18,Left,Left,521,104,76,17,,,0.0
2025-11-13 21:34:14,1.17.2,PR1,8,4.06,,18,Left,Left,522,104,76,17,,,0.25
2025-11-13 21:34:17,1.17.2,PR1,8,4.06,,18,Left,Left,523,104,76,17,,,0.25
2025-11-13 21:34:19,1.17.2,PR1,8,4.06,,18,Left,Left,524,104,76,17,,,0.16
2025-11-13 21:34:21,1.17.2,PR1,8,4.06,,18,Left,Left,525,104,76,17,,,0.62
2025-11-13 21:34:22,1.17.2,PR1,8,4.05,,18,Left,Left,526,104,76,17,,,0.32
2025-11-13 21:34:23,1.17.2,PR1,8,4.05,,18,Left,Left,527,104,76,17,,,0.18
2025-11-13 21:40:50,1.17.2,PR1,8,4.06,,18,Left,Left,528,104,76,17,,,0.17
2025-11-13 21:40:54,1.17.2,PR1,8,4.06,,18,Left,Left,529,104,76,17,,,0.22
2025-11-13 21:40:55,1.17.2,PR1,8,4.06,,18,Left,Left,530,104,76,17,,,0.2
2025-11-13 21:41:02,1.17.2,PR1,8,4.05,,18,Left,Left,531,104,76,17,,,0.25
2025-11-13 21:47:42,1.17.2,PR1,8,4.05,,18,Left,Left,532,104,76,17,,,0.3
2025-11-13 21:47:44,1.17.2,PR1,8,4.05,,18,Left,Left,533,104,76,17,,,0.19
2025-11-13 21:47:47,1.17.2,PR1,8,4.06,,18,Left,Left,534,104,76,17,,,0.24
2025-11-13 21:47:48,1.17.2,PR1,8,4.05,,18,Left,Left,535,104,76,17,,,0.21
2025-11-13 21:47:49,1.17.2,PR1,8,4.05,,18,Left,Left,536,104,76,17,,,0.23
2025-11-13 21:47:51,1.17.2,PR1,8,4.05,,18,Left,Left,537,104,76,17,,,0.38
2025-11-13 21:47:53,1.17.2,PR1,8,4.05,1.0,18,Pellet,Left,537,104,77,18,0.65,831.0,
2025-11-13 21:47:59,1.17.2,PR1,8,4.05,,19,Left,Left,538,104,77,18,,,0.03
2025-11-13 21:48:00,1.17.2,PR1,8,4.05,,19,Left,Left,539,104,77,18,,,0.1
2025-11-13 21:48:02,1.17.2,PR1,8,4.05,,19,Left,Left,540,104,77,18,,,0.15
2025-11-13 21:48:03,1.17.2,PR1,8,4.05,,19,Left,Left,541,104,77,18,,,0.23
2025-11-13 21:48:09,1.17.2,PR1,8,4.05,,19,Left,Left,542,104,77,18,,,0.08
2025-11-13 21:48:10,1.17.2,PR1,8,4.05,,19,Left,Left,543,104,77,18,,,0.32
2025-11-13 21:48:12,1.17.2,PR1,8,4.05,,19,Left,Left,544,104,77,18,,,0.25
2025-11-13 21:48:13,1.17.2,PR1,8,4.05,,19,Left,Left,545,104,77,18,,,0.33
2025-11-13 21:48:16,1.17.2,PR1,8,4.05,,19,Left,Left,546,104,77,18,,,0.01
2025-11-13 21:48:17,1.17.2,PR1,8,4.06,,19,Left,Left,547,104,77,18,,,0.13
2025-11-13 21:48:19,1.17.2,PR1,8,4.05,,19,Left,Left,548,104,77,18,,,0.23
2025-11-13 22:01:27,1.17.2,PR1,8,4.06,,19,Left,Left,549,104,77,18,,,0.46
2025-11-13 22:04:35,1.17.2,PR1,8,4.06,,19,Left,Left,550,104,77,18,,,0.24
2025-11-13 22:04:37,1.17.2,PR1,8,4.05,,19,Left,Left,551,104,77,18,,,0.23
2025-11-13 22:04:39,1.17.2,PR1,8,4.05,,19,Left,Left,552,104,77,18,,,0.12
2025-11-13 22:04:41,1.17.2,PR1,8,4.06,,19,Right,Left,552,105,77,18,,,0.09
2025-11-13 22:05:01,1.17.2,PR1,8,4.05,,19,Right,Left,552,106,77,18,,,0.09
2025-11-13 22:05:02,1.17.2,PR1,8,4.06,,19,Right,Left,552,107,77,18,,,0.11
2025-11-13 22:19:59,1.17.2,PR1,8,4.05,,19,Left,Left,553,107,77,18,,,0.11
2025-11-13 22:28:24,1.17.2,PR1,8,4.05,,19,Left,Left,554,107,77,18,,,0.2
2025-11-13 22:28:26,1.17.2,PR1,8,4.06,,19,Left,Left,555,107,77,18,,,0.04
2025-11-13 22:28:56,1.17.2,PR1,8,4.05,,19,Left,Left,556,107,77,18,,,0.0
2025-11-13 22:28:57,1.17.2,PR1,8,4.05,1.0,19,Pellet,Left,556,107,78,19,0.65,2465.0,
2025-11-13 22:29:07,1.17.2,PR1,8,4.05,,20,Right,Left,556,108,78,19,,,0.2
2025-11-13 22:29:09,1.17.2,PR1,8,4.05,,20,Right,Left,556,109,78,19,,,0.07
2025-11-13 22:32:50,1.17.2,PR1,8,4.05,,20,Left,Left,557,109,78,19,,,0.25
2025-11-13 22:32:51,1.17.2,PR1,8,4.05,,20,Left,Left,558,109,78,19,,,0.13
2025-11-13 22:34:47,1.17.2,PR1,8,4.05,,20,Left,Left,559,109,78,19,,,0.12
2025-11-13 22:35:41,1.17.2,PR1,8,4.05,,20,Left,Left,560,109,78,19,,,0.12
2025-11-13 22:47:58,1.17.2,PR1,8,4.05,,20,Left,Left,561,109,78,19,,,0.07
2025-11-13 22:48:00,1.17.2,PR1,8,4.05,,20,Left,Left,562,109,78,19,,,0.22
2025-11-13 22:51:58,1.17.2,PR1,8,4.05,,20,Left,Left,563,109,78,19,,,0.1
2025-11-13 22:56:06,1.17.2,PR1,8,4.05,,20,Left,Left,564,109,78,19,,,0.09
2025-11-13 22:59:01,1.17.2,PR1,8,4.05,,20,Left,Left,565,109,78,19,,,0.05
2025-11-13 23:21:03,1.17.2,PR1,8,4.05,,20,Left,Left,566,109,78,19,,,0.22
2025-11-13 23:21:07,1.17.2,PR1,8,4.05,,20,Left,Left,567,109,78,19,,,0.04
2025-11-13 23:21:10,1.17.2,PR1,8,4.05,,20,Left,Left,568,109,78,19,,,0.25
2025-11-13 23:21:11,1.17.2,PR1,8,4.05,,20,Left,Left,569,109,78,19,,,0.28
2025-11-13 23:21:16,1.17.2,PR1,8,4.06,,20,Left,Left,570,109,78,19,,,0.22
2025-11-13 23:21:18,1.17.2,PR1,8,4.05,,20,Left,Left,571,109,78,19,,,0.42
2025-11-13 23:34:56,1.17.2,PR1,8,4.05,,20,Left,Left,572,109,78,19,,,0.32
2025-11-13 23:35:01,1.17.2,PR1,8,4.05,,20,Left,Left,573,109,78,19,,,0.24
2025-11-13 23:35:02,1.17.2,PR1,8,4.05,,20,Left,Left,574,109,78,19,,,0.0
2025-11-13 23:35:05,1.17.2,PR1,8,4.05,,20,Left,Left,575,109,78,19,,,0.61
2025-11-13 23:35:06,1.17.2,PR1,8,4.05,,20,Left,Left,576,109,78,19,,,0.23
2025-11-13 23:35:08,1.17.2,PR1,8,4.05,1.0,20,Pellet,Left,576,109,79,20,1.61,3971.0,
2025-11-13 23:35:23,1.17.2,PR1,8,4.05,,21,Left,Left,577,109,79,20,,,0.17
2025-11-13 23:35:24,1.17.2,PR1,8,4.05,,21,Left,Left,578,109,79,20,,,0.11
2025-11-13 23:35:25,1.17.2,PR1,8,4.05,,21,Left,Left,579,109,79,20,,,0.08
2025-11-13 23:35:31,1.17.2,PR1,8,4.05,,21,Left,Left,580,109,79,20,,,0.07
2025-11-13 23:35:32,1.17.2,PR1,8,4.05,,21,Left,Left,581,109,79,20,,,0.39
2025-11-13 23:35:34,1.17.2,PR1,8,4.05,,21,Left,Left,582,109,79,20,,,0.17
2025-11-13 23:35:35,1.17.2,PR1,8,4.05,,21,Left,Left,583,109,79,20,,,0.0
2025-11-13 23:35:38,1.17.2,PR1,8,4.05,,21,Left,Left,584,109,79,20,,,0.39
2025-11-13 23:35:40,1.17.2,PR1,8,4.05,,21,Left,Left,585,109,79,20,,,0.68
2025-11-13 23:41:17,1.17.2,PR1,8,4.05,,21,Left,Left,586,109,79,20,,,0.69
2025-11-13 23:46:34,1.17.2,PR1,8,4.05,,21,Left,Left,587,109,79,20,,,0.07
2025-11-13 23:46:35,1.17.2,PR1,8,4.05,,21,Left,Left,588,109,79,20,,,0.57
2025-11-13 23:46:38,1.17.2,PR1,8,4.05,,21,Left,Left,589,109,79,20,,,0.23
2025-11-13 23:46:48,1.17.2,PR1,8,4.05,,21,Left,Left,590,109,79,20,,,0.22
2025-11-13 23:52:44,1.17.2,PR1,8,4.05,,21,Left,Left,591,109,79,20,,,0.26
2025-11-13 23:52:47,1.17.2,PR1,8,4.05,,21,Left,Left,592,109,79,20,,,0.21
2025-11-13 23:52:49,1.17.2,PR1,8,4.05,,21,Left,Left,593,109,79,20,,,0.44
2025-11-13 23:52:51,1.17.2,PR1,8,4.05,,21,Left,Left,594,109,79,20,,,0.08
2025-11-13 23:53:05,1.17.2,PR1,8,4.05,,21,Left,Left,595,109,79,20,,,0.5
2025-11-13 23:53:07,1.17.2,PR1,8,4.05,,21,Left,Left,596,109,79,20,,,0.38
2025-11-13 23:53:08,1.17.2,PR1,8,4.05,,21,Left,Left,597,109,79,20,,,0.38
2025-11-13 23:53:09,1.17.2,PR1,8,4.05,1.0,21,Pellet,Left,597,109,80,21,0.41,1081.0,
2025-11-13 23:53:36,1.17.2,PR1,8,4.05,,22,Left,Left,598,109,80,21,,,0.52
2025-11-13 23:53:50,1.17.2,PR1,8,4.05,,22,Left,Left,599,109,80,21,,,0.85
2025-11-13 23:53:54,1.17.2,PR1,8,4.05,,22,Left,Left,600,109,80,21,,,0.27
2025-11-13 23:53:57,1.17.2,PR1,8,4.05,,22,Left,Left,601,109,80,21,,,0.48
2025-11-13 23:54:01,1.17.2,PR1,8,4.05,,22,Left,Left,602,109,80,21,,,0.64
2025-11-13 23:54:03,1.17.2,PR1,8,4.05,,22,Left,Left,603,109,80,21,,,0.3
2025-11-13 23:54:09,1.17.2,PR1,8,4.05,,22,Left,Left,604,109,80,21,,,0.97
2025-11-13 23:54:11,1.17.2,PR1,8,4.05,,22,Left,Left,605,109,80,21,,,0.0
2025-11-13 23:54:14,1.17.2,PR1,8,4.05,,22,Left,Left,606,109,80,21,,,0.59
2025-11-13 23:54:18,1.17.2,PR1,8,4.05,,22,Left,Left,607,109,80,21,,,2.11
2025-11-13 23:54:20,1.17.2,PR1,8,4.05,,22,Left,Left,608,109,80,21,,,0.03
2025-11-13 23:54:22,1.17.2,PR1,8,4.05,,22,Left,Left,609,109,80,21,,,0.37
2025-11-13 23:54:24,1.17.2,PR1,8,4.05,,22,Left,Left,610,109,80,21,,,0.51
2025-11-13 23:54:25,1.17.2,PR1,8,4.05,,22,Left,Left,611,109,80,21,,,0.84
2025-11-13 23:54:28,1.17.2,PR1,8,4.05,,22,Left,Left,612,109,80,21,,,0.72
2025-11-13 23:54:30,1.17.2,PR1,8,4.05,,22,Left,Left,613,109,80,21,,,0.76
2025-11-13 23:54:31,1.17.2,PR1,8,4.05,,22,Left,Left,614,109,80,21,,,0.0
2025-11-13 23:54:33,1.17.2,PR1,8,4.05,,22,Left,Left,615,109,80,21,,,0.97
2025-11-13 23:54:36,1.17.2,PR1,8,4.05,,22,Left,Left,616,109,80,21,,,0.57
2025-11-13 23:54:41,1.17.2,PR1,8,4.05,,22,Right,Left,616,110,80,21,,,0.55
2025-11-13 23:54:44,1.17.2,PR1,8,4.05,,22,Right,Left,616,111,80,21,,,0.49
2025-11-14 00:04:42,1.17.2,PR1,8,4.05,,22,Left,Left,617,111,80,21,,,0.23
2025-11-14 00:04:49,1.17.2,PR1,8,4.05,,22,Left,Left,618,111,80,21,,,0.25
2025-11-14 00:06:08,1.17.2,PR1,8,4.05,,22,Left,Left,619,111,80,21,,,0.02
2025-11-14 00:06:10,1.17.2,PR1,8,4.05,1.0,22,Pellet,Left,619,111,81,22,0.71,781.0,
2025-11-14 00:07:18,1.17.2,PR1,8,4.05,,23,Right,Left,619,112,81,22,,,0.19
2025-11-14 00:07:21,1.17.2,PR1,8,4.05,,23,Right,Left,619,113,81,22,,,0.18
2025-11-14 00:07:45,1.17.2,PR1,8,4.05,,23,Left,Left,620,113,81,22,,,0.2
2025-11-14 00:07:47,1.17.2,PR1,8,4.05,,23,Left,Left,621,113,81,22,,,0.19
2025-11-14 00:13:27,1.17.2,PR1,8,4.05,,23,Right,Left,621,114,81,22,,,0.04
2025-11-14 00:14:08,1.17.2,PR1,8,4.05,,23,Left,Left,622,114,81,22,,,0.2
2025-11-14 00:14:09,1.17.2,PR1,8,4.05,,23,Left,Left,623,114,81,22,,,0.1
2025-11-14 00:21:02,1.17.2,PR1,8,4.05,,23,Left,Left,624,114,81,22,,,0.16
2025-11-14 00:21:05,1.17.2,PR1,8,4.05,,23,Left,Left,625,114,81,22,,,0.12
2025-11-14 00:32:04,1.17.2,PR1,8,4.05,,23,Left,Left,626,114,81,22,,,0.15
2025-11-14 00:32:05,1.17.2,PR1,8,4.05,,23,Right,Left,626,115,81,22,,,0.05
2025-11-14 00:34:00,1.17.2,PR1,8,4.05,,23,Left,Left,627,115,81,22,,,0.16
2025-11-14 00:34:01,1.17.2,PR1,8,4.05,,23,Left,Left,628,115,81,22,,,0.18
2025-11-14 00:37:32,1.17.2,PR1,8,4.05,,23,Left,Left,629,115,81,22,,,0.14
2025-11-14 00:40:47,1.17.2,PR1,8,4.05,,23,Left,Left,630,115,81,22,,,0.37
2025-11-14 00:40:49,1.17.2,PR1,8,4.05,,23,Left,Left,631,115,81,22,,,0.23
2025-11-14 00:40:52,1.17.2,PR1,8,4.05,,23,Right,Left,631,116,81,22,,,0.33
2025-11-14 00:44:09,1.17.2,PR1,8,4.05,,23,Left,Left,632,116,81,22,,,0.1
2025-11-14 00:44:10,1.17.2,PR1,8,4.05,,23,Left,Left,633,116,81,22,,,0.23
2025-11-14 00:44:13,1.17.2,PR1,8,4.05,,23,Left,Left,634,116,81,22,,,0.16
2025-11-14 00:44:15,1.17.2,PR1,8,4.05,,23,Left,Left,635,116,81,22,,,0.07
2025-11-14 00:45:02,1.17.2,PR1,8,4.05,,23,Left,Left,636,116,81,22,,,0.56
2025-11-14 00:45:04,1.17.2,PR1,8,4.05,,23,Left,Left,637,116,81,22,,,0.47
2025-11-14 00:45:07,1.17.2,PR1,8,4.05,,23,Left,Left,638,116,81,22,,,0.21
2025-11-14 00:45:10,1.17.2,PR1,8,4.05,,23,Left,Left,639,116,81,22,,,0.15
2025-11-14 00:45:12,1.17.2,PR1,8,4.05,,23,Left,Left,640,116,81,22,,,0.51
2025-11-14 00:45:18,1.17.2,PR1,8,4.05,,23,Left,Left,641,116,81,22,,,0.19
2025-11-14 00:45:20,1.17.2,PR1,8,4.05,,23,Left,Left,642,116,81,22,,,0.58
2025-11-14 00:45:21,1.17.2,PR1,8,4.05,1.0,23,Pellet,Left,642,116,82,23,0.65,2351.0,
2025-11-14 00:45:58,1.17.2,PR1,8,4.05,,24,Right,Left,642,117,82,23,,,0.07
2025-11-14 00:45:59,1.17.2,PR1,8,4.05,,24,Right,Left,642,118,82,23,,,0.08
2025-11-14 00:46:11,1.17.2,PR1,8,4.05,,24,Left,Left,643,118,82,23,,,0.1
2025-11-14 00:46:20,1.17.2,PR1,8,4.05,,24,Left,Left,644,118,82,23,,,0.07
2025-11-14 00:47:46,1.17.2,PR1,8,4.05,,24,Right,Left,644,119,82,23,,,0.07
2025-11-14 00:47:47,1.17.2,PR1,8,4.05,,24,Right,Left,644,120,82,23,,,0.16
2025-11-14 00:47:49,1.17.2,PR1,8,4.05,,24,Right,Left,644,121,82,23,,,0.48
2025-11-14 00:57:38,1.17.2,PR1,8,4.05,,24,Left,Left,645,121,82,23,,,0.07
2025-11-14 00:57:40,1.17.2,PR1,8,4.05,,24,Left,Left,646,121,82,23,,,0.13
2025-11-14 00:57:41,1.17.2,PR1,8,4.05,,24,Left,Left,647,121,82,23,,,0.02
2025-11-14 01:05:15,1.17.2,PR1,8,4.05,,24,Left,Left,648,121,82,23,,,0.06
2025-11-14 01:05:16,1.17.2,PR1,8,4.05,,24,Left,Left,649,121,82,23,,,0.08
2025-11-14 01:05:17,1.17.2,PR1,8,4.05,,24,Left,Left,650,121,82,23,,,0.08
2025-11-14 01:05:20,1.17.2,PR1,8,4.05,,24,Left,Left,651,121,82,23,,,0.06
2025-11-14 01:09:18,1.17.2,PR1,8,4.05,,24,Right,Left,651,122,82,23,,,0.2
2025-11-14 01:09:19,1.17.2,PR1,8,4.04,,24,Right,Left,651,123,82,23,,,0.02
2025-11-14 01:10:09,1.17.2,PR1,8,4.05,,24,Left,Left,652,123,82,23,,,0.19
2025-11-14 01:17:23,1.17.2,PR1,8,4.05,,24,Right,Left,652,124,82,23,,,0.19
2025-11-14 01:17:25,1.17.2,PR1,8,4.05,,24,Right,Left,652,125,82,23,,,0.17
2025-11-14 01:17:27,1.17.2,PR1,8,4.05,,24,Right,Left,652,126,82,23,,,0.23
2025-11-14 01:17:29,1.17.2,PR1,8,4.05,,24,Right,Left,652,127,82,23,,,0.14
2025-11-14 01:17:30,1.17.2,PR1,8,4.05,,24,Right,Left,652,128,82,23,,,0.22
2025-11-14 01:17:58,1.17.2,PR1,8,4.05,,24,Left,Left,653,128,82,23,,,0.12
2025-11-14 01:17:59,1.17.2,PR1,8,4.05,,24,Left,Left,654,128,82,23,,,0.24
2025-11-14 01:18:03,1.17.2,PR1,8,4.05,,24,Right,Left,654,129,82,23,,,0.1
2025-11-14 01:18:05,1.17.2,PR1,8,4.05,,24,Left,Left,655,129,82,23,,,0.1
2025-11-14 01:22:21,1.17.2,PR1,8,4.05,,24,Left,Left,656,129,82,23,,,0.22
2025-11-14 01:22:22,1.17.2,PR1,8,4.05,,24,Left,Left,657,129,82,23,,,0.22
2025-11-14 01:22:26,1.17.2,PR1,8,4.05,,24,Left,Left,658,129,82,23,,,0.2
2025-11-14 01:22:27,1.17.2,PR1,8,4.05,,24,Left,Left,659,129,82,23,,,0.09
2025-11-14 01:22:29,1.17.2,PR1,8,4.05,,24,Left,Left,660,129,82,23,,,0.17
2025-11-14 01:22:31,1.17.2,PR1,8,4.05,,24,Left,Left,661,129,82,23,,,0.2
2025-11-14 01:22:33,1.17.2,PR1,8,4.05,,24,Right,Left,661,130,82,23,,,0.57
2025-11-14 01:22:34,1.17.2,PR1,8,4.05,,24,Right,Left,661,131,82,23,,,0.45
2025-11-14 01:59:26,1.17.2,PR1,8,4.05,,1,Left,Left,662,131,82,0,,,0.17
2025-11-14 01:59:28,1.17.2,PR1,8,4.05,2.0,1,Pellet,Left,662,131,83,1,1.07,4447.0,
2025-11-14 01:59:56,1.17.2,PR1,8,4.05,,2,Left,Left,663,131,83,1,,,0.13
2025-11-14 01:59:57,1.17.2,PR1,8,4.05,,2,Left,Left,664,131,83,1,,,0.24
2025-11-14 01:59:58,1.17.2,PR1,8,4.05,1.0,2,Pellet,Left,664,131,84,2,0.59,30.0,
2025-11-14 02:00:08,1.17.2,PR1,8,4.05,,3,Left,Left,665,131,84,2,,,0.1
2025-11-14 02:00:11,1.17.2,PR1,8,4.05,,3,Left,Left,666,131,84,2,,,0.08
2025-11-14 02:00:17,1.17.2,PR1,8,4.05,,3,Left,Left,667,131,84,2,,,0.3
2025-11-14 02:00:19,1.17.2,PR1,8,4.05,1.0,3,Pellet,Left,667,131,85,3,1.25,21.0,
2025-11-14 02:00:32,1.17.2,PR1,8,4.05,,4,Left,Left,668,131,85,3,,,0.11
2025-11-14 02:00:34,1.17.2,PR1,8,4.05,,4,Left,Left,669,131,85,3,,,0.6
2025-11-14 02:00:34,1.17.2,PR1,8,4.05,,4,Left,Left,670,131,85,3,,,0.29
2025-11-14 02:00:40,1.17.2,PR1,8,4.05,,4,Left,Left,671,131,85,3,,,0.13
2025-11-14 02:00:42,1.17.2,PR1,8,4.05,2.0,4,Pellet,Left,671,131,86,4,0.71,23.0,
2025-11-14 02:01:08,1.17.2,PR1,8,4.05,,5,Left,Left,672,131,86,4,,,0.53
2025-11-14 02:01:18,1.17.2,PR1,8,4.05,,5,Left,Left,673,131,86,4,,,0.06
2025-11-14 02:01:19,1.17.2,PR1,8,4.05,,5,Left,Left,674,131,86,4,,,0.13
2025-11-14 02:01:22,1.17.2,PR1,8,4.05,,5,Left,Left,675,131,86,4,,,0.45
2025-11-14 02:01:23,1.17.2,PR1,8,4.04,,5,Left,Left,676,131,86,4,,,0.34
2025-11-14 02:01:24,1.17.2,PR1,8,4.04,1.0,5,Pellet,Left,676,131,87,5,0.29,42.0,
2025-11-14 02:01:42,1.17.2,PR1,8,4.05,,6,Left,Left,677,131,87,5,,,0.06
2025-11-14 02:01:45,1.17.2,PR1,8,4.05,,6,Left,Left,678,131,87,5,,,0.09
2025-11-14 02:01:46,1.17.2,PR1,8,4.05,,6,Left,Left,679,131,87,5,,,0.26
2025-11-14 02:01:49,1.17.2,PR1,8,4.05,,6,Left,Left,680,131,87,5,,,0.07
2025-11-14 02:01:51,1.17.2,PR1,8,4.05,,6,Left,Left,681,131,87,5,,,0.21
2025-11-14 02:13:28,1.17.2,PR1,8,4.04,,6,Left,Left,682,131,87,5,,,0.12
2025-11-14 02:13:30,1.17.2,PR1,8,4.05,1.0,6,Pellet,Left,682,131,88,6,0.77,726.0,
2025-11-14 02:13:50,1.17.2,PR1,8,4.05,,7,Left,Left,683,131,88,6,,,0.07
2025-11-14 02:14:09,1.17.2,PR1,8,4.04,,7,Left,Left,684,131,88,6,,,0.08
2025-11-14 02:14:10,1.17.2,PR1,8,4.05,,7,Left,Left,685,131,88,6,,,0.12
2025-11-14 02:14:12,1.17.2,PR1,8,4.04,,7,Left,Left,686,131,88,6,,,0.16
2025-11-14 02:14:17,1.17.2,PR1,8,4.05,,7,Left,Left,687,131,88,6,,,0.04
2025-11-14 02:14:18,1.17.2,PR1,8,4.05,,7,Left,Left,688,131,88,6,,,0.12
2025-11-14 02:14:22,1.17.2,PR1,8,4.05,,7,Left,Left,689,131,88,6,,,0.11
2025-11-14 02:14:25,1.17.2,PR1,8,4.05,1.0,7,Pellet,Left,689,131,89,7,2.27,55.0,
2025-11-14 02:14:38,1.17.2,PR1,8,4.05,,8,Left,Left,690,131,89,7,,,0.2
2025-11-14 02:14:39,1.17.2,PR1,8,4.05,,8,Left,Left,691,131,89,7,,,0.07
2025-11-14 02:14:45,1.17.2,PR1,8,4.04,,8,Left,Left,692,131,89,7,,,0.52
2025-11-14 02:14:47,1.17.2,PR1,8,4.05,,8,Left,Left,693,131,89,7,,,0.07
2025-11-14 02:14:49,1.17.2,PR1,8,4.05,,8,Left,Left,694,131,89,7,,,0.31
2025-11-14 02:14:50,1.17.2,PR1,8,4.04,,8,Left,Left,695,131,89,7,,,0.07
2025-11-14 02:14:53,1.17.2,PR1,8,4.05,,8,Left,Left,696,131,89,7,,,1.47
2025-11-14 02:14:59,1.17.2,PR1,8,4.05,,8,Left,Left,697,131,89,7,,,0.35
2025-11-14 02:15:02,1.17.2,PR1,8,4.04,1.0,8,Pellet,Left,697,131,90,8,2.33,37.0,
2025-11-14 02:15:23,1.17.2,PR1,8,4.05,,9,Left,Left,698,131,90,8,,,0.09
2025-11-14 02:15:27,1.17.2,PR1,8,4.05,,9,Left,Left,699,131,90,8,,,0.1
2025-11-14 02:15:32,1.17.2,PR1,8,4.05,,9,Left,Left,700,131,90,8,,,0.47
2025-11-14 02:15:35,1.17.2,PR1,8,4.05,,9,Left,Left,701,131,90,8,,,0.18
2025-11-14 02:15:38,1.17.2,PR1,8,4.05,,9,Left,Left,702,131,90,8,,,0.33
2025-11-14 02:15:40,1.17.2,PR1,8,4.05,,9,Left,Left,703,131,90,8,,,0.38
2025-11-14 02:15:42,1.17.2,PR1,8,4.05,,9,Left,Left,704,131,90,8,,,0.42
2025-11-14 02:15:45,1.17.2,PR1,8,4.05,,9,Left,Left,705,131,90,8,,,0.2
2025-11-14 02:15:47,1.17.2,PR1,8,4.04,,9,Left,Left,706,131,90,8,,,0.12
2025-11-14 02:15:49,1.17.2,PR1,8,4.05,1.0,9,Pellet,Left,706,131,91,9,0.53,46.0,
2025-11-14 02:16:01,1.17.2,PR1,8,4.05,,10,Left,Left,707,131,91,9,,,0.04
2025-11-14 02:32:05,1.17.2,PR1,8,4.05,,10,Left,Left,708,131,91,9,,,0.07
2025-11-14 02:47:09,1.17.2,PR1,8,4.05,,10,Left,Left,709,131,91,9,,,0.7
2025-11-14 02:47:11,1.17.2,PR1,8,4.05,,10,Left,Left,710,131,91,9,,,0.22
2025-11-14 02:47:15,1.17.2,PR1,8,4.05,,10,Left,Left,711,131,91,9,,,0.31
2025-11-14 02:47:18,1.17.2,PR1,8,4.04,,10,Left,Left,712,131,91,9,,,0.18
2025-11-14 02:47:21,1.17.2,PR1,8,4.05,,10,Left,Left,713,131,91,9,,,0.05
2025-11-14 02:47:25,1.17.2,PR1,8,4.05,,10,Left,Left,714,131,91,9,,,0.32
2025-11-14 02:47:28,1.17.2,PR1,8,4.05,,10,Left,Left,715,131,91,9,,,1.2
2025-11-14 02:47:31,1.17.2,PR1,8,4.05,,10,Left,Left,716,131,91,9,,,0.58
2025-11-14 02:47:34,1.17.2,PR1,8,4.05,1.0,10,Pellet,Left,716,131,92,10,1.84,1905.0,
2025-11-14 02:47:48,1.17.2,PR1,8,4.05,,11,Left,Left,717,131,92,10,,,0.03
2025-11-14 02:47:49,1.17.2,PR1,8,4.04,,11,Left,Left,718,131,92,10,,,0.12
2025-11-14 02:47:51,1.17.2,PR1,8,4.05,,11,Left,Left,719,131,92,10,,,0.12
2025-11-14 03:06:48,1.17.2,PR1,8,4.05,,11,Left,Left,720,131,92,10,,,0.28
2025-11-14 03:06:51,1.17.2,PR1,8,4.04,,11,Left,Left,721,131,92,10,,,0.19
2025-11-14 03:06:56,1.17.2,PR1,8,4.04,,11,Left,Left,722,131,92,10,,,0.21
2025-11-14 03:06:57,1.17.2,PR1,8,4.05,,11,Left,Left,723,131,92,10,,,0.06
2025-11-14 03:07:56,1.17.2,PR1,8,4.05,,11,Right,Left,723,132,92,10,,,0.21
2025-11-14 03:10:49,1.17.2,PR1,8,4.05,,11,Left,Left,724,132,92,10,,,0.12
2025-11-14 03:12:18,1.17.2,PR1,8,4.04,,11,Left,Left,725,132,92,10,,,0.14
2025-11-14 03:13:02,1.17.2,PR1,8,4.03,,11,Left,Left,726,132,92,10,,,0.04
2025-11-14 03:23:09,1.17.2,PR1,8,4.05,,11,Left,Left,727,132,92,10,,,0.09
2025-11-14 03:23:11,1.17.2,PR1,8,4.05,1.0,11,Pellet,Left,727,132,93,11,0.89,2138.0,
2025-11-14 03:23:20,1.17.2,PR1,8,4.05,,12,Left,Left,728,132,93,11,,,0.06
2025-11-14 03:36:23,1.17.2,PR1,8,4.04,,12,Left,Left,729,132,93,11,,,0.38
2025-11-14 03:36:27,1.17.2,PR1,8,4.04,,12,Left,Left,730,132,93,11,,,0.31
2025-11-14 03:39:44,1.17.2,PR1,8,4.04,,12,Left,Left,731,132,93,11,,,0.53
2025-11-14 03:39:49,1.17.2,PR1,8,4.04,,12,Left,Left,732,132,93,11,,,0.3
2025-11-14 03:39:53,1.17.2,PR1,8,4.04,,12,Left,Left,733,132,93,11,,,0.03
2025-11-14 03:55:59,1.17.2,PR1,8,4.04,,12,Left,Left,734,132,93,11,,,0.28
2025-11-14 04:03:55,1.17.2,PR1,8,4.05,,12,Left,Left,735,132,93,11,,,0.15
2025-11-14 04:03:56,1.17.2,PR1,8,4.04,,12,Left,Left,736,132,93,11,,,0.09
2025-11-14 04:04:23,1.17.2,PR1,8,4.04,,12,Left,Left,737,132,93,11,,,0.09
2025-11-14 04:19:30,1.17.2,PR1,8,4.05,,12,Left,Left,738,132,93,11,,,0.17
2025-11-14 04:24:34,1.17.2,PR1,8,4.03,,12,Left,Left,739,132,93,11,,,0.31
2025-11-14 04:24:35,1.17.2,PR1,8,4.04,1.0,12,Pellet,Left,739,132,94,12,0.71,3684.0,
2025-11-14 04:24:54,1.17.2,PR1,8,4.05,,13,Left,Left,740,132,94,12,,,0.02
2025-11-14 04:24:55,1.17.2,PR1,8,4.04,,13,Left,Left,741,132,94,12,,,0.11
2025-11-14 04:26:32,1.17.2,PR1,8,4.04,,13,Left,Left,742,132,94,12,,,0.12
2025-11-14 04:31:00,1.17.2,PR1,8,4.04,,13,Left,Left,743,132,94,12,,,0.07
2025-11-14 04:31:02,1.17.2,PR1,8,4.05,,13,Left,Left,744,132,94,12,,,0.27
2025-11-14 04:31:07,1.17.2,PR1,8,4.04,,13,Right,Left,744,133,94,12,,,0.07
2025-11-14 04:31:37,1.17.2,PR1,8,4.04,,13,Left,Left,745,133,94,12,,,0.12
2025-11-14 04:31:48,1.17.2,PR1,8,4.05,,13,Left,Left,746,133,94,12,,,0.05
2025-11-14 04:41:47,1.17.2,PR1,8,4.04,,13,Left,Left,747,133,94,12,,,0.22
2025-11-14 04:41:49,1.17.2,PR1,8,4.03,,13,Left,Left,748,133,94,12,,,0.32
2025-11-14 04:45:11,1.17.2,PR1,8,4.05,,13,Left,Left,749,133,94,12,,,0.11
2025-11-14 04:45:15,1.17.2,PR1,8,4.05,,13,Right,Left,749,134,94,12,,,0.04
2025-11-14 04:45:16,1.17.2,PR1,8,4.05,,13,Right,Left,749,135,94,12,,,0.12
2025-11-14 04:50:48,1.17.2,PR1,8,4.05,,13,Left,Left,750,135,94,12,,,0.03
2025-11-14 04:53:47,1.17.2,PR1,8,4.04,,13,Left,Left,751,135,94,12,,,0.27
2025-11-14 04:53:50,1.17.2,PR1,8,4.04,,13,Left,Left,752,135,94,12,,,0.15
2025-11-14 04:53:52,1.17.2,PR1,8,4.04,1.0,13,Pellet,Left,752,135,95,13,0.59,1757.0,
2025-11-14 04:54:26,1.17.2,PR1,8,4.04,,14,Left,Left,753,135,95,13,,,0.07
2025-11-14 04:54:27,1.17.2,PR1,8,4.04,,14,Left,Left,754,135,95,13,,,0.13
2025-11-14 04:54:31,1.17.2,PR1,8,4.04,,14,Left,Left,755,135,95,13,,,0.1
2025-11-14 04:54:32,1.17.2,PR1,8,4.05,,14,Left,Left,756,135,95,13,,,0.17
2025-11-14 04:54:34,1.17.2,PR1,8,4.05,,14,Left,Left,757,135,95,13,,,0.17
2025-11-14 04:54:35,1.17.2,PR1,8,4.03,,14,Left,Left,758,135,95,13,,,0.18
2025-11-14 04:54:37,1.17.2,PR1,8,4.04,,14,Left,Left,759,135,95,13,,,0.14
2025-11-14 04:54:40,1.17.2,PR1,8,4.04,,14,Left,Left,760,135,95,13,,,0.08
2025-11-14 04:54:42,1.17.2,PR1,8,4.04,,14,Right,Left,760,136,95,13,,,0.14
2025-11-14 05:14:29,1.17.2,PR1,8,4.04,,14,Left,Left,761,136,95,13,,,0.04
2025-11-14 05:14:34,1.17.2,PR1,8,4.05,,14,Left,Left,762,136,95,13,,,0.04
2025-11-14 06:02:46,1.17.2,PR1,8,4.04,,1,Left,Left,763,136,95,0,,,0.2
2025-11-14 06:02:48,1.17.2,PR1,8,4.04,1.0,1,Pellet,Left,763,136,96,1,0.53,4136.0,
2025-11-14 06:03:13,1.17.2,PR1,8,4.04,,2,Left,Left,764,136,96,1,,,0.12
2025-11-14 06:03:14,1.17.2,PR1,8,4.04,,2,Left,Left,765,136,96,1,,,0.21
2025-11-14 06:03:16,1.17.2,PR1,8,4.04,1.0,2,Pellet,Left,765,136,97,2,1.01,27.0,
2025-11-14 06:04:52,1.17.2,PR1,8,4.04,,3,Left,Left,766,136,97,2,,,0.12
2025-11-14 06:04:54,1.17.2,PR1,8,4.04,,3,Left,Left,767,136,97,2,,,0.22
2025-11-14 06:04:56,1.17.2,PR1,8,4.04,,3,Left,Left,768,136,97,2,,,0.17
2025-11-14 06:04:56,1.17.2,PR1,8,4.04,,3,LeftDuringDispense,Left,769,136,97,3,,,0.13
2025-11-14 06:05:02,1.17.2,PR1,8,4.03,3.0,3,Pellet,Left,769,136,98,3,0.59,107.0,
2025-11-14 06:05:08,1.17.2,PR1,8,4.03,,4,Left,Left,770,136,98,3,,,0.07
2025-11-14 06:05:10,1.17.2,PR1,8,4.03,,4,Left,Left,771,136,98,3,,,0.35
2025-11-14 06:05:11,1.17.2,PR1,8,4.03,,4,Left,Left,772,136,98,3,,,0.09
2025-11-14 06:05:14,1.17.2,PR1,8,4.03,,4,Left,Left,773,136,98,3,,,0.09
2025-11-14 06:05:15,1.17.2,PR1,8,4.03,,4,LeftDuringDispense,Left,774,136,98,4,,,0.17
2025-11-14 06:05:16,1.17.2,PR1,8,4.03,1.0,4,Pellet,Left,774,136,99,4,0.89,14.0,
2025-11-14 06:05:29,1.17.2,PR1,8,4.04,,5,Left,Left,775,136,99,4,,,0.04
2025-11-14 06:05:30,1.17.2,PR1,8,4.04,,5,Left,Left,776,136,99,4,,,0.06
2025-11-14 06:05:31,1.17.2,PR1,8,4.04,,5,Left,Left,777,136,99,4,,,0.21
2025-11-14 06:05:32,1.17.2,PR1,8,4.04,,5,Left,Left,778,136,99,4,,,0.12
2025-11-14 06:05:33,1.17.2,PR1,8,4.04,,5,Left,Left,779,136,99,4,,,0.17
2025-11-14 06:05:34,1.17.2,PR1,8,4.04,2.0,5,Pellet,Left,779,136,100,5,0.41,18.0,
2025-11-14 06:05:42,1.17.2,PR1,8,4.04,,6,Left,Left,780,136,100,5,,,0.12
2025-11-14 06:05:44,1.17.2,PR1,8,4.04,,6,Left,Left,781,136,100,5,,,0.14
2025-11-14 06:05:45,1.17.2,PR1,8,4.03,,6,Left,Left,782,136,100,5,,,0.13
2025-11-14 06:05:55,1.17.2,PR1,8,4.04,,6,Left,Left,783,136,100,5,,,0.07
2025-11-14 06:06:00,1.17.2,PR1,8,4.04,,6,Left,Left,784,136,100,5,,,0.05
2025-11-14 06:06:02,1.17.2,PR1,8,4.03,,6,Left,Left,785,136,100,5,,,0.12
2025-11-14 06:06:04,1.17.2,PR1,8,4.04,1.0,6,Pellet,Left,785,136,101,6,0.41,29.0,
2025-11-14 06:06:17,1.17.2,PR1,8,4.04,,7,Left,Left,786,136,101,6,,,0.0
2025-11-14 06:06:18,1.17.2,PR1,8,4.04,,7,Left,Left,787,136,101,6,,,0.13
2025-11-14 06:06:19,1.17.2,PR1,8,4.04,,7,Left,Left,788,136,101,6,,,0.21
2025-11-14 06:34:46,1.17.2,PR1,8,4.04,,7,Left,Left,789,136,101,6,,,0.12
2025-11-14 06:34:47,1.17.2,PR1,8,4.04,,7,Left,Left,790,136,101,6,,,0.14
2025-11-14 06:34:48,1.17.2,PR1,8,4.03,,7,Left,Left,791,136,101,6,,,0.05
2025-11-14 06:34:49,1.17.2,PR1,8,4.03,,7,Left,Left,792,136,101,6,,,0.28
2025-11-14 06:34:50,1.17.2,PR1,8,4.04,1.0,7,Pellet,Left,792,136,102,7,0.35,1727.0,
2025-11-14 06:35:12,1.17.2,PR1,8,4.04,,8,Left,Left,793,136,102,7,,,0.09
2025-11-14 06:35:15,1.17.2,PR1,8,4.04,,8,Left,Left,794,136,102,7,,,0.07
2025-11-14 06:35:16,1.17.2,PR1,8,4.04,,8,Left,Left,795,136,102,7,,,0.05
2025-11-14 06:35:18,1.17.2,PR1,8,4.04,,8,Left,Left,796,136,102,7,,,0.08
2025-11-14 06:35:20,1.17.2,PR1,8,4.04,,8,Left,Left,797,136,102,7,,,0.1
2025-11-14 06:35:21,1.17.2,PR1,8,4.04,,8,Left,Left,798,136,102,7,,,0.33
2025-11-14 06:35:22,1.17.2,PR1,8,4.04,,8,Left,Left,799,136,102,7,,,0.23
2025-11-14 06:35:24,1.17.2,PR1,8,4.03,,8,Left,Left,800,136,102,7,,,0.13
2025-11-14 06:35:25,1.17.2,PR1,8,4.03,1.0,8,Pellet,Left,800,136,103,8,0.41,35.0,
2025-11-14 06:44:33,1.17.2,PR1,8,4.03,,9,Right,Left,800,137,103,8,,,0.08
2025-11-14 06:53:38,1.17.2,PR1,8,4.04,,9,Right,Left,800,138,103,8,,,0.1
2025-11-14 06:53:39,1.17.2,PR1,8,4.04,,9,Right,Left,800,139,103,8,,,0.15
2025-11-14 06:53:42,1.17.2,PR1,8,4.03,,9,Left,Left,801,139,103,8,,,0.04
2025-11-14 07:07:01,1.17.2,PR1,8,4.03,,9,Left,Left,802,139,103,8,,,0.2
2025-11-14 07:07:51,1.17.2,PR1,8,4.03,,9,Left,Left,803,139,103,8,,,0.04
2025-11-14 07:07:53,1.17.2,PR1,8,4.03,,9,Left,Left,804,139,103,8,,,0.09
2025-11-14 07:07:54,1.17.2,PR1,8,4.04,,9,Left,Left,805,139,103,8,,,0.15
2025-11-14 07:08:02,1.17.2,PR1,8,4.03,,9,Right,Left,805,140,103,8,,,0.0
2025-11-14 07:09:49,1.17.2,PR1,8,4.04,,9,Left,Left,806,140,103,8,,,0.03
2025-11-14 07:10:40,1.17.2,PR1,8,4.04,,9,Right,Left,806,141,103,8,,,0.5
2025-11-14 07:10:42,1.17.2,PR1,8,4.03,,9,Right,Left,806,142,103,8,,,0.36
2025-11-14 07:10:43,1.17.2,PR1,8,4.04,,9,Right,Left,806,143,103,8,,,0.1
2025-11-14 07:10:45,1.17.2,PR1,8,4.03,,9,Right,Left,806,144,103,8,,,0.1
2025-11-14 07:10:47,1.17.2,PR1,8,4.04,,9,Right,Left,806,145,103,8,,,0.2
2025-11-14 07:10:49,1.17.2,PR1,8,4.03,,9,Right,Left,806,146,103,8,,,1.1
2025-11-14 07:10:52,1.17.2,PR1,8,4.04,,9,Right,Left,806,147,103,8,,,0.37
2025-11-14 07:10:54,1.17.2,PR1,8,4.03,,9,Right,Left,806,148,103,8,,,0.59
2025-11-14 07:11:11,1.17.2,PR1,8,4.04,,9,Left,Left,807,148,103,8,,,0.32
2025-11-14 09:15:54,1.17.2,PR1,8,4.03,,1,Left,Left,808,148,103,0,,,0.0
2025-11-14 09:15:56,1.17.2,PR1,8,4.03,1.0,1,Pellet,Left,808,148,104,1,1.07,9631.0,
2025-11-14 09:26:47,1.17.2,PR1,8,4.03,,2,Right,Left,808,149,104,1,,,0.18
2025-11-14 09:26:48,1.17.2,PR1,8,4.03,,2,Right,Left,808,150,104,1,,,0.13
2025-11-14 09:26:50,1.17.2,PR1,8,4.03,,2,Right,Left,808,151,104,1,,,0.06
2025-11-14 10:50:24,1.17.2,PR1,8,4.03,,1,Left,Left,809,151,104,0,,,0.12
2025-11-14 10:50:29,1.17.2,PR1,8,4.03,1.0,1,Pellet,Left,809,151,105,1,3.52,5672.0,
2025-11-14 10:50:42,1.17.2,PR1,8,4.03,,2,Left,Left,810,151,105,1,,,0.03
2025-11-14 10:50:44,1.17.2,PR1,8,4.03,,2,Left,Left,811,151,105,1,,,0.62
2025-11-14 10:50:46,1.17.2,PR1,8,4.03,1.0,2,Pellet,Left,811,151,106,2,1.67,18.0,
2025-11-14 10:51:09,1.17.2,PR1,8,4.03,,3,Left,Left,812,151,106,2,,,1.12
2025-11-14 10:51:16,1.17.2,PR1,8,4.03,,3,Left,Left,813,151,106,2,,,0.0
2025-11-14 10:51:19,1.17.2,PR1,8,4.03,,3,Left,Left,814,151,106,2,,,0.25
2025-11-14 10:51:22,1.17.2,PR1,8,4.03,1.0,3,Pellet,Left,814,151,107,3,1.9,36.0,
2025-11-14 10:51:33,1.17.2,PR1,8,4.03,,4,Left,Left,815,151,107,3,,,0.02
2025-11-14 10:51:35,1.17.2,PR1,8,4.03,,4,Left,Left,816,151,107,3,,,0.35
2025-11-14 10:51:36,1.17.2,PR1,8,4.03,,4,Left,Left,817,151,107,3,,,0.08
2025-11-14 10:51:39,1.17.2,PR1,8,4.03,,4,Left,Left,818,151,107,3,,,0.01
2025-11-14 10:51:41,1.17.2,PR1,8,4.03,1.0,4,Pellet,Left,818,151,108,4,1.31,19.0,
2025-11-14 10:52:03,1.17.2,PR1,8,4.03,,5,Left,Left,819,151,108,4,,,0.1
2025-11-14 10:52:06,1.17.2,PR1,8,4.03,,5,Left,Left,820,151,108,4,,,0.02
2025-11-14 10:52:07,1.17.2,PR1,8,4.03,,5,Left,Left,821,151,108,4,,,0.03
2025-11-14 10:52:13,1.17.2,PR1,8,4.03,,5,Left,Left,822,151,108,4,,,0.12
2025-11-14 10:52:14,1.17.2,PR1,8,4.03,,5,Left,Left,823,151,108,4,,,1.07
2025-11-14 10:52:16,1.17.2,PR1,8,4.03,1.0,5,Pellet,Left,823,151,109,5,1.13,35.0,
2025-11-14 10:52:33,1.17.2,PR1,8,4.03,,6,Left,Left,824,151,109,5,,,0.04
2025-11-14 11:44:12,1.17.2,PR1,8,4.03,,1,Left,Left,825,151,109,0,,,0.06
2025-11-14 11:44:14,1.17.2,PR1,8,4.03,1.0,1,Pellet,Left,825,151,110,1,0.77,3118.0,
2025-11-14 11:44:35,1.17.2,PR1,8,4.03,,2,Left,Left,826,151,110,1,,,0.28
2025-11-14 12:42:54,1.17.2,PR1,8,4.03,,1,Left,Left,827,151,110,0,,,0.21
2025-11-14 12:42:56,1.17.2,PR1,8,4.03,1.0,1,Pellet,Left,827,151,111,1,1.19,3521.0,
2025-11-14 12:43:19,1.17.2,PR1,8,4.03,,2,Left,Left,828,151,111,1,,,0.07
2025-11-14 12:43:42,1.17.2,PR1,8,4.02,,2,Right,Left,828,152,111,1,,,0.02
2025-11-14 12:45:13,1.17.2,PR1,8,4.03,,2,Left,Left,829,152,111,1,,,0.3
2025-11-14 12:45:14,1.17.2,PR1,8,4.03,1.0,2,Pellet,Left,829,152,112,2,0.71,139.0,
2025-11-14 13:35:46,1.17.2,PR1,8,4.02,,1,Left,Left,830,152,112,0,,,0.22
2025-11-14 13:35:49,1.17.2,PR1,8,4.02,1.0,1,Pellet,Left,830,152,113,1,1.49,3035.0,
2025-11-14 13:36:14,1.17.2,PR1,8,4.02,,2,Left,Left,831,152,113,1,,,0.26
2025-11-14 13:36:16,1.17.2,PR1,8,4.03,,2,Left,Left,832,152,113,1,,,0.12
2025-11-14 13:36:18,1.17.2,PR1,8,4.03,1.0,2,Pellet,Left,832,152,114,2,1.25,29.0,
2025-11-14 13:36:43,1.17.2,PR1,8,4.02,,3,Left,Left,833,152,114,2,,,0.08
2025-11-14 13:36:45,1.17.2,PR1,8,4.03,,3,Left,Left,834,152,114,2,,,0.21
2025-11-14 13:36:47,1.17.2,PR1,8,4.02,,3,Left,Left,835,152,114,2,,,0.17
2025-11-14 13:36:48,1.17.2,PR1,8,4.02,1.0,3,Pellet,Left,835,152,115,3,0.41,30.0,
2025-11-14 13:37:07,1.17.2,PR1,8,4.02,,4,Left,Left,836,152,115,3,,,0.32
2025-11-14 13:37:14,1.17.2,PR1,8,4.02,,4,Left,Left,837,152,115,3,,,0.1
2025-11-14 13:37:19,1.17.2,PR1,8,4.02,,4,Left,Left,838,152,115,3,,,0.2
2025-11-14 13:38:11,1.17.2,PR1,8,4.02,,4,Right,Left,838,153,115,3,,,0.1
2025-11-14 13:41:39,1.17.2,PR1,8,4.03,,4,Right,Left,838,154,115,3,,,0.12
2025-11-14 13:42:07,1.17.2,PR1,8,4.03,,4,Left,Left,839,154,115,3,,,0.12
2025-11-14 13:42:08,1.17.2,PR1,8,4.02,1.0,4,Pellet,Left,839,154,116,4,0.77,320.0,
2025-11-14 13:42:45,1.17.2,PR1,8,4.03,,5,Left,Left,840,154,116,4,,,0.14
2025-11-14 13:42:49,1.17.2,PR1,8,4.02,,5,Left,Left,841,154,116,4,,,0.09
2025-11-14 13:42:50,1.17.2,PR1,8,4.03,,5,Left,Left,842,154,116,4,,,0.16
2025-11-14 13:45:12,1.17.2,PR1,8,4.03,,5,Left,Left,843,154,116,4,,,0.03
