MM:DD:YYYY hh:mm:ss,Library_Version,Session_Type,Device_Number,Battery_Voltage,Motor_Turns,PelletsToSwitch,Prob_left,Prob_right,Event,High_prob_poke,Left_Poke_Count,Right_Poke_Count,Pellet_Count,Block_Pellet_Count,Retrieval_Time,InterPelletInterval,Poke_Time
2025-11-10 18:21:59,1.17.2,Bandit80,14,4.2,,20,20,80,Right,Right,0,1,0,0,,,0.33
2025-11-10 18:22:42,1.17.2,Bandit80,14,4.2,3.0,20,20,80,Pellet,Right,0,1,1,0,40.26,,
2025-11-10 18:23:18,1.17.2,Bandit80,14,4.2,,20,20,80,Left,Right,1,1,1,1,,,0.28
2025-11-10 18:24:33,1.17.2,Bandit80,14,4.2,,20,20,80,Right,Right,1,2,1,1,,,0.62
2025-11-10 18:24:37,1.17.2,Bandit80,14,4.19,2.0,20,20,80,Pellet,Right,1,2,2,1,3.76,115.0,
2025-11-10 18:25:35,1.17.2,Bandit80,14,4.2,,20,20,80,Left,Right,2,2,2,2,,,0.32
2025-11-10 18:26:21,1.17.2,Bandit80,14,4.2,,20,20,80,Left,Right,3,2,2,2,,,0.37
2025-11-10 18:26:21,1.17.2,Bandit80,14,4.2,,20,20,80,LeftinTimeOut,Right,3,2,2,2,,,
2025-11-10 18:26:22,1.17.2,Bandit80,14,4.2,,20,20,80,LeftinTimeOut,Right,3,2,2,2,,,
2025-11-10 18:26:27,1.17.2,Bandit80,14,4.2,,20,20,80,RightinTimeout,Right,3,2,2,2,,,0.0
2025-11-10 18:26:28,1.17.2,Bandit80,14,4.18,,20,20,80,RightinTimeout,Right,3,2,2,2,,,0.0
2025-11-10 18:29:19,1.17.2,Bandit80,14,4.2,,20,20,80,Right,Right,3,3,2,2,,,0.82
2025-11-10 18:29:21,1.17.2,Bandit80,14,4.2,1.0,20,20,80,Pellet,Right,3,3,3,2,0.71,283.0,
2025-11-10 18:30:09,1.17.2,Bandit80,14,4.2,,20,20,80,Right,Right,3,4,3,3,,,0.33
2025-11-10 18:30:11,1.17.2,Bandit80,14,4.18,1.0,20,20,80,Pellet,Right,3,4,4,3,0.83,51.0,
2025-11-10 18:30:52,1.17.2,Bandit80,14,4.19,,20,20,80,Left,Right,4,4,4,4,,,0.05
2025-11-10 18:30:52,1.17.2,Bandit80,14,4.19,,20,20,80,LeftinTimeOut,Right,4,4,4,4,,,
2025-11-10 18:31:23,1.17.2,Bandit80,14,4.2,,20,20,80,Left,Right,5,4,4,4,,,0.15
2025-11-10 18:31:40,1.17.2,Bandit80,14,4.2,,20,20,80,Right,Right,5,5,4,4,,,0.0
2025-11-10 18:35:47,1.17.2,Bandit80,14,4.2,,20,20,80,Left,Right,6,5,4,4,,,0.1
2025-11-10 18:35:47,1.17.2,Bandit80,14,4.19,,20,20,80,LeftinTimeOut,Right,6,5,4,4,,,
2025-11-10 18:35:50,1.17.2,Bandit80,14,4.19,,20,20,80,LeftinTimeOut,Right,6,5,4,4,,,
2025-11-10 18:36:24,1.17.2,Bandit80,14,4.2,,20,20,80,Left,Right,7,5,4,4,,,0.21
2025-11-10 18:36:26,1.17.2,Bandit80,14,4.19,1.0,20,20,80,Pellet,Right,7,5,5,4,0.71,375.0,
2025-11-10 18:36:37,1.17.2,Bandit80,14,4.19,,20,20,80,Left,Right,8,5,5,5,,,0.04
2025-11-10 18:36:40,1.17.2,Bandit80,14,4.19,,20,20,80,LeftinTimeOut,Right,8,5,5,5,,,
2025-11-10 18:36:40,1.17.2,Bandit80,14,4.19,,20,20,80,LeftinTimeOut,Right,8,5,5,5,,,
2025-11-10 18:37:34,1.17.2,Bandit80,14,4.19,,20,20,80,Right,Right,8,6,5,5,,,0.1
2025-11-10 18:37:34,1.17.2,Bandit80,14,4.19,,20,20,80,RightDuringDispense,Right,8,6,5,5,,,0.01
2025-11-10 18:37:38,1.17.2,Bandit80,14,4.19,2.0,20,20,80,Pellet,Right,8,6,6,5,0.41,72.0,
2025-11-10 18:38:14,1.17.2,Bandit80,14,4.19,,20,20,80,Right,Right,8,7,6,6,,,0.24
2025-11-10 18:38:15,1.17.2,Bandit80,14,4.19,1.0,20,20,80,Pellet,Right,8,7,7,6,0.95,37.0,
2025-11-10 18:38:51,1.17.2,Bandit80,14,4.19,,20,20,80,Right,Right,8,8,7,7,,,0.03
2025-11-10 18:38:58,1.17.2,Bandit80,14,4.19,,20,20,80,RightWithPellet,Right,8,9,7,7,,,0.18
2025-11-10 18:38:59,1.17.2,Bandit80,14,4.19,,20,20,80,RightWithPellet,Right,8,10,7,7,,,0.51
2025-11-10 18:39:01,1.17.2,Bandit80,14,4.2,1.0,20,20,80,Pellet,Right,8,10,8,7,9.47,46.0,
2025-11-10 18:44:56,1.17.2,Bandit80,14,4.19,,20,20,80,Right,Right,8,11,8,8,,,0.0
2025-11-10 18:44:58,1.17.2,Bandit80,14,4.19,1.0,20,20,80,Pellet,Right,8,11,9,8,0.71,357.0,
2025-11-10 18:45:17,1.17.2,Bandit80,14,4.2,,20,20,80,Right,Right,8,12,9,9,,,0.01
2025-11-10 18:48:06,1.17.2,Bandit80,14,4.19,,20,20,80,Left,Right,9,12,9,9,,,0.32
2025-11-10 19:03:13,1.17.2,Bandit80,14,4.19,,20,20,80,Left,Right,10,12,9,9,,,0.35
2025-11-10 19:03:14,1.17.2,Bandit80,14,4.19,1.0,20,20,80,Pellet,Right,10,12,10,9,0.83,1096.0,
2025-11-10 19:03:36,1.17.2,Bandit80,14,4.19,,20,20,80,Left,Right,11,12,10,10,,,0.1
2025-11-10 19:05:41,1.17.2,Bandit80,14,4.19,,20,20,80,Left,Right,12,12,10,10,,,0.49
2025-11-10 19:09:18,1.17.2,Bandit80,14,4.19,,20,20,80,Right,Right,12,13,10,10,,,0.31
2025-11-10 19:09:19,1.17.2,Bandit80,14,4.19,,20,20,80,RightWithPellet,Right,12,14,10,10,,,0.15
2025-11-10 19:09:20,1.17.2,Bandit80,14,4.19,1.0,20,20,80,Pellet,Right,12,14,11,10,1.81,366.0,
2025-11-10 19:11:14,1.17.2,Bandit80,14,4.2,,20,20,80,Left,Right,13,14,11,11,,,0.1
2025-11-10 19:11:53,1.17.2,Bandit80,14,4.19,,20,20,80,Left,Right,14,14,11,11,,,0.17
2025-11-10 19:17:42,1.17.2,Bandit80,14,4.19,,20,20,80,Left,Right,15,14,11,11,,,0.22
2025-11-10 19:17:49,1.17.2,Bandit80,14,4.19,,20,20,80,RightinTimeout,Right,15,14,11,11,,,0.0
2025-11-10 19:17:50,1.17.2,Bandit80,14,4.19,,20,20,80,RightinTimeout,Right,15,14,11,11,,,0.0
2025-11-10 19:22:53,1.17.2,Bandit80,14,4.19,,20,20,80,Left,Right,16,14,11,11,,,0.04
2025-11-10 19:24:33,1.17.2,Bandit80,14,4.19,,20,20,80,Left,Right,17,14,11,11,,,0.06
2025-11-10 19:26:49,1.17.2,Bandit80,14,4.19,,20,20,80,Left,Right,18,14,11,11,,,0.19
2025-11-10 19:26:50,1.17.2,Bandit80,14,4.19,,20,20,80,LeftinTimeOut,Right,18,14,11,11,,,
2025-11-10 19:27:27,1.17.2,Bandit80,14,4.18,,20,20,80,Right,Right,18,15,11,11,,,0.33
2025-11-10 19:27:44,1.17.2,Bandit80,14,4.19,,20,20,80,Left,Right,19,15,11,11,,,0.21
2025-11-10 19:27:57,1.17.2,Bandit80,14,4.19,,20,20,80,Left,Right,20,15,11,11,,,0.02
2025-11-10 19:31:30,1.17.2,Bandit80,14,4.19,,20,20,80,Right,Right,20,16,11,11,,,0.07
2025-11-10 19:31:30,1.17.2,Bandit80,14,4.19,,20,20,80,RightDuringDispense,Right,20,16,11,11,,,0.11
2025-11-10 19:31:34,1.17.2,Bandit80,14,4.19,2.0,20,20,80,Pellet,Right,20,16,12,11,0.47,1334.0,
2025-11-10 19:32:02,1.17.2,Bandit80,14,4.19,,20,20,80,Right,Right,20,17,12,12,,,0.22
2025-11-10 19:32:04,1.17.2,Bandit80,14,4.19,1.0,20,20,80,Pellet,Right,20,17,13,12,0.83,30.0,
2025-11-10 19:32:18,1.17.2,Bandit80,14,4.19,,20,20,80,Left,Right,21,17,13,13,,,0.06
2025-11-10 19:32:25,1.17.2,Bandit80,14,4.18,,20,20,80,RightinTimeout,Right,21,17,13,13,,,0.0
2025-11-10 19:32:25,1.17.2,Bandit80,14,4.19,,20,20,80,RightinTimeout,Right,21,17,13,13,,,0.0
2025-11-10 19:34:11,1.17.2,Bandit80,14,4.18,,20,20,80,Left,Right,22,17,13,13,,,0.0
2025-11-10 19:34:17,1.17.2,Bandit80,14,4.19,,20,20,80,RightinTimeout,Right,22,17,13,13,,,0.0
2025-11-10 19:34:56,1.17.2,Bandit80,14,4.19,,20,20,80,Left,Right,23,17,13,13,,,0.7
2025-11-10 19:35:04,1.17.2,Bandit80,14,4.19,,20,20,80,LeftinTimeOut,Right,23,17,13,13,,,
2025-11-10 19:35:22,1.17.2,Bandit80,14,4.19,,20,20,80,Right,Right,23,18,13,13,,,0.58
2025-11-10 19:35:23,1.17.2,Bandit80,14,4.18,1.0,20,20,80,Pellet,Right,23,18,14,13,0.47,199.0,
2025-11-10 19:35:32,1.17.2,Bandit80,14,4.19,,20,20,80,Right,Right,23,19,14,14,,,0.09
2025-11-10 19:35:33,1.17.2,Bandit80,14,4.19,1.0,20,20,80,Pellet,Right,23,19,15,14,0.23,10.0,
2025-11-10 19:35:48,1.17.2,Bandit80,14,4.19,,20,20,80,Right,Right,23,20,15,15,,,0.07
2025-11-10 19:35:49,1.17.2,Bandit80,14,4.19,1.0,20,20,80,Pellet,Right,23,20,16,15,0.35,16.0,
2025-11-10 19:36:10,1.17.2,Bandit80,14,4.19,,20,20,80,Right,Right,23,21,16,16,,,0.21
2025-11-10 19:36:11,1.17.2,Bandit80,14,4.19,1.0,20,20,80,Pellet,Right,23,21,17,16,0.35,22.0,
2025-11-10 19:36:31,1.17.2,Bandit80,14,4.19,,20,20,80,Left,Right,24,21,17,17,,,0.06
2025-11-10 19:36:59,1.17.2,Bandit80,14,4.2,,20,20,80,Right,Right,24,22,17,17,,,0.0
2025-11-10 19:37:01,1.17.2,Bandit80,14,4.19,1.0,20,20,80,Pellet,Right,24,22,18,17,0.41,50.0,
2025-11-10 19:42:46,1.17.2,Bandit80,14,4.19,,20,20,80,Left,Right,25,22,18,18,,,0.03
2025-11-10 19:42:47,1.17.2,Bandit80,14,4.18,1.0,20,20,80,Pellet,Right,25,22,19,18,0.47,346.0,
2025-11-10 19:43:02,1.17.2,Bandit80,14,4.19,,20,20,80,Left,Right,26,22,19,19,,,0.14
2025-11-10 19:43:05,1.17.2,Bandit80,14,4.18,,20,20,80,LeftinTimeOut,Right,26,22,19,19,,,
2025-11-10 19:47:28,1.17.2,Bandit80,14,4.19,,20,20,80,Left,Right,27,22,19,19,,,0.21
2025-11-10 19:52:54,1.17.2,Bandit80,14,4.19,,20,20,80,Left,Right,28,22,19,19,,,0.04
2025-11-10 19:52:56,1.17.2,Bandit80,14,4.19,,20,20,80,LeftinTimeOut,Right,28,22,19,19,,,
2025-11-10 19:54:31,1.17.2,Bandit80,14,4.18,,20,20,80,Right,Right,28,23,19,19,,,0.37
2025-11-10 19:54:32,1.17.2,Bandit80,14,4.19,1.0,20,20,80,Pellet,Right,28,23,20,19,0.47,705.0,
2025-11-10 19:54:42,1.17.2,Bandit80,14,4.19,,20,80,20,Right,Left,28,24,20,0,,,0.23
2025-11-10 19:54:49,1.17.2,Bandit80,14,4.19,,20,80,20,RightinTimeout,Left,28,24,20,0,,,0.0
2025-11-10 19:54:49,1.17.2,Bandit80,14,4.18,,20,80,20,RightinTimeout,Left,28,24,20,0,,,0.0
2025-11-10 19:55:09,1.17.2,Bandit80,14,4.18,,20,80,20,Left,Left,29,24,20,0,,,0.11
2025-11-10 19:55:10,1.17.2,Bandit80,14,4.18,1.0,20,80,20,Pellet,Left,29,24,21,0,0.59,38.0,
2025-11-10 19:55:20,1.17.2,Bandit80,14,4.19,,20,80,20,Left,Left,30,24,21,1,,,0.13
2025-11-10 19:55:21,1.17.2,Bandit80,14,4.19,1.0,20,80,20,Pellet,Left,30,24,22,1,0.83,11.0,
2025-11-10 19:55:37,1.17.2,Bandit80,14,4.19,,20,80,20,Left,Left,31,24,22,2,,,0.19
2025-11-10 19:55:39,1.17.2,Bandit80,14,4.19,,20,80,20,LeftinTimeOut,Left,31,24,22,2,,,
2025-11-10 19:55:51,1.17.2,Bandit80,14,4.19,,20,80,20,Right,Left,31,25,22,2,,,0.11
2025-11-10 19:55:52,1.17.2,Bandit80,14,4.18,,20,80,20,RightinTimeout,Left,31,25,22,2,,,0.0
2025-11-10 19:57:38,1.17.2,Bandit80,14,4.19,,20,80,20,Right,Left,31,26,22,2,,,0.49
2025-11-10 19:57:40,1.17.2,Bandit80,14,4.19,,20,80,20,RightinTimeout,Left,31,26,22,2,,,0.0
2025-11-10 19:57:40,1.17.2,Bandit80,14,4.18,,20,80,20,RightinTimeout,Left,31,26,22,2,,,0.0
2025-11-10 20:03:25,1.17.2,Bandit80,14,4.18,,20,80,20,Left,Left,32,26,22,2,,,0.23
2025-11-10 20:03:26,1.17.2,Bandit80,14,4.19,1.0,20,80,20,Pellet,Left,32,26,23,2,0.53,485.0,
2025-11-10 20:06:21,1.17.2,Bandit80,14,4.19,,20,80,20,Right,Left,32,27,23,3,,,0.17
2025-11-10 20:08:43,1.17.2,Bandit80,14,4.19,,20,80,20,Right,Left,32,28,23,3,,,0.0
2025-11-10 20:09:49,1.17.2,Bandit80,14,4.19,,20,80,20,Left,Left,33,28,23,3,,,0.09
2025-11-10 20:09:51,1.17.2,Bandit80,14,4.19,1.0,20,80,20,Pellet,Left,33,28,24,3,1.31,385.0,
2025-11-10 20:10:13,1.17.2,Bandit80,14,4.18,,20,80,20,Right,Left,33,29,24,4,,,0.03
2025-11-10 20:10:54,1.17.2,Bandit80,14,4.18,,20,80,20,Right,Left,33,30,24,4,,,0.2
2025-11-10 20:11:44,1.17.2,Bandit80,14,4.19,,20,80,20,Right,Left,33,31,24,4,,,0.16
2025-11-10 20:12:06,1.17.2,Bandit80,14,4.19,,20,80,20,Left,Left,34,31,24,4,,,0.0
2025-11-10 20:15:16,1.17.2,Bandit80,14,4.19,,20,80,20,Left,Left,35,31,24,4,,,0.2
2025-11-10 20:16:04,1.17.2,Bandit80,14,4.18,,20,80,20,Left,Left,36,31,24,4,,,0.14
2025-11-10 20:16:05,1.17.2,Bandit80,14,4.18,1.0,20,80,20,Pellet,Left,36,31,25,4,0.47,374.0,
2025-11-10 20:16:16,1.17.2,Bandit80,14,4.18,,20,80,20,Left,Left,37,31,25,5,,,0.17
2025-11-10 20:16:18,1.17.2,Bandit80,14,4.18,1.0,20,80,20,Pellet,Left,37,31,26,5,0.29,12.0,
2025-11-10 20:16:30,1.17.2,Bandit80,14,4.19,,20,80,20,Right,Left,37,32,26,6,,,0.01
2025-11-10 20:19:36,1.17.2,Bandit80,14,4.18,,20,80,20,Right,Left,37,33,26,6,,,0.03
2025-11-10 20:19:37,1.17.2,Bandit80,14,4.18,,20,80,20,RightinTimeout,Left,37,33,26,6,,,0.0
2025-11-10 20:21:12,1.17.2,Bandit80,14,4.18,,20,80,20,Left,Left,38,33,26,6,,,0.12
2025-11-10 20:21:14,1.17.2,Bandit80,14,4.18,1.0,20,80,20,Pellet,Left,38,33,27,6,1.07,297.0,
2025-11-10 20:21:49,1.17.2,Bandit80,14,4.18,,20,80,20,Left,Left,39,33,27,7,,,0.08
2025-11-10 20:21:50,1.17.2,Bandit80,14,4.18,1.0,20,80,20,Pellet,Left,39,33,28,7,0.65,36.0,
2025-11-10 20:22:23,1.17.2,Bandit80,14,4.18,,20,80,20,Right,Left,39,34,28,8,,,0.17
2025-11-10 20:33:20,1.17.2,Bandit80,14,4.19,,20,80,20,Right,Left,39,35,28,8,,,0.19
2025-11-10 20:33:24,1.17.2,Bandit80,14,4.18,,20,80,20,LeftinTimeOut,Left,39,35,28,8,,,
2025-11-10 20:35:59,1.17.2,Bandit80,14,4.18,,20,80,20,Left,Left,40,35,28,8,,,0.11
2025-11-10 20:36:01,1.17.2,Bandit80,14,4.18,1.0,20,80,20,Pellet,Left,40,35,29,8,0.65,851.0,
2025-11-10 20:36:23,1.17.2,Bandit80,14,4.18,,20,80,20,Right,Left,40,36,29,9,,,0.2
2025-11-10 20:38:13,1.17.2,Bandit80,14,4.18,,20,80,20,Left,Left,41,36,29,9,,,0.02
2025-11-10 20:38:14,1.17.2,Bandit80,14,4.18,1.0,20,80,20,Pellet,Left,41,36,30,9,0.95,133.0,
2025-11-10 20:38:29,1.17.2,Bandit80,14,4.18,,20,80,20,Left,Left,42,36,30,10,,,0.14
2025-11-10 20:38:31,1.17.2,Bandit80,14,4.18,1.0,20,80,20,Pellet,Left,42,36,31,10,0.65,17.0,
2025-11-10 20:40:02,1.17.2,Bandit80,14,4.18,,20,80,20,Left,Left,43,36,31,11,,,0.18
2025-11-10 20:40:03,1.17.2,Bandit80,14,4.18,,20,80,20,LeftinTimeOut,Left,43,36,31,11,,,
2025-11-10 20:41:39,1.17.2,Bandit80,14,4.18,,20,80,20,Right,Left,43,37,31,11,,,0.11
2025-11-10 20:41:41,1.17.2,Bandit80,14,4.19,1.0,20,80,20,Pellet,Left,43,37,32,11,1.13,190.0,
2025-11-10 20:41:53,1.17.2,Bandit80,14,4.19,,20,80,20,Right,Left,43,38,32,12,,,0.19
2025-11-10 20:42:55,1.17.2,Bandit80,14,4.18,,20,80,20,Left,Left,44,38,32,12,,,0.04
2025-11-10 20:42:57,1.17.2,Bandit80,14,4.18,1.0,20,80,20,Pellet,Left,44,38,33,12,0.65,76.0,
2025-11-10 20:44:10,1.17.2,Bandit80,14,4.18,,20,80,20,Left,Left,45,38,33,13,,,0.26
2025-11-10 20:44:12,1.17.2,Bandit80,14,4.18,1.0,20,80,20,Pellet,Left,45,38,34,13,0.41,74.0,
2025-11-10 20:44:22,1.17.2,Bandit80,14,4.18,,20,80,20,Left,Left,46,38,34,14,,,0.19
2025-11-10 20:44:24,1.17.2,Bandit80,14,4.18,1.0,20,80,20,Pellet,Left,46,38,35,14,0.83,13.0,
2025-11-10 20:55:49,1.17.2,Bandit80,14,4.18,,20,80,20,Left,Left,47,38,35,15,,,0.02
2025-11-10 20:57:02,1.17.2,Bandit80,14,4.18,,20,80,20,Left,Left,48,38,35,15,,,0.13
2025-11-10 20:57:03,1.17.2,Bandit80,14,4.18,1.0,20,80,20,Pellet,Left,48,38,36,15,0.41,759.0,
2025-11-10 20:57:12,1.17.2,Bandit80,14,4.18,,20,80,20,Left,Left,49,38,36,16,,,0.15
2025-11-10 20:57:14,1.17.2,Bandit80,14,4.18,1.0,20,80,20,Pellet,Left,49,38,37,16,0.47,11.0,
2025-11-10 20:57:37,1.17.2,Bandit80,14,4.19,,20,80,20,Left,Left,50,38,37,17,,,0.21
2025-11-10 20:57:39,1.17.2,Bandit80,14,4.18,1.0,20,80,20,Pellet,Left,50,38,38,17,1.01,25.0,
2025-11-10 20:58:39,1.17.2,Bandit80,14,4.18,,20,80,20,Left,Left,51,38,38,18,,,0.06
2025-11-10 20:58:40,1.17.2,Bandit80,14,4.18,1.0,20,80,20,Pellet,Left,51,38,39,18,0.35,61.0,
2025-11-10 21:01:32,1.17.2,Bandit80,14,4.18,,20,80,20,Left,Left,52,38,39,19,,,0.33
2025-11-10 21:01:33,1.17.2,Bandit80,14,4.18,1.0,20,80,20,Pellet,Left,52,38,40,19,0.41,173.0,
2025-11-10 21:05:05,1.17.2,Bandit80,14,4.18,,20,20,80,Right,Right,52,39,40,0,,,0.16
2025-11-10 21:05:06,1.17.2,Bandit80,14,4.18,1.0,20,20,80,Pellet,Right,52,39,41,0,0.35,213.0,
2025-11-10 21:05:39,1.17.2,Bandit80,14,4.18,,20,20,80,Left,Right,53,39,41,1,,,0.17
2025-11-10 21:07:56,1.17.2,Bandit80,14,4.18,,20,20,80,Left,Right,54,39,41,1,,,0.01
2025-11-10 21:07:59,1.17.2,Bandit80,14,4.18,,20,20,80,LeftinTimeOut,Right,54,39,41,1,,,
2025-11-10 21:13:32,1.17.2,Bandit80,14,4.18,,20,20,80,Left,Right,55,39,41,1,,,0.03
2025-11-10 21:15:45,1.17.2,Bandit80,14,4.18,,20,20,80,Right,Right,55,40,41,1,,,0.2
2025-11-10 21:15:50,1.17.2,Bandit80,14,4.18,,20,20,80,LeftWithPellet,Right,55,40,41,1,,,0.04
2025-11-10 21:17:54,1.17.2,Bandit80,14,4.18,,20,20,80,RightWithPellet,Right,55,40,41,1,,,0.16
2025-11-10 21:18:44,1.17.2,Bandit80,14,4.18,1.0,20,20,80,Pellet,Right,55,40,42,1,,818.0,
2025-11-10 21:23:49,1.17.2,Bandit80,14,4.18,,20,20,80,Right,Right,55,41,42,2,,,0.01
2025-11-10 21:23:51,1.17.2,Bandit80,14,4.18,1.0,20,20,80,Pellet,Right,55,41,43,2,1.91,307.0,
2025-11-10 21:24:32,1.17.2,Bandit80,14,4.18,,20,20,80,Right,Right,55,42,43,3,,,0.29
2025-11-10 21:27:09,1.17.2,Bandit80,14,4.18,,20,20,80,Left,Right,56,42,43,3,,,0.25
2025-11-10 21:30:10,1.17.2,Bandit80,14,4.18,,20,20,80,Right,Right,56,43,43,3,,,0.04
2025-11-10 21:30:12,1.17.2,Bandit80,14,4.18,1.0,20,20,80,Pellet,Right,56,43,44,3,1.25,381.0,
2025-11-10 21:32:00,1.17.2,Bandit80,14,4.18,,20,20,80,Left,Right,57,43,44,4,,,0.26
2025-11-10 21:32:02,1.17.2,Bandit80,14,4.18,,20,20,80,LeftinTimeOut,Right,57,43,44,4,,,
2025-11-10 21:38:21,1.17.2,Bandit80,14,4.18,,20,20,80,Right,Right,57,44,44,4,,,0.62
2025-11-10 21:38:23,1.17.2,Bandit80,14,4.18,1.0,20,20,80,Pellet,Right,57,44,45,4,1.79,491.0,
2025-11-10 21:49:50,1.17.2,Bandit80,14,4.18,,20,20,80,Right,Right,57,45,45,5,,,0.03
2025-11-10 21:49:50,1.17.2,Bandit80,14,4.17,,20,20,80,RightDuringDispense,Right,57,45,45,5,,,0.03
2025-11-10 21:49:55,1.17.2,Bandit80,14,4.18,2.0,20,20,80,Pellet,Right,57,45,46,5,1.43,692.0,
2025-11-10 21:50:19,1.17.2,Bandit80,14,4.18,,20,20,80,Left,Right,58,45,46,6,,,0.23
2025-11-10 21:50:20,1.17.2,Bandit80,14,4.18,1.0,20,20,80,Pellet,Right,58,45,47,6,0.53,25.0,
2025-11-10 21:50:28,1.17.2,Bandit80,14,4.18,,20,20,80,Left,Right,59,45,47,7,,,0.14
2025-11-10 21:51:43,1.17.2,Bandit80,14,4.18,,20,20,80,Right,Right,59,46,47,7,,,0.08
2025-11-10 21:51:45,1.17.2,Bandit80,14,4.18,,20,20,80,RightWithPellet,Right,59,47,47,7,,,0.35
2025-11-10 21:51:48,1.17.2,Bandit80,14,4.18,1.0,20,20,80,Pellet,Right,59,47,48,7,3.75,88.0,
2025-11-10 21:51:54,1.17.2,Bandit80,14,4.18,,20,20,80,Right,Right,59,48,48,8,,,0.41
2025-11-10 21:51:55,1.17.2,Bandit80,14,4.18,1.0,20,20,80,Pellet,Right,59,48,49,8,0.59,7.0,
2025-11-10 21:52:03,1.17.2,Bandit80,14,4.18,,20,20,80,Right,Right,59,49,49,9,,,0.13
2025-11-10 21:52:06,1.17.2,Bandit80,14,4.18,1.0,20,20,80,Pellet,Right,59,49,50,9,2.15,11.0,
2025-11-10 21:54:01,1.17.2,Bandit80,14,4.18,,20,20,80,Right,Right,59,50,50,10,,,0.33
2025-11-10 21:54:02,1.17.2,Bandit80,14,4.18,1.0,20,20,80,Pellet,Right,59,50,51,10,0.53,116.0,
2025-11-10 21:55:01,1.17.2,Bandit80,14,4.18,,20,20,80,Left,Right,60,50,51,11,,,0.28
2025-11-10 22:04:10,1.17.2,Bandit80,14,4.18,,20,20,80,Right,Right,60,51,51,11,,,0.14
2025-11-10 22:04:12,1.17.2,Bandit80,14,4.18,1.0,20,20,80,Pellet,Right,60,51,52,11,1.01,610.0,
2025-11-10 22:04:31,1.17.2,Bandit80,14,4.18,,20,20,80,Right,Right,60,52,52,12,,,0.04
2025-11-10 22:04:33,1.17.2,Bandit80,14,4.18,1.0,20,20,80,Pellet,Right,60,52,53,12,0.71,21.0,
2025-11-10 22:09:43,1.17.2,Bandit80,14,4.18,,20,20,80,Left,Right,61,52,53,13,,,0.03
2025-11-10 22:10:15,1.17.2,Bandit80,14,4.18,,20,20,80,Left,Right,62,52,53,13,,,0.05
2025-11-10 22:15:22,1.17.2,Bandit80,14,4.18,,20,20,80,Right,Right,62,53,53,13,,,0.26
2025-11-10 22:15:23,1.17.2,Bandit80,14,4.18,1.0,20,20,80,Pellet,Right,62,53,54,13,0.71,650.0,
2025-11-10 22:15:36,1.17.2,Bandit80,14,4.18,,20,20,80,Right,Right,62,54,54,14,,,0.14
2025-11-10 22:15:38,1.17.2,Bandit80,14,4.18,1.0,20,20,80,Pellet,Right,62,54,55,14,0.77,15.0,
2025-11-10 22:15:49,1.17.2,Bandit80,14,4.18,,20,20,80,Right,Right,62,55,55,15,,,0.13
2025-11-10 22:15:51,1.17.2,Bandit80,14,4.18,1.0,20,20,80,Pellet,Right,62,55,56,15,0.65,12.0,
2025-11-10 22:17:27,1.17.2,Bandit80,14,4.18,,20,20,80,Right,Right,62,56,56,16,,,0.05
2025-11-10 22:17:39,1.17.2,Bandit80,14,4.18,,20,20,80,Left,Right,63,56,56,16,,,0.02
2025-11-10 22:17:40,1.17.2,Bandit80,14,4.18,1.0,20,20,80,Pellet,Right,63,56,57,16,0.71,110.0,
2025-11-10 22:17:51,1.17.2,Bandit80,14,4.18,,20,20,80,Left,Right,64,56,57,17,,,0.24
2025-11-10 22:18:22,1.17.2,Bandit80,14,4.18,,20,20,80,Right,Right,64,57,57,17,,,0.15
2025-11-10 22:18:24,1.17.2,Bandit80,14,4.18,1.0,20,20,80,Pellet,Right,64,57,58,17,1.01,44.0,
2025-11-10 22:18:53,1.17.2,Bandit80,14,4.18,,20,20,80,Right,Right,64,58,58,18,,,0.15
2025-11-10 22:18:55,1.17.2,Bandit80,14,4.18,1.0,20,20,80,Pellet,Right,64,58,59,18,0.65,31.0,
2025-11-10 22:36:37,1.17.2,Bandit80,14,4.17,,20,20,80,Left,Right,65,58,59,19,,,0.18
2025-11-10 22:36:38,1.17.2,Bandit80,14,4.18,1.0,20,20,80,Pellet,Right,65,58,60,19,0.65,1063.0,
2025-11-10 22:36:53,1.17.2,Bandit80,14,4.18,,20,80,20,Left,Left,66,58,60,0,,,0.1
2025-11-10 22:37:34,1.17.2,Bandit80,14,4.18,,20,80,20,LeftWithPellet,Left,66,58,60,0,,,0.07
2025-11-10 22:37:36,1.17.2,Bandit80,14,4.18,,20,80,20,LeftWithPellet,Left,66,58,60,0,,,0.29
2025-11-10 22:38:03,1.17.2,Bandit80,14,4.18,6.0,20,80,20,Pellet,Left,66,58,61,0,58.05,85.0,
2025-11-10 22:38:25,1.17.2,Bandit80,14,4.18,,20,80,20,Right,Left,66,59,61,1,,,0.23
2025-11-10 22:38:44,1.17.2,Bandit80,14,4.18,,20,80,20,Right,Left,66,60,61,1,,,0.04
2025-11-10 22:55:42,1.17.2,Bandit80,14,4.18,,20,80,20,Left,Left,67,60,61,1,,,0.2
2025-11-10 22:55:44,1.17.2,Bandit80,14,4.18,,20,80,20,LeftinTimeOut,Left,67,60,61,1,,,
2025-11-10 22:55:47,1.17.2,Bandit80,14,4.18,,20,80,20,LeftinTimeOut,Left,67,60,61,1,,,
2025-11-10 23:21:15,1.17.2,Bandit80,14,4.18,,20,80,20,Left,Left,68,60,61,1,,,0.15
2025-11-10 23:21:16,1.17.2,Bandit80,14,4.18,,20,80,20,LeftWithPellet,Left,68,60,61,1,,,0.06
2025-11-10 23:21:17,1.17.2,Bandit80,14,4.16,2.0,20,80,20,Pellet,Left,68,60,62,1,0.84,2594.0,
2025-11-10 23:21:27,1.17.2,Bandit80,14,4.18,,20,80,20,Left,Left,69,60,62,2,,,0.08
2025-11-10 23:21:28,1.17.2,Bandit80,14,4.17,1.0,20,80,20,Pellet,Left,69,60,63,2,0.29,11.0,
2025-11-10 23:21:44,1.17.2,Bandit80,14,4.18,,20,80,20,Left,Left,70,60,63,3,,,0.29
2025-11-10 23:21:44,1.17.2,Bandit80,14,4.18,,20,80,20,LeftDuringDispense,Left,70,60,63,3,,,0.03
2025-11-10 23:21:53,1.17.2,Bandit80,14,4.18,3.0,20,80,20,Pellet,Left,70,60,64,3,3.53,25.0,
2025-11-10 23:22:19,1.17.2,Bandit80,14,4.17,,20,80,20,Left,Left,71,60,64,4,,,0.11
2025-11-10 23:22:20,1.17.2,Bandit80,14,4.17,2.0,20,80,20,Pellet,Left,71,60,65,4,0.12,27.0,
2025-11-10 23:22:31,1.17.2,Bandit80,14,4.18,,20,80,20,Left,Left,72,60,65,5,,,0.1
2025-11-10 23:22:33,1.17.2,Bandit80,14,4.18,,20,80,20,LeftinTimeOut,Left,72,60,65,5,,,
2025-11-10 23:22:36,1.17.2,Bandit80,14,4.18,,20,80,20,LeftinTimeOut,Left,72,60,65,5,,,
2025-11-10 23:22:50,1.17.2,Bandit80,14,4.18,,20,80,20,Right,Left,72,61,65,5,,,0.12
2025-11-10 23:22:51,1.17.2,Bandit80,14,4.17,,20,80,20,RightDuringDispense,Left,72,61,65,5,,,0.07
2025-11-10 23:22:54,1.17.2,Bandit80,14,4.17,2.0,20,80,20,Pellet,Left,72,61,66,5,0.53,34.0,
2025-11-10 23:23:09,1.17.2,Bandit80,14,4.18,,20,80,20,Right,Left,72,62,66,6,,,0.16
2025-11-10 23:25:21,1.17.2,Bandit80,14,4.17,,20,80,20,Right,Left,72,63,66,6,,,0.33
2025-11-10 23:25:32,1.17.2,Bandit80,14,4.18,,20,80,20,Right,Left,72,64,66,6,,,0.11
2025-11-10 23:25:33,1.17.2,Bandit80,14,4.17,1.0,20,80,20,Pellet,Left,72,64,67,6,0.41,159.0,
2025-11-10 23:26:42,1.17.2,Bandit80,14,4.17,,20,80,20,Right,Left,72,65,67,7,,,0.06
2025-11-10 23:26:50,1.17.2,Bandit80,14,4.18,,20,80,20,RightinTimeout,Left,72,65,67,7,,,0.0
2025-11-10 23:26:50,1.17.2,Bandit80,14,4.17,,20,80,20,RightinTimeout,Left,72,65,67,7,,,0.0
2025-11-10 23:52:25,1.17.2,Bandit80,14,4.18,,20,80,20,Right,Left,72,66,67,7,,,0.0
2025-11-10 23:52:26,1.17.2,Bandit80,14,4.18,,20,80,20,RightinTimeout,Left,72,66,67,7,,,0.0
2025-11-10 23:58:56,1.17.2,Bandit80,14,4.17,,20,80,20,Right,Left,72,67,67,7,,,0.14
2025-11-10 23:58:57,1.17.2,Bandit80,14,4.17,1.0,20,80,20,Pellet,Left,72,67,68,7,0.59,2004.0,
2025-11-10 23:59:15,1.17.2,Bandit80,14,4.18,,20,80,20,Right,Left,72,68,68,8,,,0.0
2025-11-11 00:03:22,1.17.2,Bandit80,14,4.17,,20,80,20,Right,Left,72,69,68,8,,,0.12
2025-11-11 00:03:24,1.17.2,Bandit80,14,4.17,1.0,20,80,20,Pellet,Left,72,69,69,8,0.53,267.0,
2025-11-11 00:04:11,1.17.2,Bandit80,14,4.18,,20,80,20,Left,Left,73,69,69,9,,,0.16
2025-11-11 00:04:13,1.17.2,Bandit80,14,4.18,,20,80,20,LeftinTimeOut,Left,73,69,69,9,,,
2025-11-11 00:04:15,1.17.2,Bandit80,14,4.18,,20,80,20,LeftinTimeOut,Left,73,69,69,9,,,
2025-11-11 00:06:22,1.17.2,Bandit80,14,4.17,,20,80,20,Right,Left,73,70,69,9,,,0.2
2025-11-11 00:06:24,1.17.2,Bandit80,14,4.17,,20,80,20,RightinTimeout,Left,73,70,69,9,,,0.0
2025-11-11 00:06:27,1.17.2,Bandit80,14,4.18,,20,80,20,LeftinTimeOut,Left,73,70,69,9,,,
2025-11-11 00:06:41,1.17.2,Bandit80,14,4.18,,20,80,20,Left,Left,74,70,69,9,,,0.39
2025-11-11 00:06:42,1.17.2,Bandit80,14,4.18,1.0,20,80,20,Pellet,Left,74,70,70,9,0.29,198.0,
2025-11-11 00:06:55,1.17.2,Bandit80,14,4.18,,20,80,20,Right,Left,74,71,70,10,,,0.19
2025-11-11 00:07:01,1.17.2,Bandit80,14,4.17,,20,80,20,RightinTimeout,Left,74,71,70,10,,,0.0
2025-11-11 00:07:03,1.17.2,Bandit80,14,4.17,,20,80,20,RightinTimeout,Left,74,71,70,10,,,0.0
2025-11-11 00:07:57,1.17.2,Bandit80,14,4.17,,20,80,20,Left,Left,75,71,70,10,,,0.13
2025-11-11 00:08:00,1.17.2,Bandit80,14,4.17,1.0,20,80,20,Pellet,Left,75,71,71,10,1.97,77.0,
2025-11-11 00:08:09,1.17.2,Bandit80,14,4.17,,20,80,20,Left,Left,76,71,71,11,,,0.5
2025-11-11 00:08:10,1.17.2,Bandit80,14,4.18,2.0,20,80,20,Pellet,Left,76,71,72,11,0.23,11.0,
2025-11-11 00:08:30,1.17.2,Bandit80,14,4.17,,20,80,20,Left,Left,77,71,72,12,,,0.19
2025-11-11 00:08:31,1.17.2,Bandit80,14,4.18,1.0,20,80,20,Pellet,Left,77,71,73,12,0.17,21.0,
2025-11-11 00:08:49,1.17.2,Bandit80,14,4.18,,20,80,20,Left,Left,78,71,73,13,,,0.26
2025-11-11 00:09:42,1.17.2,Bandit80,14,4.17,,20,80,20,Right,Left,78,72,73,13,,,0.03
2025-11-11 00:10:49,1.17.2,Bandit80,14,4.18,,20,80,20,Left,Left,79,72,73,13,,,0.13
2025-11-11 00:11:02,1.17.2,Bandit80,14,4.18,2.0,20,80,20,Pellet,Left,79,72,74,13,10.24,151.0,
2025-11-11 00:11:17,1.17.2,Bandit80,14,4.17,,20,80,20,Left,Left,80,72,74,14,,,0.17
2025-11-11 00:11:19,1.17.2,Bandit80,14,4.18,1.0,20,80,20,Pellet,Left,80,72,75,14,0.83,17.0,
2025-11-11 00:11:54,1.17.2,Bandit80,14,4.17,,20,80,20,Right,Left,80,73,75,15,,,0.08
2025-11-11 00:17:44,1.17.2,Bandit80,14,4.17,,20,80,20,Left,Left,81,73,75,15,,,0.02
2025-11-11 00:17:48,1.17.2,Bandit80,14,4.17,,20,80,20,LeftinTimeOut,Left,81,73,75,15,,,
2025-11-11 00:17:56,1.17.2,Bandit80,14,4.17,,20,80,20,LeftinTimeOut,Left,81,73,75,15,,,
2025-11-11 00:19:20,1.17.2,Bandit80,14,4.17,,20,80,20,Right,Left,81,74,75,15,,,0.2
2025-11-11 00:19:38,1.17.2,Bandit80,14,4.18,,20,80,20,Right,Left,81,75,75,15,,,0.15
2025-11-11 00:22:06,1.17.2,Bandit80,14,4.17,,20,80,20,Right,Left,81,76,75,15,,,0.14
2025-11-11 00:22:13,1.17.2,Bandit80,14,4.17,,20,80,20,RightinTimeout,Left,81,76,75,15,,,0.0
2025-11-11 00:22:13,1.17.2,Bandit80,14,4.18,,20,80,20,RightinTimeout,Left,81,76,75,15,,,0.0
2025-11-11 00:22:17,1.17.2,Bandit80,14,4.17,,20,80,20,LeftinTimeOut,Left,81,76,75,15,,,
2025-11-11 00:22:45,1.17.2,Bandit80,14,4.17,,20,80,20,Left,Left,82,76,75,15,,,0.04
2025-11-11 00:22:46,1.17.2,Bandit80,14,4.18,1.0,20,80,20,Pellet,Left,82,76,76,15,0.47,687.0,
2025-11-11 00:22:55,1.17.2,Bandit80,14,4.17,,20,80,20,Left,Left,83,76,76,16,,,0.06
2025-11-11 00:23:55,1.17.2,Bandit80,14,4.18,,20,80,20,Right,Left,83,77,76,16,,,0.02
2025-11-11 00:23:56,1.17.2,Bandit80,14,4.18,,20,80,20,RightinTimeout,Left,83,77,76,16,,,0.0
2025-11-11 00:23:56,1.17.2,Bandit80,14,4.17,,20,80,20,RightinTimeout,Left,83,77,76,16,,,0.0
2025-11-11 00:23:58,1.17.2,Bandit80,14,4.18,,20,80,20,RightinTimeout,Left,83,77,76,16,,,0.0
2025-11-11 00:30:11,1.17.2,Bandit80,14,4.17,,20,80,20,Right,Left,83,78,76,16,,,0.14
2025-11-11 00:30:11,1.17.2,Bandit80,14,4.18,,20,80,20,RightinTimeout,Left,83,78,76,16,,,0.0
2025-11-11 00:30:15,1.17.2,Bandit80,14,4.17,,20,80,20,LeftinTimeOut,Left,83,78,76,16,,,
2025-11-11 00:33:10,1.17.2,Bandit80,14,4.17,,20,80,20,Left,Left,84,78,76,16,,,0.28
2025-11-11 00:33:30,1.17.2,Bandit80,14,4.17,,20,80,20,Right,Left,84,79,76,16,,,0.03
2025-11-11 00:34:27,1.17.2,Bandit80,14,4.17,,20,80,20,Left,Left,85,79,76,16,,,0.08
2025-11-11 00:37:19,1.17.2,Bandit80,14,4.16,,20,80,20,Right,Left,85,80,76,16,,,0.14
2025-11-11 00:37:19,1.17.2,Bandit80,14,4.17,,20,80,20,RightinTimeout,Left,85,80,76,16,,,0.0
2025-11-11 00:37:44,1.17.2,Bandit80,14,4.17,,20,80,20,Right,Left,85,81,76,16,,,0.03
2025-11-11 00:37:44,1.17.2,Bandit80,14,4.17,,20,80,20,RightinTimeout,Left,85,81,76,16,,,0.0
2025-11-11 00:37:53,1.17.2,Bandit80,14,4.17,,20,80,20,LeftinTimeOut,Left,85,81,76,16,,,
2025-11-11 00:39:40,1.17.2,Bandit80,14,4.17,,20,80,20,Left,Left,86,81,76,16,,,0.03
2025-11-11 00:39:41,1.17.2,Bandit80,14,4.17,2.0,20,80,20,Pellet,Left,86,81,77,16,0.29,1015.0,
2025-11-11 00:42:12,1.17.2,Bandit80,14,4.18,,20,80,20,Right,Left,86,82,77,17,,,0.07
2025-11-11 00:42:15,1.17.2,Bandit80,14,4.17,,20,80,20,RightinTimeout,Left,86,82,77,17,,,0.0
2025-11-11 01:00:10,1.17.2,Bandit80,14,4.17,,20,80,20,Left,Left,87,82,77,17,,,0.1
2025-11-11 01:01:08,1.17.2,Bandit80,14,4.17,,20,80,20,Left,Left,88,82,77,17,,,0.17
2025-11-11 01:01:09,1.17.2,Bandit80,14,4.17,1.0,20,80,20,Pellet,Left,88,82,78,17,0.71,1288.0,
2025-11-11 01:01:21,1.17.2,Bandit80,14,4.16,,20,80,20,Left,Left,89,82,78,18,,,0.07
2025-11-11 01:01:26,1.17.2,Bandit80,14,4.17,,20,80,20,LeftinTimeOut,Left,89,82,78,18,,,
2025-11-11 01:01:28,1.17.2,Bandit80,14,4.17,,20,80,20,LeftinTimeOut,Left,89,82,78,18,,,
2025-11-11 01:02:51,1.17.2,Bandit80,14,4.17,,20,80,20,Right,Left,89,83,78,18,,,0.02
2025-11-11 01:02:52,1.17.2,Bandit80,14,4.17,,20,80,20,RightinTimeout,Left,89,83,78,18,,,0.0
2025-11-11 01:11:46,1.17.2,Bandit80,14,4.16,,20,80,20,Right,Left,89,84,78,18,,,0.03
2025-11-11 01:11:48,1.17.2,Bandit80,14,4.17,1.0,20,80,20,Pellet,Left,89,84,79,18,1.01,639.0,
2025-11-11 01:12:00,1.17.2,Bandit80,14,4.16,,20,80,20,Right,Left,89,85,79,19,,,0.21
2025-11-11 01:42:20,1.17.2,Bandit80,14,4.17,,20,80,20,Right,Left,89,86,79,19,,,0.23
2025-11-11 01:42:20,1.17.2,Bandit80,14,4.16,,20,80,20,RightDuringDispense,Left,89,86,79,19,,,0.11
2025-11-11 01:42:21,1.17.2,Bandit80,14,4.17,,20,80,20,RightWithPellet,Left,89,87,79,19,,,0.03
2025-11-11 01:42:22,1.17.2,Bandit80,14,4.17,1.0,20,80,20,Pellet,Left,89,87,80,19,1.59,1834.0,
2025-11-11 01:42:38,1.17.2,Bandit80,14,4.16,,20,20,80,Right,Right,89,88,80,0,,,0.55
2025-11-11 01:42:42,1.17.2,Bandit80,14,4.16,3.0,20,20,80,Pellet,Right,89,88,81,0,0.83,20.0,
2025-11-11 01:42:49,1.17.2,Bandit80,14,4.17,,20,20,80,Right,Right,89,89,81,1,,,0.08
2025-11-11 01:42:50,1.17.2,Bandit80,14,4.17,,20,20,80,RightDuringDispense,Right,89,89,81,1,,,0.16
2025-11-11 01:42:50,1.17.2,Bandit80,14,4.16,1.0,20,20,80,Pellet,Right,89,89,82,1,0.47,8.0,
2025-11-11 01:43:09,1.17.2,Bandit80,14,4.17,,20,20,80,Right,Right,89,90,82,2,,,0.52
2025-11-11 01:43:11,1.17.2,Bandit80,14,4.17,2.0,20,20,80,Pellet,Right,89,90,83,2,1.13,21.0,
2025-11-11 01:43:18,1.17.2,Bandit80,14,4.17,,20,20,80,Right,Right,89,91,83,3,,,0.04
2025-11-11 01:43:19,1.17.2,Bandit80,14,4.16,,20,20,80,RightinTimeout,Right,89,91,83,3,,,0.0
2025-11-11 01:43:20,1.17.2,Bandit80,14,4.17,,20,20,80,RightinTimeout,Right,89,91,83,3,,,0.0
2025-11-11 01:43:20,1.17.2,Bandit80,14,4.17,,20,20,80,RightinTimeout,Right,89,91,83,3,,,0.0
2025-11-11 01:43:20,1.17.2,Bandit80,14,4.17,,20,20,80,RightinTimeout,Right,89,91,83,3,,,0.0
2025-11-11 01:43:21,1.17.2,Bandit80,14,4.17,,20,20,80,RightinTimeout,Right,89,91,83,3,,,0.0
2025-11-11 01:43:23,1.17.2,Bandit80,14,4.17,,20,20,80,RightinTimeout,Right,89,91,83,3,,,0.0
2025-11-11 01:43:30,1.17.2,Bandit80,14,4.17,,20,20,80,LeftinTimeOut,Right,89,91,83,3,,,
2025-11-11 01:58:44,1.17.2,Bandit80,14,4.16,,20,20,80,Right,Right,89,92,83,3,,,0.11
2025-11-11 01:58:46,1.17.2,Bandit80,14,4.17,2.0,20,20,80,Pellet,Right,89,92,84,3,1.01,935.0,
2025-11-11 01:58:56,1.17.2,Bandit80,14,4.17,,20,20,80,Right,Right,89,93,84,4,,,0.04
2025-11-11 01:58:58,1.17.2,Bandit80,14,4.17,1.0,20,20,80,Pellet,Right,89,93,85,4,0.47,12.0,
2025-11-11 01:59:12,1.17.2,Bandit80,14,4.17,,20,20,80,Right,Right,89,94,85,5,,,0.14
2025-11-11 01:59:14,1.17.2,Bandit80,14,4.17,1.0,20,20,80,Pellet,Right,89,94,86,5,0.47,16.0,
2025-11-11 01:59:33,1.17.2,Bandit80,14,4.16,,20,20,80,Right,Right,89,95,86,6,,,0.04
2025-11-11 01:59:42,1.17.2,Bandit80,14,4.16,,20,20,80,RightinTimeout,Right,89,95,86,6,,,0.0
2025-11-11 01:59:43,1.17.2,Bandit80,14,4.16,,20,20,80,RightinTimeout,Right,89,95,86,6,,,0.0
2025-11-11 02:08:16,1.17.2,Bandit80,14,4.16,,20,20,80,Right,Right,89,96,86,6,,,0.45
2025-11-11 02:08:19,1.17.2,Bandit80,14,4.17,1.0,20,20,80,Pellet,Right,89,96,87,6,2.03,545.0,
2025-11-11 02:08:28,1.17.2,Bandit80,14,4.17,,20,20,80,Right,Right,89,97,87,7,,,0.07
2025-11-11 02:08:32,1.17.2,Bandit80,14,4.17,2.0,20,20,80,Pellet,Right,89,97,88,7,0.53,13.0,
2025-11-11 02:08:47,1.17.2,Bandit80,14,4.16,,20,20,80,Left,Right,90,97,88,8,,,0.06
2025-11-11 02:12:08,1.17.2,Bandit80,14,4.17,,20,20,80,Left,Right,91,97,88,8,,,0.06
2025-11-11 02:12:12,1.17.2,Bandit80,14,4.16,,20,20,80,LeftinTimeOut,Right,91,97,88,8,,,
2025-11-11 02:13:17,1.17.2,Bandit80,14,4.16,,20,20,80,Left,Right,92,97,88,8,,,0.12
2025-11-11 02:13:18,1.17.2,Bandit80,14,4.17,,20,20,80,LeftinTimeOut,Right,92,97,88,8,,,
2025-11-11 02:18:33,1.17.2,Bandit80,14,4.16,,20,20,80,Left,Right,93,97,88,8,,,0.08
2025-11-11 02:18:34,1.17.2,Bandit80,14,4.17,1.0,20,20,80,Pellet,Right,93,97,89,8,0.77,602.0,
2025-11-11 02:21:41,1.17.2,Bandit80,14,4.17,,20,20,80,Left,Right,94,97,89,9,,,0.05
2025-11-11 02:59:52,1.17.2,Bandit80,14,4.16,,20,20,80,Right,Right,94,98,89,9,,,0.21
2025-11-11 02:59:53,1.17.2,Bandit80,14,4.17,1.0,20,20,80,Pellet,Right,94,98,90,9,1.01,2479.0,
2025-11-11 03:00:07,1.17.2,Bandit80,14,4.16,,20,20,80,Right,Right,94,99,90,10,,,0.23
2025-11-11 03:00:08,1.17.2,Bandit80,14,4.16,1.0,20,20,80,Pellet,Right,94,99,91,10,0.59,15.0,
2025-11-11 03:00:26,1.17.2,Bandit80,14,4.16,,20,20,80,Right,Right,94,100,91,11,,,0.14
2025-11-11 03:00:28,1.17.2,Bandit80,14,4.16,1.0,20,20,80,Pellet,Right,94,100,92,11,0.71,20.0,
2025-11-11 03:00:47,1.17.2,Bandit80,14,4.16,,20,20,80,Right,Right,94,101,92,12,,,0.13
2025-11-11 03:00:48,1.17.2,Bandit80,14,4.16,1.0,20,20,80,Pellet,Right,94,101,93,12,0.65,20.0,
2025-11-11 03:01:03,1.17.2,Bandit80,14,4.16,,20,20,80,Right,Right,94,102,93,13,,,0.12
2025-11-11 03:01:04,1.17.2,Bandit80,14,4.16,1.0,20,20,80,Pellet,Right,94,102,94,13,0.23,16.0,
2025-11-11 03:01:17,1.17.2,Bandit80,14,4.16,,20,20,80,Right,Right,94,103,94,14,,,0.35
2025-11-11 03:02:43,1.17.2,Bandit80,14,4.16,,20,20,80,Left,Right,95,103,94,14,,,0.05
2025-11-11 03:02:46,1.17.2,Bandit80,14,4.16,3.0,20,20,80,Pellet,Right,95,103,95,14,0.06,102.0,
2025-11-11 03:03:00,1.17.2,Bandit80,14,4.16,,20,20,80,Left,Right,96,103,95,15,,,0.2
2025-11-11 03:03:00,1.17.2,Bandit80,14,4.16,1.0,20,20,80,Pellet,Right,96,103,96,15,0.17,14.0,
2025-11-11 03:03:28,1.17.2,Bandit80,14,4.16,,20,20,80,Left,Right,97,103,96,16,,,0.17
2025-11-11 03:03:36,1.17.2,Bandit80,14,4.16,,20,20,80,LeftinTimeOut,Right,97,103,96,16,,,
2025-11-11 03:03:36,1.17.2,Bandit80,14,4.16,,20,20,80,LeftinTimeOut,Right,97,103,96,16,,,
2025-11-11 03:48:18,1.17.2,Bandit80,14,4.16,,20,20,80,Right,Right,97,104,96,16,,,0.08
2025-11-11 03:48:19,1.17.2,Bandit80,14,4.16,,20,20,80,RightDuringDispense,Right,97,104,96,16,,,0.04
2025-11-11 03:48:19,1.17.2,Bandit80,14,4.16,1.0,20,20,80,Pellet,Right,97,104,97,16,0.47,2719.0,
2025-11-11 03:48:36,1.17.2,Bandit80,14,4.16,,20,20,80,Right,Right,97,105,97,17,,,0.01
2025-11-11 03:48:40,1.17.2,Bandit80,14,4.16,,20,20,80,RightinTimeout,Right,97,105,97,17,,,0.0
2025-11-11 03:48:40,1.17.2,Bandit80,14,4.16,,20,20,80,RightinTimeout,Right,97,105,97,17,,,0.0
2025-11-11 03:48:42,1.17.2,Bandit80,14,4.16,,20,20,80,RightinTimeout,Right,97,105,97,17,,,0.0
2025-11-11 03:48:43,1.17.2,Bandit80,14,4.16,,20,20,80,RightinTimeout,Right,97,105,97,17,,,0.0
2025-11-11 04:09:33,1.17.2,Bandit80,14,4.16,,20,20,80,Right,Right,97,106,97,17,,,0.43
2025-11-11 04:09:35,1.17.2,Bandit80,14,4.16,2.0,20,20,80,Pellet,Right,97,106,98,17,0.65,1276.0,
2025-11-11 04:09:49,1.17.2,Bandit80,14,4.16,,20,20,80,Right,Right,97,107,98,18,,,0.07
2025-11-11 04:09:52,1.17.2,Bandit80,14,4.16,,20,20,80,RightinTimeout,Right,97,107,98,18,,,0.0
2025-11-11 04:09:53,1.17.2,Bandit80,14,4.16,,20,20,80,RightinTimeout,Right,97,107,98,18,,,0.0
2025-11-11 04:09:53,1.17.2,Bandit80,14,4.16,,20,20,80,RightinTimeout,Right,97,107,98,18,,,0.0
2025-11-11 04:09:53,1.17.2,Bandit80,14,4.16,,20,20,80,RightinTimeout,Right,97,107,98,18,,,0.0
2025-11-11 04:24:53,1.17.2,Bandit80,14,4.16,,20,20,80,Left,Right,98,107,98,18,,,0.32
2025-11-11 04:29:56,1.17.2,Bandit80,14,4.16,,20,20,80,Left,Right,99,107,98,18,,,0.09
2025-11-11 04:36:22,1.17.2,Bandit80,14,4.16,,20,20,80,Left,Right,100,107,98,18,,,0.17
2025-11-11 04:36:40,1.17.2,Bandit80,14,4.16,,20,20,80,Right,Right,100,108,98,18,,,0.27
2025-11-11 04:36:42,1.17.2,Bandit80,14,4.16,1.0,20,20,80,Pellet,Right,100,108,99,18,0.71,1627.0,
2025-11-11 04:36:49,1.17.2,Bandit80,14,4.16,,20,20,80,Right,Right,100,109,99,19,,,0.03
2025-11-11 04:36:50,1.17.2,Bandit80,14,4.16,1.0,20,20,80,Pellet,Right,100,109,100,19,0.29,8.0,
2025-11-11 04:37:10,1.17.2,Bandit80,14,4.16,,20,80,20,Right,Left,100,110,100,0,,,0.02
2025-11-11 04:37:11,1.17.2,Bandit80,14,4.16,,20,80,20,RightinTimeout,Left,100,110,100,0,,,0.0
2025-11-11 04:37:12,1.17.2,Bandit80,14,4.16,,20,80,20,RightinTimeout,Left,100,110,100,0,,,0.0
2025-11-11 04:37:14,1.17.2,Bandit80,14,4.16,,20,80,20,RightinTimeout,Left,100,110,100,0,,,0.0
2025-11-11 04:37:14,1.17.2,Bandit80,14,4.16,,20,80,20,RightinTimeout,Left,100,110,100,0,,,0.0
2025-11-11 04:37:19,1.17.2,Bandit80,14,4.16,,20,80,20,RightinTimeout,Left,100,110,100,0,,,0.0
2025-11-11 04:37:20,1.17.2,Bandit80,14,4.16,,20,80,20,RightinTimeout,Left,100,110,100,0,,,0.0
2025-11-11 04:37:21,1.17.2,Bandit80,14,4.16,,20,80,20,RightinTimeout,Left,100,110,100,0,,,0.0
2025-11-11 04:37:22,1.17.2,Bandit80,14,4.16,,20,80,20,RightinTimeout,Left,100,110,100,0,,,0.0
2025-11-11 04:37:48,1.17.2,Bandit80,14,4.16,,20,80,20,Left,Left,101,110,100,0,,,0.07
2025-11-11 04:37:49,1.17.2,Bandit80,14,4.16,1.0,20,80,20,Pellet,Left,101,110,101,0,0.35,59.0,
2025-11-11 04:37:58,1.17.2,Bandit80,14,4.16,,20,80,20,Left,Left,102,110,101,1,,,0.16
2025-11-11 04:38:02,1.17.2,Bandit80,14,4.16,2.0,20,80,20,Pellet,Left,102,110,102,1,0.47,13.0,
2025-11-11 04:38:09,1.17.2,Bandit80,14,4.16,,20,80,20,Left,Left,103,110,102,2,,,0.27
2025-11-11 04:38:10,1.17.2,Bandit80,14,4.16,,20,80,20,LeftDuringDispense,Left,103,110,102,2,,,0.07
2025-11-11 04:38:13,1.17.2,Bandit80,14,4.16,2.0,20,80,20,Pellet,Left,103,110,103,2,0.71,11.0,
2025-11-11 04:38:24,1.17.2,Bandit80,14,4.16,,20,80,20,Left,Left,104,110,103,3,,,0.15
2025-11-11 04:38:25,1.17.2,Bandit80,14,4.16,,20,80,20,LeftDuringDispense,Left,104,110,103,3,,,0.02
2025-11-11 04:38:28,1.17.2,Bandit80,14,4.16,3.0,20,80,20,Pellet,Left,104,110,104,3,0.17,15.0,
2025-11-11 04:38:44,1.17.2,Bandit80,14,4.16,,20,80,20,Left,Left,105,110,104,4,,,0.18
2025-11-11 04:38:45,1.17.2,Bandit80,14,4.16,1.0,20,80,20,Pellet,Left,105,110,105,4,0.41,17.0,
2025-11-11 04:38:56,1.17.2,Bandit80,14,4.16,,20,80,20,Left,Left,106,110,105,5,,,0.14
2025-11-11 04:38:59,1.17.2,Bandit80,14,4.16,,20,80,20,LeftinTimeOut,Left,106,110,105,5,,,
2025-11-11 04:38:59,1.17.2,Bandit80,14,4.16,,20,80,20,LeftinTimeOut,Left,106,110,105,5,,,
2025-11-11 04:40:48,1.17.2,Bandit80,14,4.16,,20,80,20,Right,Left,106,111,105,5,,,0.14
2025-11-11 04:40:51,1.17.2,Bandit80,14,4.16,,20,80,20,LeftinTimeOut,Left,106,111,105,5,,,
2025-11-11 04:40:55,1.17.2,Bandit80,14,4.16,,20,80,20,RightinTimeout,Left,106,111,105,5,,,0.0
2025-11-11 04:42:55,1.17.2,Bandit80,14,4.16,,20,80,20,Left,Left,107,111,105,5,,,0.08
2025-11-11 04:42:57,1.17.2,Bandit80,14,4.16,1.0,20,80,20,Pellet,Left,107,111,106,5,0.83,252.0,
2025-11-11 04:44:35,1.17.2,Bandit80,14,4.16,,20,80,20,Right,Left,107,112,106,6,,,0.11
2025-11-11 04:44:36,1.17.2,Bandit80,14,4.16,,20,80,20,RightinTimeout,Left,107,112,106,6,,,0.0
2025-11-11 04:44:36,1.17.2,Bandit80,14,4.16,,20,80,20,RightinTimeout,Left,107,112,106,6,,,0.0
2025-11-11 04:46:45,1.17.2,Bandit80,14,4.16,,20,80,20,Left,Left,108,112,106,6,,,0.05
2025-11-11 04:46:47,1.17.2,Bandit80,14,4.16,1.0,20,80,20,Pellet,Left,108,112,107,6,1.61,230.0,
2025-11-11 04:46:55,1.17.2,Bandit80,14,4.16,,20,80,20,Left,Left,109,112,107,7,,,0.06
2025-11-11 04:46:57,1.17.2,Bandit80,14,4.16,1.0,20,80,20,Pellet,Left,109,112,108,7,0.41,10.0,
2025-11-11 04:47:13,1.17.2,Bandit80,14,4.16,,20,80,20,Left,Left,110,112,108,8,,,0.36
2025-11-11 04:47:14,1.17.2,Bandit80,14,4.16,1.0,20,80,20,Pellet,Left,110,112,109,8,0.59,17.0,
2025-11-11 04:47:22,1.17.2,Bandit80,14,4.16,,20,80,20,Left,Left,111,112,109,9,,,0.29
2025-11-11 04:47:23,1.17.2,Bandit80,14,4.16,1.0,20,80,20,Pellet,Left,111,112,110,9,0.29,9.0,
2025-11-11 04:47:36,1.17.2,Bandit80,14,4.16,,20,80,20,Left,Left,112,112,110,10,,,0.46
2025-11-11 04:47:39,1.17.2,Bandit80,14,4.16,,20,80,20,LeftinTimeOut,Left,112,112,110,10,,,
2025-11-11 04:47:43,1.17.2,Bandit80,14,4.16,,20,80,20,RightinTimeout,Left,112,112,110,10,,,0.0
2025-11-11 04:52:05,1.17.2,Bandit80,14,4.16,,20,80,20,Right,Left,112,113,110,10,,,0.0
2025-11-11 04:52:06,1.17.2,Bandit80,14,4.16,1.0,20,80,20,Pellet,Left,112,113,111,10,0.53,283.0,
2025-11-11 04:52:25,1.17.2,Bandit80,14,4.16,,20,80,20,Right,Left,112,114,111,11,,,0.0
2025-11-11 04:52:33,1.17.2,Bandit80,14,4.16,1.0,20,80,20,Pellet,Left,112,114,112,11,7.36,27.0,
2025-11-11 04:59:41,1.17.2,Bandit80,14,4.16,,20,80,20,Left,Left,113,114,112,12,,,0.09
2025-11-11 04:59:41,1.17.2,Bandit80,14,4.16,,20,80,20,LeftinTimeOut,Left,113,114,112,12,,,
2025-11-11 04:59:50,1.17.2,Bandit80,14,4.16,,20,80,20,RightinTimeout,Left,113,114,112,12,,,0.0
2025-11-11 05:08:13,1.17.2,Bandit80,14,4.16,,20,80,20,Right,Left,113,115,112,12,,,0.07
2025-11-11 05:08:13,1.17.2,Bandit80,14,4.16,,20,80,20,RightinTimeout,Left,113,115,112,12,,,0.0
2025-11-11 05:08:13,1.17.2,Bandit80,14,4.16,,20,80,20,RightinTimeout,Left,113,115,112,12,,,0.0
2025-11-11 05:08:14,1.17.2,Bandit80,14,4.16,,20,80,20,RightinTimeout,Left,113,115,112,12,,,0.0
2025-11-11 05:08:14,1.17.2,Bandit80,14,4.16,,20,80,20,RightinTimeout,Left,113,115,112,12,,,0.0
2025-11-11 05:08:16,1.17.2,Bandit80,14,4.16,,20,80,20,RightinTimeout,Left,113,115,112,12,,,0.0
2025-11-11 05:08:16,1.17.2,Bandit80,14,4.16,,20,80,20,RightinTimeout,Left,113,115,112,12,,,0.0
2025-11-11 05:08:19,1.17.2,Bandit80,14,4.16,,20,80,20,RightinTimeout,Left,113,115,112,12,,,0.0
2025-11-11 05:12:05,1.17.2,Bandit80,14,4.16,,20,80,20,Left,Left,114,115,112,12,,,0.12
2025-11-11 05:12:06,1.17.2,Bandit80,14,4.16,1.0,20,80,20,Pellet,Left,114,115,113,12,0.65,1173.0,
2025-11-11 05:12:13,1.17.2,Bandit80,14,4.15,,20,80,20,Left,Left,115,115,113,13,,,0.11
2025-11-11 05:12:14,1.17.2,Bandit80,14,4.16,1.0,20,80,20,Pellet,Left,115,115,114,13,0.53,8.0,
2025-11-11 05:12:21,1.17.2,Bandit80,14,4.16,,20,80,20,Left,Left,116,115,114,14,,,0.05
2025-11-11 05:12:22,1.17.2,Bandit80,14,4.16,1.0,20,80,20,Pellet,Left,116,115,115,14,0.53,8.0,
2025-11-11 05:12:45,1.17.2,Bandit80,14,4.16,,20,80,20,Left,Left,117,115,115,15,,,0.46
2025-11-11 05:12:46,1.17.2,Bandit80,14,4.16,1.0,20,80,20,Pellet,Left,117,115,116,15,0.29,24.0,
2025-11-11 05:12:59,1.17.2,Bandit80,14,4.16,,20,80,20,Left,Left,118,115,116,16,,,0.11
2025-11-11 05:13:00,1.17.2,Bandit80,14,4.16,1.0,20,80,20,Pellet,Left,118,115,117,16,0.35,14.0,
2025-11-11 05:19:45,1.17.2,Bandit80,14,4.16,,20,80,20,Right,Left,118,116,117,17,,,0.42
2025-11-11 05:21:29,1.17.2,Bandit80,14,4.16,,20,80,20,Right,Left,118,117,117,17,,,0.03
2025-11-11 05:23:49,1.17.2,Bandit80,14,4.15,,20,80,20,Left,Left,119,117,117,17,,,0.12
2025-11-11 05:23:51,1.17.2,Bandit80,14,4.15,1.0,20,80,20,Pellet,Left,119,117,118,17,1.01,651.0,
2025-11-11 05:24:05,1.17.2,Bandit80,14,4.16,,20,80,20,Left,Left,120,117,118,18,,,0.07
2025-11-11 05:24:06,1.17.2,Bandit80,14,4.16,1.0,20,80,20,Pellet,Left,120,117,119,18,0.47,15.0,
2025-11-11 05:24:18,1.17.2,Bandit80,14,4.16,,20,80,20,Left,Left,121,117,119,19,,,0.09
2025-11-11 05:24:19,1.17.2,Bandit80,14,4.16,1.0,20,80,20,Pellet,Left,121,117,120,19,0.29,13.0,
2025-11-11 05:24:35,1.17.2,Bandit80,14,4.16,,20,20,80,Left,Right,122,117,120,0,,,0.17
2025-11-11 05:24:38,1.17.2,Bandit80,14,4.16,,20,20,80,LeftinTimeOut,Right,122,117,120,0,,,
2025-11-11 06:15:54,1.17.2,Bandit80,14,4.15,,20,20,80,Left,Right,123,117,120,0,,,0.11
2025-11-11 06:24:32,1.17.2,Bandit80,14,4.15,,20,20,80,Left,Right,124,117,120,0,,,0.38
2025-11-11 06:24:34,1.17.2,Bandit80,14,4.15,,20,20,80,LeftinTimeOut,Right,124,117,120,0,,,
2025-11-11 06:24:37,1.17.2,Bandit80,14,4.15,,20,20,80,LeftinTimeOut,Right,124,117,120,0,,,
2025-11-11 06:50:02,1.17.2,Bandit80,14,4.16,,20,20,80,Left,Right,125,117,120,0,,,0.21
2025-11-11 06:50:03,1.17.2,Bandit80,14,4.16,1.0,20,20,80,Pellet,Right,125,117,121,0,0.47,5144.0,
2025-11-11 06:50:29,1.17.2,Bandit80,14,4.15,,20,20,80,Left,Right,126,117,121,1,,,0.09
2025-11-11 06:50:30,1.17.2,Bandit80,14,4.15,,20,20,80,LeftinTimeOut,Right,126,117,121,1,,,
2025-11-11 06:52:41,1.17.2,Bandit80,14,4.15,,20,20,80,Right,Right,126,118,121,1,,,0.7
2025-11-11 07:01:54,1.17.2,Bandit80,14,4.16,,20,20,80,Left,Right,127,118,121,1,,,0.1
2025-11-11 07:06:46,1.17.2,Bandit80,14,4.15,,20,20,80,Right,Right,127,119,121,1,,,0.21
2025-11-11 07:06:47,1.17.2,Bandit80,14,4.15,1.0,20,20,80,Pellet,Right,127,119,122,1,0.65,1004.0,
2025-11-11 07:12:02,1.17.2,Bandit80,14,4.16,,20,20,80,Right,Right,127,120,122,2,,,0.14
2025-11-11 07:12:03,1.17.2,Bandit80,14,4.15,1.0,20,20,80,Pellet,Right,127,120,123,2,0.65,316.0,
2025-11-11 07:12:15,1.17.2,Bandit80,14,4.15,,20,20,80,Right,Right,127,121,123,3,,,0.12
2025-11-11 07:12:17,1.17.2,Bandit80,14,4.14,1.0,20,20,80,Pellet,Right,127,121,124,3,1.19,14.0,
2025-11-11 07:12:32,1.17.2,Bandit80,14,4.15,,20,20,80,Right,Right,127,122,124,4,,,0.1
2025-11-11 07:12:33,1.17.2,Bandit80,14,4.15,1.0,20,20,80,Pellet,Right,127,122,125,4,0.35,16.0,
2025-11-11 07:12:50,1.17.2,Bandit80,14,4.15,,20,20,80,Right,Right,127,123,125,5,,,0.13
2025-11-11 07:12:51,1.17.2,Bandit80,14,4.15,,20,20,80,RightWithPellet,Right,127,124,125,5,,,0.2
2025-11-11 07:12:53,1.17.2,Bandit80,14,4.15,,20,20,80,RightWithPellet,Right,127,125,125,5,,,0.05
2025-11-11 07:12:54,1.17.2,Bandit80,14,4.15,,20,20,80,RightWithPellet,Right,127,126,125,5,,,0.08
2025-11-11 07:12:55,1.17.2,Bandit80,14,4.15,1.0,20,20,80,Pellet,Right,127,126,126,5,4.33,22.0,
2025-11-11 07:15:44,1.17.2,Bandit80,14,4.15,,20,20,80,Left,Right,128,126,126,6,,,0.14
2025-11-11 07:15:46,1.17.2,Bandit80,14,4.15,,20,20,80,LeftinTimeOut,Right,128,126,126,6,,,
2025-11-11 07:21:29,1.17.2,Bandit80,14,4.14,,20,20,80,Right,Right,128,127,126,6,,,0.2
2025-11-11 07:21:31,1.17.2,Bandit80,14,4.15,1.0,20,20,80,Pellet,Right,128,127,127,6,1.55,516.0,
2025-11-11 07:24:31,1.17.2,Bandit80,14,4.15,,20,20,80,Right,Right,128,128,127,7,,,0.47
2025-11-11 07:24:32,1.17.2,Bandit80,14,4.15,1.0,20,20,80,Pellet,Right,128,128,128,7,0.59,181.0,
2025-11-11 07:29:24,1.17.2,Bandit80,14,4.15,,20,20,80,Right,Right,128,129,128,8,,,0.07
2025-11-11 07:29:25,1.17.2,Bandit80,14,4.15,1.0,20,20,80,Pellet,Right,128,129,129,8,0.35,293.0,
2025-11-11 07:29:39,1.17.2,Bandit80,14,4.16,,20,20,80,Right,Right,128,130,129,9,,,0.26
2025-11-11 07:29:40,1.17.2,Bandit80,14,4.15,1.0,20,20,80,Pellet,Right,128,130,130,9,0.59,15.0,
2025-11-11 09:29:01,1.17.2,Bandit80,14,4.14,,20,20,80,Right,Right,128,131,130,10,,,0.27
2025-11-11 09:29:04,1.17.2,Bandit80,14,4.14,1.0,20,20,80,Pellet,Right,128,131,131,10,2.21,7163.0,
2025-11-11 09:29:25,1.17.2,Bandit80,14,4.14,,20,20,80,Right,Right,128,132,131,11,,,0.02
2025-11-11 09:29:25,1.17.2,Bandit80,14,4.14,,20,20,80,RightDuringDispense,Right,128,132,131,11,,,0.04
2025-11-11 09:29:29,1.17.2,Bandit80,14,4.14,2.0,20,20,80,Pellet,Right,128,132,132,11,0.41,26.0,
2025-11-11 09:29:40,1.17.2,Bandit80,14,4.14,,20,20,80,Right,Right,128,133,132,12,,,0.46
2025-11-11 09:29:42,1.17.2,Bandit80,14,4.14,1.0,20,20,80,Pellet,Right,128,133,133,12,1.01,13.0,
2025-11-11 09:29:54,1.17.2,Bandit80,14,4.14,,20,20,80,Right,Right,128,134,133,13,,,0.25
2025-11-11 09:29:56,1.17.2,Bandit80,14,4.14,,20,20,80,RightinTimeout,Right,128,134,133,13,,,0.0
2025-11-11 09:29:57,1.17.2,Bandit80,14,4.13,,20,20,80,RightinTimeout,Right,128,134,133,13,,,0.0
2025-11-11 09:29:57,1.17.2,Bandit80,14,4.14,,20,20,80,RightinTimeout,Right,128,134,133,13,,,0.0
2025-11-11 09:29:57,1.17.2,Bandit80,14,4.14,,20,20,80,RightinTimeout,Right,128,134,133,13,,,0.0
2025-11-11 09:29:57,1.17.2,Bandit80,14,4.15,,20,20,80,RightinTimeout,Right,128,134,133,13,,,0.0
2025-11-11 09:30:00,1.17.2,Bandit80,14,4.14,,20,20,80,RightinTimeout,Right,128,134,133,13,,,0.0
2025-11-11 09:30:01,1.17.2,Bandit80,14,4.14,,20,20,80,RightinTimeout,Right,128,134,133,13,,,0.0
2025-11-11 09:30:01,1.17.2,Bandit80,14,4.14,,20,20,80,RightinTimeout,Right,128,134,133,13,,,0.0
2025-11-11 09:30:01,1.17.2,Bandit80,14,4.15,,20,20,80,RightinTimeout,Right,128,134,133,13,,,0.0
2025-11-11 09:30:03,1.17.2,Bandit80,14,4.14,,20,20,80,RightinTimeout,Right,128,134,133,13,,,0.0
2025-11-11 09:30:04,1.17.2,Bandit80,14,4.14,,20,20,80,RightinTimeout,Right,128,134,133,13,,,0.0
2025-11-11 09:30:04,1.17.2,Bandit80,14,4.14,,20,20,80,RightinTimeout,Right,128,134,133,13,,,0.0
2025-11-11 09:30:04,1.17.2,Bandit80,14,4.14,,20,20,80,RightinTimeout,Right,128,134,133,13,,,0.0
2025-11-11 09:31:16,1.17.2,Bandit80,14,4.14,,20,20,80,Right,Right,128,135,133,13,,,0.16
2025-11-11 09:31:17,1.17.2,Bandit80,14,4.14,1.0,20,20,80,Pellet,Right,128,135,134,13,0.59,95.0,
2025-11-11 09:36:51,1.17.2,Bandit80,14,4.14,,20,20,80,Left,Right,129,135,134,14,,,0.14
2025-11-11 09:36:51,1.17.2,Bandit80,14,4.14,,20,20,80,LeftinTimeOut,Right,129,135,134,14,,,
2025-11-11 09:37:37,1.17.2,Bandit80,14,4.14,,20,20,80,Right,Right,129,136,134,14,,,0.14
2025-11-11 09:37:38,1.17.2,Bandit80,14,4.14,1.0,20,20,80,Pellet,Right,129,136,135,14,0.41,381.0,
2025-11-11 09:37:55,1.17.2,Bandit80,14,4.15,,20,20,80,Right,Right,129,137,135,15,,,0.1
2025-11-11 09:37:56,1.17.2,Bandit80,14,4.14,1.0,20,20,80,Pellet,Right,129,137,136,15,0.47,18.0,
2025-11-11 12:25:32,1.17.2,Bandit80,14,4.14,,20,20,80,Right,Right,129,138,136,16,,,0.07
2025-11-11 12:25:34,1.17.2,Bandit80,14,4.13,1.0,20,20,80,Pellet,Right,129,138,137,16,0.53,10058.0,
2025-11-11 12:25:54,1.17.2,Bandit80,14,4.14,,20,20,80,Right,Right,129,139,137,17,,,0.05
2025-11-11 12:25:56,1.17.2,Bandit80,14,4.14,1.0,20,20,80,Pellet,Right,129,139,138,17,0.35,21.0,
2025-11-11 12:26:08,1.17.2,Bandit80,14,4.14,,20,20,80,Right,Right,129,140,138,18,,,0.39
2025-11-11 12:26:10,1.17.2,Bandit80,14,4.14,1.0,20,20,80,Pellet,Right,129,140,139,18,0.47,15.0,
2025-11-11 12:26:21,1.17.2,Bandit80,14,4.14,,20,20,80,Right,Right,129,141,139,19,,,0.02
2025-11-11 12:26:22,1.17.2,Bandit80,14,4.14,,20,20,80,RightDuringDispense,Right,129,141,139,19,,,0.03
2025-11-11 12:26:25,1.17.2,Bandit80,14,4.14,3.0,20,20,80,Pellet,Right,129,141,140,19,0.17,15.0,
2025-11-11 12:26:46,1.17.2,Bandit80,14,4.14,,20,80,20,Right,Left,129,142,140,0,,,0.14
2025-11-11 12:26:47,1.17.2,Bandit80,14,4.14,1.0,20,80,20,Pellet,Left,129,142,141,0,0.35,22.0,
2025-11-11 12:28:23,1.17.2,Bandit80,14,4.14,,20,80,20,Right,Left,129,143,141,1,,,0.06
2025-11-11 12:37:35,1.17.2,Bandit80,14,4.13,,20,80,20,Right,Left,129,144,141,1,,,0.17
2025-11-11 12:37:38,1.17.2,Bandit80,14,4.13,,20,80,20,RightinTimeout,Left,129,144,141,1,,,0.0
2025-11-11 15:02:58,1.17.2,Bandit80,14,4.13,,20,80,20,Right,Left,129,145,141,1,,,0.22
2025-11-11 15:03:00,1.17.2,Bandit80,14,4.13,,20,80,20,RightinTimeout,Left,129,145,141,1,,,0.0
2025-11-11 15:06:38,1.17.2,Bandit80,14,4.13,,20,80,20,Left,Left,130,145,141,1,,,0.16
2025-11-11 15:06:39,1.17.2,Bandit80,14,4.13,1.0,20,80,20,Pellet,Left,130,145,142,1,0.47,9592.0,
2025-11-11 15:07:25,1.17.2,Bandit80,14,4.14,,20,80,20,Left,Left,131,145,142,2,,,0.14
2025-11-11 15:07:26,1.17.2,Bandit80,14,4.13,1.0,20,80,20,Pellet,Left,131,145,143,2,0.23,47.0,
2025-11-11 15:07:51,1.17.2,Bandit80,14,4.14,,20,80,20,Left,Left,132,145,143,3,,,0.0
2025-11-11 15:07:52,1.17.2,Bandit80,14,4.13,2.0,20,80,20,Pellet,Left,132,145,144,3,0.06,26.0,
2025-11-11 15:08:06,1.17.2,Bandit80,14,4.13,,20,80,20,Left,Left,133,145,144,4,,,0.2
2025-11-11 15:08:08,1.17.2,Bandit80,14,4.13,1.0,20,80,20,Pellet,Left,133,145,145,4,0.23,16.0,
2025-11-11 15:08:26,1.17.2,Bandit80,14,4.13,,20,80,20,Left,Left,134,145,145,5,,,0.21
2025-11-11 15:08:27,1.17.2,Bandit80,14,4.13,1.0,20,80,20,Pellet,Left,134,145,146,5,0.35,19.0,
2025-11-11 17:19:00,1.17.2,Bandit80,14,4.13,,20,80,20,Left,Left,135,145,146,6,,,0.38
2025-11-11 17:19:02,1.17.2,Bandit80,14,4.12,1.0,20,80,20,Pellet,Left,135,145,147,6,0.95,7835.0,
2025-11-11 17:19:15,1.17.2,Bandit80,14,4.12,,20,80,20,Left,Left,136,145,147,7,,,0.0
2025-11-11 17:19:16,1.17.2,Bandit80,14,4.12,1.0,20,80,20,Pellet,Left,136,145,148,7,0.17,14.0,
2025-11-11 17:19:32,1.17.2,Bandit80,14,4.13,,20,80,20,Left,Left,137,145,148,8,,,0.46
2025-11-11 17:19:33,1.17.2,Bandit80,14,4.12,2.0,20,80,20,Pellet,Left,137,145,149,8,0.06,17.0,
2025-11-11 17:19:44,1.17.2,Bandit80,14,4.12,,20,80,20,Right,Left,137,146,149,9,,,0.08
2025-11-11 17:19:45,1.17.2,Bandit80,14,4.12,,20,80,20,RightinTimeout,Left,137,146,149,9,,,0.0
2025-11-11 17:19:47,1.17.2,Bandit80,14,4.12,,20,80,20,LeftinTimeOut,Left,137,146,149,9,,,
2025-11-11 17:19:57,1.17.2,Bandit80,14,4.13,,20,80,20,RightinTimeout,Left,137,146,149,9,,,0.0
2025-11-11 18:05:54,1.17.2,Bandit80,14,4.12,,20,80,20,Left,Left,138,146,149,9,,,0.18
2025-11-11 18:05:55,1.17.2,Bandit80,14,4.12,1.0,20,80,20,Pellet,Left,138,146,150,9,0.47,2782.0,
2025-11-11 18:06:11,1.17.2,Bandit80,14,4.12,,20,80,20,Left,Left,139,146,150,10,,,0.44
2025-11-11 18:06:12,1.17.2,Bandit80,14,4.12,1.0,20,80,20,Pellet,Left,139,146,151,10,0.17,17.0,
2025-11-11 18:06:29,1.17.2,Bandit80,14,4.12,,20,80,20,Left,Left,140,146,151,11,,,0.09
2025-11-11 18:06:29,1.17.2,Bandit80,14,4.13,,20,80,20,LeftDuringDispense,Left,140,146,151,11,,,0.03
2025-11-11 18:06:33,1.17.2,Bandit80,14,4.12,2.0,20,80,20,Pellet,Left,140,146,152,11,0.17,20.0,
2025-11-11 18:06:47,1.17.2,Bandit80,14,4.12,,20,80,20,Left,Left,141,146,152,12,,,0.58
2025-11-11 18:06:48,1.17.2,Bandit80,14,4.12,2.0,20,80,20,Pellet,Left,141,146,153,12,0.06,16.0,
2025-11-11 18:07:16,1.17.2,Bandit80,14,4.12,,20,80,20,Left,Left,142,146,153,13,,,0.07
2025-11-11 18:07:16,1.17.2,Bandit80,14,4.12,1.0,20,80,20,Pellet,Left,142,146,154,13,0.23,28.0,
2025-11-11 18:07:28,1.17.2,Bandit80,14,4.12,,20,80,20,Left,Left,143,146,154,14,,,0.25
2025-11-11 18:07:29,1.17.2,Bandit80,14,4.12,2.0,20,80,20,Pellet,Left,143,146,155,14,0.06,13.0,
2025-11-11 18:07:51,1.17.2,Bandit80,14,4.12,,20,80,20,Left,Left,144,146,155,15,,,0.03
2025-11-11 18:07:52,1.17.2,Bandit80,14,4.12,,20,80,20,LeftDuringDispense,Left,144,146,155,15,,,0.02
2025-11-11 18:07:55,1.17.2,Bandit80,14,4.12,2.0,20,80,20,Pellet,Left,144,146,156,15,0.47,26.0,
2025-11-11 18:08:07,1.17.2,Bandit80,14,4.12,,20,80,20,Left,Left,145,146,156,16,,,0.08
2025-11-11 18:08:08,1.17.2,Bandit80,14,4.12,1.0,20,80,20,Pellet,Left,145,146,157,16,0.65,13.0,
2025-11-11 18:08:20,1.17.2,Bandit80,14,4.12,,20,80,20,Left,Left,146,146,157,17,,,0.66
2025-11-11 18:08:22,1.17.2,Bandit80,14,4.12,2.0,20,80,20,Pellet,Left,146,146,158,17,0.41,14.0,
2025-11-11 18:08:50,1.17.2,Bandit80,14,4.12,,20,80,20,Left,Left,147,146,158,18,,,0.11
2025-11-11 18:27:05,1.17.2,Bandit80,14,4.12,,20,80,20,Left,Left,148,146,158,18,,,0.1
2025-11-11 18:27:06,1.17.2,Bandit80,14,4.12,1.0,20,80,20,Pellet,Left,148,146,159,18,0.53,1124.0,
2025-11-11 18:48:15,1.17.2,Bandit80,14,4.12,,20,80,20,Right,Left,148,147,159,19,,,0.06
2025-11-11 18:51:14,1.17.2,Bandit80,14,4.12,,20,80,20,Left,Left,149,147,159,19,,,0.22
2025-11-11 18:51:15,1.17.2,Bandit80,14,4.12,1.0,20,80,20,Pellet,Left,149,147,160,19,0.65,1449.0,
2025-11-11 18:51:35,1.17.2,Bandit80,14,4.12,,20,20,80,Right,Right,149,148,160,0,,,0.12
2025-11-11 19:04:03,1.17.2,Bandit80,14,4.12,,20,20,80,Left,Right,150,148,160,0,,,0.06
2025-11-11 19:04:04,1.17.2,Bandit80,14,4.12,,20,20,80,LeftinTimeOut,Right,150,148,160,0,,,
2025-11-11 19:04:11,1.17.2,Bandit80,14,4.12,,20,20,80,RightinTimeout,Right,150,148,160,0,,,0.0
2025-11-11 19:18:52,1.17.2,Bandit80,14,4.12,,20,20,80,Left,Right,151,148,160,0,,,0.0
2025-11-11 19:25:47,1.17.2,Bandit80,14,4.12,,20,20,80,Right,Right,151,149,160,0,,,0.14
2025-11-11 19:25:49,1.17.2,Bandit80,14,4.12,1.0,20,20,80,Pellet,Right,151,149,161,0,1.55,2074.0,
2025-11-11 19:25:56,1.17.2,Bandit80,14,4.12,,20,20,80,Left,Right,152,149,161,1,,,0.03
2025-11-11 19:28:16,1.17.2,Bandit80,14,4.12,,20,20,80,Left,Right,153,149,161,1,,,0.18
2025-11-11 19:29:16,1.17.2,Bandit80,14,4.12,,20,20,80,Right,Right,153,150,161,1,,,0.1
2025-11-11 19:29:17,1.17.2,Bandit80,14,4.12,1.0,20,20,80,Pellet,Right,153,150,162,1,0.53,208.0,
2025-11-11 19:33:29,1.17.2,Bandit80,14,4.12,,20,20,80,Left,Right,154,150,162,2,,,0.06
2025-11-11 19:37:14,1.17.2,Bandit80,14,4.12,,20,20,80,Right,Right,154,151,162,2,,,0.2
2025-11-11 19:37:15,1.17.2,Bandit80,14,4.12,1.0,20,20,80,Pellet,Right,154,151,163,2,0.95,478.0,
2025-11-11 19:37:23,1.17.2,Bandit80,14,4.12,,20,20,80,Right,Right,154,152,163,3,,,0.09
2025-11-11 19:37:25,1.17.2,Bandit80,14,4.12,1.0,20,20,80,Pellet,Right,154,152,164,3,0.53,10.0,
2025-11-11 19:50:55,1.17.2,Bandit80,14,4.11,,20,20,80,Right,Right,154,153,164,4,,,0.16
2025-11-11 19:50:57,1.17.2,Bandit80,14,4.12,,20,20,80,RightinTimeout,Right,154,153,164,4,,,0.0
2025-11-11 19:50:57,1.17.2,Bandit80,14,4.12,,20,20,80,RightinTimeout,Right,154,153,164,4,,,0.0
2025-11-11 19:50:59,1.17.2,Bandit80,14,4.12,,20,20,80,RightinTimeout,Right,154,153,164,4,,,0.0
2025-11-11 19:53:03,1.17.2,Bandit80,14,4.12,,20,20,80,Right,Right,154,154,164,4,,,0.04
2025-11-11 19:53:04,1.17.2,Bandit80,14,4.12,1.0,20,20,80,Pellet,Right,154,154,165,4,0.41,939.0,
2025-11-11 19:53:41,1.17.2,Bandit80,14,4.12,,20,20,80,Left,Right,155,154,165,5,,,0.05
2025-11-11 19:53:43,1.17.2,Bandit80,14,4.12,,20,20,80,LeftinTimeOut,Right,155,154,165,5,,,
2025-11-11 19:56:47,1.17.2,Bandit80,14,4.12,,20,20,80,Left,Right,156,154,165,5,,,0.04
2025-11-11 19:59:04,1.17.2,Bandit80,14,4.12,,20,20,80,Left,Right,157,154,165,5,,,0.05
2025-11-11 19:59:54,1.17.2,Bandit80,14,4.11,,20,20,80,Right,Right,157,155,165,5,,,0.22
2025-11-11 19:59:56,1.17.2,Bandit80,14,4.12,1.0,20,20,80,Pellet,Right,157,155,166,5,0.41,412.0,
2025-11-11 20:05:41,1.17.2,Bandit80,14,4.12,,20,20,80,Left,Right,158,155,166,6,,,0.07
2025-11-11 20:05:42,1.17.2,Bandit80,14,4.12,,20,20,80,RightinTimeout,Right,158,155,166,6,,,0.0
2025-11-11 20:10:27,1.17.2,Bandit80,14,4.12,,20,20,80,Right,Right,158,156,166,6,,,0.23
2025-11-11 20:10:29,1.17.2,Bandit80,14,4.12,1.0,20,20,80,Pellet,Right,158,156,167,6,0.71,633.0,
2025-11-11 20:10:36,1.17.2,Bandit80,14,4.12,,20,20,80,Right,Right,158,157,167,7,,,0.09
2025-11-11 20:10:37,1.17.2,Bandit80,14,4.12,1.0,20,20,80,Pellet,Right,158,157,168,7,0.53,8.0,
2025-11-11 20:12:34,1.17.2,Bandit80,14,4.12,,20,20,80,Right,Right,158,158,168,8,,,0.03
2025-11-11 20:16:32,1.17.2,Bandit80,14,4.12,,20,20,80,Right,Right,158,159,168,8,,,0.17
2025-11-11 20:16:40,1.17.2,Bandit80,14,4.12,1.0,20,20,80,Pellet,Right,158,159,169,8,7.31,363.0,
2025-11-11 20:18:03,1.17.2,Bandit80,14,4.11,,20,20,80,Left,Right,159,159,169,9,,,0.03
2025-11-11 20:18:27,1.17.2,Bandit80,14,4.12,,20,20,80,Right,Right,159,160,169,9,,,0.02
2025-11-11 20:18:34,1.17.2,Bandit80,14,4.12,,20,20,80,RightinTimeout,Right,159,160,169,9,,,0.0
2025-11-11 20:18:36,1.17.2,Bandit80,14,4.12,,20,20,80,LeftinTimeOut,Right,159,160,169,9,,,
2025-11-11 20:19:15,1.17.2,Bandit80,14,4.11,,20,20,80,Right,Right,159,161,169,9,,,0.05
2025-11-11 20:19:16,1.17.2,Bandit80,14,4.12,1.0,20,20,80,Pellet,Right,159,161,170,9,0.83,156.0,
2025-11-11 20:21:33,1.17.2,Bandit80,14,4.12,,20,20,80,Left,Right,160,161,170,10,,,0.19
2025-11-11 20:23:28,1.17.2,Bandit80,14,4.12,,20,20,80,Left,Right,161,161,170,10,,,0.12
2025-11-11 20:23:29,1.17.2,Bandit80,14,4.12,1.0,20,20,80,Pellet,Right,161,161,171,10,0.35,253.0,
2025-11-11 20:33:12,1.17.2,Bandit80,14,4.12,,20,20,80,Right,Right,161,162,171,11,,,0.05
2025-11-11 20:33:15,1.17.2,Bandit80,14,4.12,1.0,20,20,80,Pellet,Right,161,162,172,11,2.21,586.0,
2025-11-11 20:34:40,1.17.2,Bandit80,14,4.12,,20,20,80,Left,Right,162,162,172,12,,,0.07
2025-11-11 20:37:12,1.17.2,Bandit80,14,4.12,,20,20,80,Right,Right,162,163,172,12,,,0.05
2025-11-11 20:37:15,1.17.2,Bandit80,14,4.12,2.0,20,20,80,Pellet,Right,162,163,173,12,0.65,240.0,
2025-11-11 20:38:08,1.17.2,Bandit80,14,4.12,,20,20,80,Left,Right,163,163,173,13,,,0.13
2025-11-11 20:38:38,1.17.2,Bandit80,14,4.12,,20,20,80,Right,Right,163,164,173,13,,,0.03
2025-11-11 20:38:40,1.17.2,Bandit80,14,4.12,1.0,20,20,80,Pellet,Right,163,164,174,13,1.01,85.0,
2025-11-11 20:45:04,1.17.2,Bandit80,14,4.12,,20,20,80,Left,Right,164,164,174,14,,,0.09
2025-11-11 20:45:12,1.17.2,Bandit80,14,4.12,,20,20,80,LeftinTimeOut,Right,164,164,174,14,,,
2025-11-11 20:48:54,1.17.2,Bandit80,14,4.12,,20,20,80,Right,Right,164,165,174,14,,,0.22
2025-11-11 20:49:01,1.17.2,Bandit80,14,4.12,2.0,20,20,80,Pellet,Right,164,165,175,14,4.49,621.0,
2025-11-11 20:49:36,1.17.2,Bandit80,14,4.12,,20,20,80,Right,Right,164,166,175,15,,,0.16
2025-11-11 20:49:37,1.17.2,Bandit80,14,4.12,1.0,20,20,80,Pellet,Right,164,166,176,15,0.53,36.0,
2025-11-11 20:50:32,1.17.2,Bandit80,14,4.11,,20,20,80,Left,Right,165,166,176,16,,,0.1
2025-11-11 20:50:34,1.17.2,Bandit80,14,4.12,1.0,20,20,80,Pellet,Right,165,166,177,16,0.71,57.0,
2025-11-11 20:54:15,1.17.2,Bandit80,14,4.11,,20,20,80,Right,Right,165,167,177,17,,,0.15
2025-11-11 20:54:18,1.17.2,Bandit80,14,4.12,1.0,20,20,80,Pellet,Right,165,167,178,17,2.57,224.0,
2025-11-11 20:55:42,1.17.2,Bandit80,14,4.12,,20,20,80,Right,Right,165,168,178,18,,,0.01
2025-11-11 20:56:38,1.17.2,Bandit80,14,4.12,,20,20,80,LeftWithPellet,Right,165,168,178,18,,,0.08
2025-11-11 20:58:50,1.17.2,Bandit80,14,4.12,,20,20,80,LeftWithPellet,Right,165,168,178,18,,,0.05
2025-11-11 21:02:49,1.17.2,Bandit80,14,4.11,,20,20,80,LeftWithPellet,Right,165,168,178,18,,,0.18
2025-11-11 21:02:52,1.17.2,Bandit80,14,4.12,,20,20,80,LeftWithPellet,Right,165,168,178,18,,,0.1
2025-11-11 21:02:54,1.17.2,Bandit80,14,4.12,,20,20,80,LeftWithPellet,Right,165,168,178,18,,,0.2
2025-11-11 21:12:05,1.17.2,Bandit80,14,4.11,2.0,20,20,80,Pellet,Right,165,168,179,18,,1066.0,
2025-11-11 21:18:03,1.17.2,Bandit80,14,4.12,,20,20,80,Left,Right,166,168,179,19,,,1.0
2025-11-11 21:18:08,1.17.2,Bandit80,14,4.12,,20,20,80,LeftinTimeOut,Right,166,168,179,19,,,
2025-11-11 21:19:35,1.17.2,Bandit80,14,4.12,,20,20,80,Right,Right,166,169,179,19,,,0.02
2025-11-11 21:19:38,1.17.2,Bandit80,14,4.12,,20,20,80,RightWithPellet,Right,166,170,179,19,,,0.1
2025-11-11 21:19:40,1.17.2,Bandit80,14,4.12,1.0,20,20,80,Pellet,Right,166,170,180,19,4.04,456.0,
2025-11-11 21:27:08,1.17.2,Bandit80,14,4.12,,20,80,20,Right,Left,166,171,180,0,,,0.22
2025-11-11 21:27:10,1.17.2,Bandit80,14,4.12,1.0,20,80,20,Pellet,Left,166,171,181,0,0.77,450.0,
2025-11-11 21:27:19,1.17.2,Bandit80,14,4.12,,20,80,20,Right,Left,166,172,181,1,,,0.06
2025-11-11 21:27:24,1.17.2,Bandit80,14,4.11,,20,80,20,RightinTimeout,Left,166,172,181,1,,,0.0
2025-11-11 21:32:31,1.17.2,Bandit80,14,4.12,,20,80,20,Right,Left,166,173,181,1,,,0.18
2025-11-11 21:32:34,1.17.2,Bandit80,14,4.12,,20,80,20,LeftinTimeOut,Left,166,173,181,1,,,
2025-11-11 21:35:11,1.17.2,Bandit80,14,4.11,,20,80,20,Right,Left,166,174,181,1,,,0.12
2025-11-11 21:38:44,1.17.2,Bandit80,14,4.11,,20,80,20,Left,Left,167,174,181,1,,,0.02
2025-11-11 21:38:49,1.17.2,Bandit80,14,4.12,3.0,20,80,20,Pellet,Left,167,174,182,1,1.61,699.0,
2025-11-11 21:39:10,1.17.2,Bandit80,14,4.11,,20,80,20,Right,Left,167,175,182,2,,,0.38
2025-11-11 21:39:28,1.17.2,Bandit80,14,4.11,,20,80,20,Left,Left,168,175,182,2,,,0.17
2025-11-11 21:39:29,1.17.2,Bandit80,14,4.11,1.0,20,80,20,Pellet,Left,168,175,183,2,0.35,40.0,
2025-11-11 21:40:52,1.17.2,Bandit80,14,4.12,,20,80,20,Left,Left,169,175,183,3,,,0.12
2025-11-11 21:40:53,1.17.2,Bandit80,14,4.12,1.0,20,80,20,Pellet,Left,169,175,184,3,0.47,84.0,
2025-11-11 21:42:58,1.17.2,Bandit80,14,4.12,,20,80,20,Right,Left,169,176,184,4,,,0.08
2025-11-11 21:43:40,1.17.2,Bandit80,14,4.1,,20,80,20,Right,Left,169,177,184,4,,,0.3
2025-11-11 21:45:31,1.17.2,Bandit80,14,4.11,,20,80,20,Right,Left,169,178,184,4,,,0.11
2025-11-11 21:47:16,1.17.2,Bandit80,14,4.11,,20,80,20,Right,Left,169,179,184,4,,,0.07
2025-11-11 21:48:58,1.17.2,Bandit80,14,4.12,,20,80,20,Right,Left,169,180,184,4,,,0.2
2025-11-11 21:49:01,1.17.2,Bandit80,14,4.12,,20,80,20,RightinTimeout,Left,169,180,184,4,,,0.0
2025-11-11 21:50:47,1.17.2,Bandit80,14,4.12,,20,80,20,Right,Left,169,181,184,4,,,0.13
2025-11-11 21:50:49,1.17.2,Bandit80,14,4.12,1.0,20,80,20,Pellet,Left,169,181,185,4,0.65,596.0,
2025-11-11 21:50:56,1.17.2,Bandit80,14,4.12,,20,80,20,Right,Left,169,182,185,5,,,0.23
2025-11-11 21:50:58,1.17.2,Bandit80,14,4.11,,20,80,20,RightinTimeout,Left,169,182,185,5,,,0.0
2025-11-11 21:51:00,1.17.2,Bandit80,14,4.11,,20,80,20,RightinTimeout,Left,169,182,185,5,,,0.0
2025-11-11 21:51:01,1.17.2,Bandit80,14,4.12,,20,80,20,LeftinTimeOut,Left,169,182,185,5,,,
2025-11-11 21:52:42,1.17.2,Bandit80,14,4.12,,20,80,20,Right,Left,169,183,185,5,,,0.19
2025-11-11 21:52:44,1.17.2,Bandit80,14,4.11,1.0,20,80,20,Pellet,Left,169,183,186,5,0.83,115.0,
2025-11-11 21:52:56,1.17.2,Bandit80,14,4.12,,20,80,20,Right,Left,169,184,186,6,,,0.02
2025-11-11 21:53:32,1.17.2,Bandit80,14,4.11,,20,80,20,Right,Left,169,185,186,6,,,0.02
2025-11-11 22:02:29,1.17.2,Bandit80,14,4.12,,20,80,20,Right,Left,169,186,186,6,,,0.3
2025-11-11 22:03:17,1.17.2,Bandit80,14,4.11,,20,80,20,Right,Left,169,187,186,6,,,0.27
2025-11-11 22:03:19,1.17.2,Bandit80,14,4.11,,20,80,20,RightinTimeout,Left,169,187,186,6,,,0.0
2025-11-11 22:06:37,1.17.2,Bandit80,14,4.11,,20,80,20,Right,Left,169,188,186,6,,,0.12
2025-11-11 22:07:03,1.17.2,Bandit80,14,4.11,,20,80,20,Right,Left,169,189,186,6,,,0.03
2025-11-11 22:07:09,1.17.2,Bandit80,14,4.11,,20,80,20,RightinTimeout,Left,169,189,186,6,,,0.0
2025-11-11 22:10:27,1.17.2,Bandit80,14,4.11,,20,80,20,Right,Left,169,190,186,6,,,0.02
2025-11-11 22:13:21,1.17.2,Bandit80,14,4.11,,20,80,20,Right,Left,169,191,186,6,,,0.11
2025-11-11 22:14:38,1.17.2,Bandit80,14,4.11,,20,80,20,Left,Left,170,191,186,6,,,0.05
2025-11-11 22:14:41,1.17.2,Bandit80,14,4.12,2.0,20,80,20,Pellet,Left,170,191,187,6,0.53,1317.0,
2025-11-11 22:14:48,1.17.2,Bandit80,14,4.11,,20,80,20,Left,Left,171,191,187,7,,,0.03
2025-11-11 22:14:49,1.17.2,Bandit80,14,4.11,2.0,20,80,20,Pellet,Left,171,191,188,7,0.06,8.0,
2025-11-11 22:14:59,1.17.2,Bandit80,14,4.12,,20,80,20,Left,Left,172,191,188,8,,,0.01
2025-11-11 22:15:00,1.17.2,Bandit80,14,4.11,1.0,20,80,20,Pellet,Left,172,191,189,8,0.47,11.0,
2025-11-11 22:15:19,1.17.2,Bandit80,14,4.11,,20,80,20,Left,Left,173,191,189,9,,,0.02
2025-11-11 22:15:20,1.17.2,Bandit80,14,4.11,2.0,20,80,20,Pellet,Left,173,191,190,9,0.11,20.0,
2025-11-11 22:15:34,1.17.2,Bandit80,14,4.11,,20,80,20,Left,Left,174,191,190,10,,,0.18
2025-11-11 22:15:34,1.17.2,Bandit80,14,4.11,,20,80,20,LeftDuringDispense,Left,174,191,190,10,,,0.09
2025-11-11 22:15:35,1.17.2,Bandit80,14,4.11,1.0,20,80,20,Pellet,Left,174,191,191,10,0.47,15.0,
2025-11-11 22:15:50,1.17.2,Bandit80,14,4.12,,20,80,20,Left,Left,175,191,191,11,,,0.07
2025-11-11 22:15:52,1.17.2,Bandit80,14,4.11,2.0,20,80,20,Pellet,Left,175,191,192,11,0.06,16.0,
2025-11-11 22:16:01,1.17.2,Bandit80,14,4.11,,20,80,20,Left,Left,176,191,192,12,,,0.18
2025-11-11 22:16:07,1.17.2,Bandit80,14,4.11,,20,80,20,LeftinTimeOut,Left,176,191,192,12,,,
2025-11-11 22:16:49,1.17.2,Bandit80,14,4.12,,20,80,20,Right,Left,176,192,192,12,,,0.02
2025-11-11 22:16:51,1.17.2,Bandit80,14,4.12,,20,80,20,RightinTimeout,Left,176,192,192,12,,,0.0
2025-11-11 22:22:49,1.17.2,Bandit80,14,4.11,,20,80,20,Right,Left,176,193,192,12,,,0.21
2025-11-11 22:25:53,1.17.2,Bandit80,14,4.12,,20,80,20,Right,Left,176,194,192,12,,,0.02
2025-11-11 22:25:54,1.17.2,Bandit80,14,4.11,,20,80,20,RightinTimeout,Left,176,194,192,12,,,0.0
2025-11-11 22:26:45,1.17.2,Bandit80,14,4.11,,20,80,20,Left,Left,177,194,192,12,,,0.33
2025-11-11 22:26:46,1.17.2,Bandit80,14,4.11,2.0,20,80,20,Pellet,Left,177,194,193,12,0.23,655.0,
2025-11-11 22:26:56,1.17.2,Bandit80,14,4.11,,20,80,20,Left,Left,178,194,193,13,,,0.18
2025-11-11 22:26:57,1.17.2,Bandit80,14,4.11,2.0,20,80,20,Pellet,Left,178,194,194,13,0.35,11.0,
2025-11-11 22:28:31,1.17.2,Bandit80,14,4.11,,20,80,20,Right,Left,178,195,194,14,,,0.02
2025-11-11 22:28:34,1.17.2,Bandit80,14,4.12,1.0,20,80,20,Pellet,Left,178,195,195,14,2.09,97.0,
2025-11-11 22:29:15,1.17.2,Bandit80,14,4.12,,20,80,20,Right,Left,178,196,195,15,,,0.07
2025-11-11 22:29:59,1.17.2,Bandit80,14,4.11,1.0,20,80,20,Pellet,Left,178,196,196,15,44.18,85.0,
2025-11-11 22:31:30,1.17.2,Bandit80,14,4.11,,20,80,20,Right,Left,178,197,196,16,,,0.09
2025-11-11 22:40:41,1.17.2,Bandit80,14,4.11,,20,80,20,Right,Left,178,198,196,16,,,0.23
2025-11-11 22:41:07,1.17.2,Bandit80,14,4.12,,20,80,20,Right,Left,178,199,196,16,,,0.04
2025-11-11 22:41:19,1.17.2,Bandit80,14,4.11,,20,80,20,Left,Left,179,199,196,16,,,0.04
2025-11-11 22:41:20,1.17.2,Bandit80,14,4.11,1.0,20,80,20,Pellet,Left,179,199,197,16,0.29,681.0,
2025-11-11 22:41:30,1.17.2,Bandit80,14,4.11,,20,80,20,Left,Left,180,199,197,17,,,0.41
2025-11-11 22:41:31,1.17.2,Bandit80,14,4.11,1.0,20,80,20,Pellet,Left,180,199,198,17,0.23,11.0,
2025-11-11 22:41:38,1.17.2,Bandit80,14,4.11,,20,80,20,Left,Left,181,199,198,18,,,0.06
2025-11-11 22:41:38,1.17.2,Bandit80,14,4.12,,20,80,20,LeftDuringDispense,Left,181,199,198,18,,,0.04
2025-11-11 22:41:42,1.17.2,Bandit80,14,4.12,2.0,20,80,20,Pellet,Left,181,199,199,18,0.53,11.0,
2025-11-11 22:41:48,1.17.2,Bandit80,14,4.11,,20,80,20,Left,Left,182,199,199,19,,,0.0
2025-11-11 22:41:49,1.17.2,Bandit80,14,4.11,1.0,20,80,20,Pellet,Left,182,199,200,19,0.23,7.0,
2025-11-11 22:42:02,1.17.2,Bandit80,14,4.11,,20,20,80,Left,Right,183,199,200,0,,,0.18
2025-11-11 22:42:05,1.17.2,Bandit80,14,4.11,,20,20,80,LeftinTimeOut,Right,183,199,200,0,,,
2025-11-11 22:42:14,1.17.2,Bandit80,14,4.11,,20,20,80,RightinTimeout,Right,183,199,200,0,,,0.0
2025-11-11 22:47:09,1.17.2,Bandit80,14,4.11,,20,20,80,Right,Right,183,200,200,0,,,0.03
2025-11-11 22:48:26,1.17.2,Bandit80,14,4.11,,20,20,80,LeftWithPellet,Right,183,200,200,0,,,0.26
2025-11-11 22:48:30,1.17.2,Bandit80,14,4.11,,20,20,80,RightWithPellet,Right,183,200,200,0,,,0.04
2025-11-11 22:48:32,1.17.2,Bandit80,14,4.11,1.0,20,20,80,Pellet,Right,183,200,201,0,,403.0,
2025-11-11 22:48:38,1.17.2,Bandit80,14,4.12,,20,20,80,Right,Right,183,201,201,1,,,0.08
2025-11-11 22:58:55,1.17.2,Bandit80,14,4.11,,20,20,80,Right,Right,183,202,201,1,,,0.08
2025-11-11 22:58:56,1.17.2,Bandit80,14,4.11,1.0,20,20,80,Pellet,Right,183,202,202,1,0.59,624.0,
2025-11-11 23:01:39,1.17.2,Bandit80,14,4.11,,20,20,80,Right,Right,183,203,202,2,,,0.29
2025-11-11 23:03:28,1.17.2,Bandit80,14,4.11,,20,20,80,RightWithPellet,Right,183,203,202,2,,,0.1
2025-11-11 23:03:35,1.17.2,Bandit80,14,4.11,,20,20,80,LeftWithPellet,Right,183,203,202,2,,,0.05
2025-11-11 23:04:37,1.17.2,Bandit80,14,4.11,,20,20,80,RightWithPellet,Right,183,203,202,2,,,0.09
2025-11-11 23:06:42,1.17.2,Bandit80,14,4.11,,20,20,80,RightWithPellet,Right,183,203,202,2,,,0.23
2025-11-11 23:06:47,1.17.2,Bandit80,14,4.11,2.0,20,20,80,Pellet,Right,183,203,203,2,,471.0,
2025-11-11 23:06:55,1.17.2,Bandit80,14,4.11,,20,20,80,Left,Right,184,203,203,3,,,0.08
2025-11-11 23:06:57,1.17.2,Bandit80,14,4.11,2.0,20,20,80,Pellet,Right,184,203,204,3,0.47,10.0,
2025-11-11 23:15:39,1.17.2,Bandit80,14,4.11,,20,20,80,Right,Right,184,204,204,4,,,0.21
2025-11-11 23:15:40,1.17.2,Bandit80,14,4.11,1.0,20,20,80,Pellet,Right,184,204,205,4,0.41,523.0,
2025-11-11 23:15:49,1.17.2,Bandit80,14,4.11,,20,20,80,Right,Right,184,205,205,5,,,0.02
2025-11-11 23:15:51,1.17.2,Bandit80,14,4.11,,20,20,80,RightinTimeout,Right,184,205,205,5,,,0.0
2025-11-11 23:15:53,1.17.2,Bandit80,14,4.11,,20,20,80,RightinTimeout,Right,184,205,205,5,,,0.0
2025-11-12 00:02:15,1.17.2,Bandit80,14,4.11,,20,20,80,Left,Right,185,205,205,5,,,0.04
2025-11-12 00:02:17,1.17.2,Bandit80,14,4.11,,20,20,80,LeftinTimeOut,Right,185,205,205,5,,,
2025-11-12 00:02:19,1.17.2,Bandit80,14,4.11,,20,20,80,RightinTimeout,Right,185,205,205,5,,,0.0
2025-11-12 00:02:43,1.17.2,Bandit80,14,4.11,,20,20,80,Right,Right,185,206,205,5,,,0.09
2025-11-12 00:02:44,1.17.2,Bandit80,14,4.11,1.0,20,20,80,Pellet,Right,185,206,206,5,0.65,2824.0,
2025-11-12 00:02:51,1.17.2,Bandit80,14,4.11,,20,20,80,Right,Right,185,207,206,6,,,0.0
2025-11-12 00:02:52,1.17.2,Bandit80,14,4.11,1.0,20,20,80,Pellet,Right,185,207,207,6,0.23,8.0,
2025-11-12 00:03:04,1.17.2,Bandit80,14,4.11,,20,20,80,Right,Right,185,208,207,7,,,0.14
2025-11-12 00:03:05,1.17.2,Bandit80,14,4.11,1.0,20,20,80,Pellet,Right,185,208,208,7,0.41,13.0,
2025-11-12 00:03:17,1.17.2,Bandit80,14,4.11,,20,20,80,Right,Right,185,209,208,8,,,0.01
2025-11-12 00:03:17,1.17.2,Bandit80,14,4.11,,20,20,80,RightDuringDispense,Right,185,209,208,8,,,0.03
2025-11-12 00:03:21,1.17.2,Bandit80,14,4.11,2.0,20,20,80,Pellet,Right,185,209,209,8,0.59,16.0,
2025-11-12 00:03:28,1.17.2,Bandit80,14,4.11,,20,20,80,Right,Right,185,210,209,9,,,0.55
2025-11-12 00:03:29,1.17.2,Bandit80,14,4.11,2.0,20,20,80,Pellet,Right,185,210,210,9,0.12,8.0,
2025-11-12 00:03:52,1.17.2,Bandit80,14,4.11,,20,20,80,Right,Right,185,211,210,10,,,0.02
2025-11-12 00:03:53,1.17.2,Bandit80,14,4.11,1.0,20,20,80,Pellet,Right,185,211,211,10,0.35,24.0,
2025-11-12 00:04:09,1.17.2,Bandit80,14,4.11,,20,20,80,Right,Right,185,212,211,11,,,0.33
2025-11-12 00:04:10,1.17.2,Bandit80,14,4.11,1.0,20,20,80,Pellet,Right,185,212,212,11,0.23,17.0,
2025-11-12 00:05:01,1.17.2,Bandit80,14,4.11,,20,20,80,Right,Right,185,213,212,12,,,0.03
2025-11-12 00:05:06,1.17.2,Bandit80,14,4.11,3.0,20,20,80,Pellet,Right,185,213,213,12,0.23,56.0,
2025-11-12 00:05:17,1.17.2,Bandit80,14,4.11,,20,20,80,Right,Right,185,214,213,13,,,0.02
2025-11-12 00:05:18,1.17.2,Bandit80,14,4.11,,20,20,80,RightWithPellet,Right,185,215,213,13,,,0.09
2025-11-12 00:05:19,1.17.2,Bandit80,14,4.11,1.0,20,20,80,Pellet,Right,185,215,214,13,1.71,13.0,
2025-11-12 00:06:53,1.17.2,Bandit80,14,4.11,,20,20,80,Left,Right,186,215,214,14,,,0.14
2025-11-12 00:07:53,1.17.2,Bandit80,14,4.11,,20,20,80,Left,Right,187,215,214,14,,,0.3
2025-11-12 00:07:54,1.17.2,Bandit80,14,4.11,,20,20,80,LeftinTimeOut,Right,187,215,214,14,,,
2025-11-12 00:08:24,1.17.2,Bandit80,14,4.11,,20,20,80,Right,Right,187,216,214,14,,,0.18
2025-11-12 00:08:25,1.17.2,Bandit80,14,4.11,1.0,20,20,80,Pellet,Right,187,216,215,14,0.65,186.0,
2025-11-12 00:08:37,1.17.2,Bandit80,14,4.11,,20,20,80,Right,Right,187,217,215,15,,,0.07
2025-11-12 00:08:38,1.17.2,Bandit80,14,4.11,1.0,20,20,80,Pellet,Right,187,217,216,15,0.35,13.0,
2025-11-12 00:09:16,1.17.2,Bandit80,14,4.11,,20,20,80,Right,Right,187,218,216,16,,,0.06
2025-11-12 00:09:17,1.17.2,Bandit80,14,4.11,1.0,20,20,80,Pellet,Right,187,218,217,16,0.35,39.0,
2025-11-12 00:09:23,1.17.2,Bandit80,14,4.11,,20,20,80,Right,Right,187,219,217,17,,,0.05
2025-11-12 00:09:25,1.17.2,Bandit80,14,4.11,,20,20,80,RightinTimeout,Right,187,219,217,17,,,0.0
2025-11-12 00:09:33,1.17.2,Bandit80,14,4.11,,20,20,80,LeftinTimeOut,Right,187,219,217,17,,,
2025-11-12 00:19:27,1.17.2,Bandit80,14,4.11,,20,20,80,Right,Right,187,220,217,17,,,0.16
2025-11-12 00:19:28,1.17.2,Bandit80,14,4.11,1.0,20,20,80,Pellet,Right,187,220,218,17,0.29,611.0,
2025-11-12 00:19:38,1.17.2,Bandit80,14,4.11,,20,20,80,Right,Right,187,221,218,18,,,0.01
2025-11-12 00:19:40,1.17.2,Bandit80,14,4.11,,20,20,80,RightinTimeout,Right,187,221,218,18,,,0.0
2025-11-12 00:36:56,1.17.2,Bandit80,14,4.11,,20,20,80,Right,Right,187,222,218,18,,,0.09
2025-11-12 00:36:59,1.17.2,Bandit80,14,4.11,2.0,20,20,80,Pellet,Right,187,222,219,18,0.59,1051.0,
2025-11-12 00:37:30,1.17.2,Bandit80,14,4.11,,20,20,80,Right,Right,187,223,219,19,,,0.03
2025-11-12 01:14:38,1.17.2,Bandit80,14,4.11,,20,20,80,Right,Right,187,224,219,19,,,0.28
2025-11-12 01:14:39,1.17.2,Bandit80,14,4.11,1.0,20,20,80,Pellet,Right,187,224,220,19,0.77,2260.0,
2025-11-12 01:14:46,1.17.2,Bandit80,14,4.11,,20,80,20,Right,Left,187,225,220,0,,,0.03
2025-11-12 01:14:48,1.17.2,Bandit80,14,4.11,1.0,20,80,20,Pellet,Left,187,225,221,0,0.35,8.0,
2025-11-12 01:14:56,1.17.2,Bandit80,14,4.11,,20,80,20,Right,Left,187,226,221,1,,,0.4
2025-11-12 01:15:07,1.17.2,Bandit80,14,4.11,,20,80,20,Right,Left,187,227,221,1,,,0.0
2025-11-12 01:15:08,1.17.2,Bandit80,14,4.11,,20,80,20,RightinTimeout,Left,187,227,221,1,,,0.0
2025-11-12 01:15:09,1.17.2,Bandit80,14,4.11,,20,80,20,RightinTimeout,Left,187,227,221,1,,,0.0
2025-11-12 01:15:11,1.17.2,Bandit80,14,4.11,,20,80,20,RightinTimeout,Left,187,227,221,1,,,0.0
2025-11-12 01:15:32,1.17.2,Bandit80,14,4.11,,20,80,20,Left,Left,188,227,221,1,,,0.07
2025-11-12 01:15:33,1.17.2,Bandit80,14,4.11,1.0,20,80,20,Pellet,Left,188,227,222,1,0.41,46.0,
2025-11-12 01:15:42,1.17.2,Bandit80,14,4.11,,20,80,20,Left,Left,189,227,222,2,,,0.04
2025-11-12 01:15:44,1.17.2,Bandit80,14,4.11,1.0,20,80,20,Pellet,Left,189,227,223,2,0.59,11.0,
2025-11-12 01:15:57,1.17.2,Bandit80,14,4.11,,20,80,20,Left,Left,190,227,223,3,,,0.05
2025-11-12 01:15:59,1.17.2,Bandit80,14,4.1,1.0,20,80,20,Pellet,Left,190,227,224,3,0.53,15.0,
2025-11-12 01:16:18,1.17.2,Bandit80,14,4.11,,20,80,20,Left,Left,191,227,224,4,,,0.04
2025-11-12 01:16:19,1.17.2,Bandit80,14,4.11,,20,80,20,LeftDuringDispense,Left,191,227,224,4,,,0.03
2025-11-12 01:16:22,1.17.2,Bandit80,14,4.1,3.0,20,80,20,Pellet,Left,191,227,225,4,0.06,23.0,
2025-11-12 01:16:32,1.17.2,Bandit80,14,4.11,,20,80,20,Left,Left,192,227,225,5,,,0.6
2025-11-12 01:16:34,1.17.2,Bandit80,14,4.11,2.0,20,80,20,Pellet,Left,192,227,226,5,0.06,12.0,
2025-11-12 01:16:49,1.17.2,Bandit80,14,4.11,,20,80,20,Left,Left,193,227,226,6,,,0.4
2025-11-12 01:16:50,1.17.2,Bandit80,14,4.11,2.0,20,80,20,Pellet,Left,193,227,227,6,0.17,16.0,
2025-11-12 01:45:57,1.17.2,Bandit80,14,4.1,,20,80,20,Left,Left,194,227,227,7,,,0.48
2025-11-12 01:46:02,1.17.2,Bandit80,14,4.1,2.0,20,80,20,Pellet,Left,194,227,228,7,4.31,1752.0,
2025-11-12 01:46:13,1.17.2,Bandit80,14,4.11,,20,80,20,Left,Left,195,227,228,8,,,0.13
2025-11-12 01:46:13,1.17.2,Bandit80,14,4.11,,20,80,20,LeftDuringDispense,Left,195,227,228,8,,,0.03
2025-11-12 01:46:16,1.17.2,Bandit80,14,4.11,3.0,20,80,20,Pellet,Left,195,227,229,8,0.47,14.0,
2025-11-12 01:46:26,1.17.2,Bandit80,14,4.11,,20,80,20,Left,Left,196,227,229,9,,,0.36
2025-11-12 01:46:27,1.17.2,Bandit80,14,4.11,1.0,20,80,20,Pellet,Left,196,227,230,9,0.06,11.0,
2025-11-12 01:46:36,1.17.2,Bandit80,14,4.11,,20,80,20,Left,Left,197,227,230,10,,,0.44
2025-11-12 01:46:37,1.17.2,Bandit80,14,4.11,1.0,20,80,20,Pellet,Left,197,227,231,10,0.23,10.0,
2025-11-12 01:46:58,1.17.2,Bandit80,14,4.11,,20,80,20,Left,Left,198,227,231,11,,,1.18
2025-11-12 01:47:00,1.17.2,Bandit80,14,4.11,2.0,20,80,20,Pellet,Left,198,227,232,11,0.11,23.0,
2025-11-12 01:47:22,1.17.2,Bandit80,14,4.11,,20,80,20,Left,Left,199,227,232,12,,,0.54
2025-11-12 01:47:25,1.17.2,Bandit80,14,4.1,3.0,20,80,20,Pellet,Left,199,227,233,12,0.06,25.0,
2025-11-12 01:47:41,1.17.2,Bandit80,14,4.11,,20,80,20,Left,Left,200,227,233,13,,,0.32
2025-11-12 01:47:42,1.17.2,Bandit80,14,4.11,1.0,20,80,20,Pellet,Left,200,227,234,13,0.47,17.0,
2025-11-12 01:47:55,1.17.2,Bandit80,14,4.11,,20,80,20,Left,Left,201,227,234,14,,,0.17
2025-11-12 01:47:56,1.17.2,Bandit80,14,4.11,1.0,20,80,20,Pellet,Left,201,227,235,14,0.17,14.0,
2025-11-12 01:48:09,1.17.2,Bandit80,14,4.11,,20,80,20,Left,Left,202,227,235,15,,,0.03
2025-11-12 01:48:10,1.17.2,Bandit80,14,4.11,1.0,20,80,20,Pellet,Left,202,227,236,15,0.47,14.0,
2025-11-12 01:48:27,1.17.2,Bandit80,14,4.1,,20,80,20,Left,Left,203,227,236,16,,,0.1
2025-11-12 01:48:28,1.17.2,Bandit80,14,4.1,2.0,20,80,20,Pellet,Left,203,227,237,16,0.06,18.0,
2025-11-12 01:58:06,1.17.2,Bandit80,14,4.1,,20,80,20,Right,Left,203,228,237,17,,,0.09
2025-11-12 02:12:08,1.17.2,Bandit80,14,4.11,,20,80,20,Left,Left,204,228,237,17,,,0.08
2025-11-12 02:12:10,1.17.2,Bandit80,14,4.11,1.0,20,80,20,Pellet,Left,204,228,238,17,1.25,1422.0,
2025-11-12 02:13:31,1.17.2,Bandit80,14,4.1,,20,80,20,Right,Left,204,229,238,18,,,0.08
2025-11-12 02:18:21,1.17.2,Bandit80,14,4.11,,20,80,20,RightWithPellet,Left,204,229,238,18,,,0.14
2025-11-12 02:19:38,1.17.2,Bandit80,14,4.11,,20,80,20,RightWithPellet,Left,204,229,238,18,,,0.09
2025-11-12 02:19:55,1.17.2,Bandit80,14,4.11,1.0,20,80,20,Pellet,Left,204,229,239,18,,465.0,
2025-11-12 02:29:20,1.17.2,Bandit80,14,4.11,,20,80,20,Left,Left,205,229,239,19,,,0.14
2025-11-12 02:29:24,1.17.2,Bandit80,14,4.11,2.0,20,80,20,Pellet,Left,205,229,240,19,0.59,569.0,
2025-11-12 02:32:58,1.17.2,Bandit80,14,4.11,,20,20,80,Right,Right,205,230,240,0,,,0.06
2025-11-12 02:33:02,1.17.2,Bandit80,14,4.11,1.0,20,20,80,Pellet,Right,205,230,241,0,3.65,218.0,
2025-11-12 02:36:30,1.17.2,Bandit80,14,4.1,,20,20,80,Right,Right,205,231,241,1,,,0.26
2025-11-12 02:45:38,1.17.2,Bandit80,14,4.11,,20,20,80,RightWithPellet,Right,205,231,241,1,,,0.14
2025-11-12 03:46:43,1.17.2,Bandit80,14,4.1,,20,20,80,LeftWithPellet,Right,205,231,241,1,,,0.01
2025-11-12 04:04:33,1.17.2,Bandit80,14,4.11,1.0,20,20,80,Pellet,Right,205,231,242,1,,5490.0,
2025-11-12 04:04:44,1.17.2,Bandit80,14,4.1,,20,20,80,Right,Right,205,232,242,2,,,0.08
2025-11-12 04:34:40,1.17.2,Bandit80,14,4.1,,20,20,80,Right,Right,205,233,242,2,,,0.06
2025-11-12 04:34:44,1.17.2,Bandit80,14,4.1,1.0,20,20,80,Pellet,Right,205,233,243,2,2.51,1812.0,
2025-11-12 04:34:49,1.17.2,Bandit80,14,4.1,,20,20,80,Right,Right,205,234,243,3,,,0.02
2025-11-12 04:35:02,1.17.2,Bandit80,14,4.1,2.0,20,20,80,Pellet,Right,205,234,244,3,9.65,18.0,
2025-11-12 04:35:19,1.17.2,Bandit80,14,4.1,,20,20,80,Right,Right,205,235,244,4,,,0.03
2025-11-12 04:35:20,1.17.2,Bandit80,14,4.1,1.0,20,20,80,Pellet,Right,205,235,245,4,0.23,18.0,
2025-11-12 04:35:33,1.17.2,Bandit80,14,4.1,,20,20,80,Right,Right,205,236,245,5,,,0.25
2025-11-12 04:35:36,1.17.2,Bandit80,14,4.11,2.0,20,20,80,Pellet,Right,205,236,246,5,0.35,16.0,
2025-11-12 04:35:50,1.17.2,Bandit80,14,4.1,,20,20,80,Right,Right,205,237,246,6,,,0.27
2025-11-12 04:35:52,1.17.2,Bandit80,14,4.11,1.0,20,20,80,Pellet,Right,205,237,247,6,0.65,16.0,
2025-11-12 04:38:14,1.17.2,Bandit80,14,4.1,,20,20,80,Left,Right,206,237,247,7,,,0.16
2025-11-12 04:43:48,1.17.2,Bandit80,14,4.1,,20,20,80,Right,Right,206,238,247,7,,,0.0
2025-11-12 04:43:49,1.17.2,Bandit80,14,4.1,1.0,20,20,80,Pellet,Right,206,238,248,7,0.77,477.0,
2025-11-12 04:43:57,1.17.2,Bandit80,14,4.1,,20,20,80,Right,Right,206,239,248,8,,,0.2
2025-11-12 04:43:59,1.17.2,Bandit80,14,4.1,1.0,20,20,80,Pellet,Right,206,239,249,8,0.47,10.0,
2025-11-12 04:44:06,1.17.2,Bandit80,14,4.1,,20,20,80,Right,Right,206,240,249,9,,,0.0
2025-11-12 04:44:07,1.17.2,Bandit80,14,4.1,1.0,20,20,80,Pellet,Right,206,240,250,9,0.23,8.0,
2025-11-12 04:44:26,1.17.2,Bandit80,14,4.1,,20,20,80,Right,Right,206,241,250,10,,,0.03
2025-11-12 04:44:27,1.17.2,Bandit80,14,4.1,1.0,20,20,80,Pellet,Right,206,241,251,10,0.35,20.0,
2025-11-12 04:44:43,1.17.2,Bandit80,14,4.1,,20,20,80,Left,Right,207,241,251,11,,,0.21
2025-11-12 04:53:59,1.17.2,Bandit80,14,4.1,,20,20,80,Left,Right,208,241,251,11,,,0.29
2025-11-12 04:56:53,1.17.2,Bandit80,14,4.1,,20,20,80,Left,Right,209,241,251,11,,,0.12
2025-11-12 04:56:55,1.17.2,Bandit80,14,4.1,1.0,20,20,80,Pellet,Right,209,241,252,11,1.25,748.0,
2025-11-12 05:03:52,1.17.2,Bandit80,14,4.1,,20,20,80,Right,Right,209,242,252,12,,,0.14
2025-11-12 05:03:53,1.17.2,Bandit80,14,4.1,1.0,20,20,80,Pellet,Right,209,242,253,12,0.53,418.0,
2025-11-12 05:04:07,1.17.2,Bandit80,14,4.1,,20,20,80,Right,Right,209,243,253,13,,,0.07
2025-11-12 05:04:09,1.17.2,Bandit80,14,4.1,1.0,20,20,80,Pellet,Right,209,243,254,13,1.61,16.0,
2025-11-12 05:04:23,1.17.2,Bandit80,14,4.1,,20,20,80,Right,Right,209,244,254,14,,,0.09
2025-11-12 05:04:24,1.17.2,Bandit80,14,4.1,1.0,20,20,80,Pellet,Right,209,244,255,14,0.29,15.0,
2025-11-12 05:10:12,1.17.2,Bandit80,14,4.09,,20,20,80,Left,Right,210,244,255,15,,,0.03
2025-11-12 05:10:14,1.17.2,Bandit80,14,4.1,1.0,20,20,80,Pellet,Right,210,244,256,15,0.77,350.0,
2025-11-12 05:10:25,1.17.2,Bandit80,14,4.11,,20,20,80,Right,Right,210,245,256,16,,,0.03
2025-11-12 05:10:26,1.17.2,Bandit80,14,4.1,1.0,20,20,80,Pellet,Right,210,245,257,16,0.59,12.0,
2025-11-12 05:26:32,1.17.2,Bandit80,14,4.1,,20,20,80,Right,Right,210,246,257,17,,,0.1
2025-11-12 05:26:35,1.17.2,Bandit80,14,4.1,1.0,20,20,80,Pellet,Right,210,246,258,17,2.15,969.0,
2025-11-12 05:29:45,1.17.2,Bandit80,14,4.1,,20,20,80,Right,Right,210,247,258,18,,,0.01
2025-11-12 05:29:46,1.17.2,Bandit80,14,4.1,1.0,20,20,80,Pellet,Right,210,247,259,18,0.71,191.0,
2025-11-12 05:36:03,1.17.2,Bandit80,14,4.09,,20,20,80,Left,Right,211,247,259,19,,,0.18
2025-11-12 05:39:32,1.17.2,Bandit80,14,4.1,,20,20,80,Right,Right,211,248,259,19,,,0.06
2025-11-12 05:39:33,1.17.2,Bandit80,14,4.09,1.0,20,20,80,Pellet,Right,211,248,260,19,0.41,587.0,
2025-11-12 05:39:46,1.17.2,Bandit80,14,4.1,,20,80,20,Right,Left,211,249,260,0,,,0.09
2025-11-12 05:39:48,1.17.2,Bandit80,14,4.09,,20,80,20,RightinTimeout,Left,211,249,260,0,,,0.0
2025-11-12 05:39:49,1.17.2,Bandit80,14,4.1,,20,80,20,RightinTimeout,Left,211,249,260,0,,,0.0
2025-11-12 05:39:49,1.17.2,Bandit80,14,4.1,,20,80,20,RightinTimeout,Left,211,249,260,0,,,0.0
2025-11-12 05:39:51,1.17.2,Bandit80,14,4.1,,20,80,20,RightinTimeout,Left,211,249,260,0,,,0.0
2025-11-12 05:39:52,1.17.2,Bandit80,14,4.1,,20,80,20,RightinTimeout,Left,211,249,260,0,,,0.0
2025-11-12 05:39:55,1.17.2,Bandit80,14,4.1,,20,80,20,LeftinTimeOut,Left,211,249,260,0,,,
2025-11-12 05:41:21,1.17.2,Bandit80,14,4.09,,20,80,20,Left,Left,212,249,260,0,,,0.25
2025-11-12 05:41:22,1.17.2,Bandit80,14,4.09,2.0,20,80,20,Pellet,Left,212,249,261,0,0.06,109.0,
2025-11-12 05:41:30,1.17.2,Bandit80,14,4.09,,20,80,20,Left,Left,213,249,261,1,,,0.11
2025-11-12 05:41:34,1.17.2,Bandit80,14,4.09,3.0,20,80,20,Pellet,Left,213,249,262,1,0.29,11.0,
2025-11-12 05:41:47,1.17.2,Bandit80,14,4.09,,20,80,20,Left,Left,214,249,262,2,,,0.14
2025-11-12 05:41:53,1.17.2,Bandit80,14,4.1,,20,80,20,LeftinTimeOut,Left,214,249,262,2,,,
2025-11-12 05:41:54,1.17.2,Bandit80,14,4.1,,20,80,20,LeftinTimeOut,Left,214,249,262,2,,,
2025-11-12 05:41:54,1.17.2,Bandit80,14,4.09,,20,80,20,LeftinTimeOut,Left,214,249,262,2,,,
2025-11-12 05:41:55,1.17.2,Bandit80,14,4.1,,20,80,20,LeftinTimeOut,Left,214,249,262,2,,,
2025-11-12 05:56:39,1.17.2,Bandit80,14,4.09,,20,80,20,Right,Left,214,250,262,2,,,0.04
2025-11-12 05:56:40,1.17.2,Bandit80,14,4.1,1.0,20,80,20,Pellet,Left,214,250,263,2,0.41,906.0,
2025-11-12 05:56:54,1.17.2,Bandit80,14,4.1,,20,80,20,Right,Left,214,251,263,3,,,0.07
2025-11-12 05:58:36,1.17.2,Bandit80,14,4.1,,20,80,20,Right,Left,214,252,263,3,,,0.09
2025-11-12 05:58:37,1.17.2,Bandit80,14,4.1,,20,80,20,RightinTimeout,Left,214,252,263,3,,,0.0
2025-11-12 07:34:56,1.17.2,Bandit80,14,4.1,,20,80,20,Right,Left,214,253,263,3,,,0.28
2025-11-12 07:34:58,1.17.2,Bandit80,14,4.09,,20,80,20,RightinTimeout,Left,214,253,263,3,,,0.0
2025-11-12 07:35:04,1.17.2,Bandit80,14,4.09,,20,80,20,RightinTimeout,Left,214,253,263,3,,,0.0
2025-11-12 07:35:05,1.17.2,Bandit80,14,4.09,,20,80,20,RightinTimeout,Left,214,253,263,3,,,0.0
2025-11-12 07:35:05,1.17.2,Bandit80,14,4.09,,20,80,20,RightinTimeout,Left,214,253,263,3,,,0.0
2025-11-12 07:35:05,1.17.2,Bandit80,14,4.09,,20,80,20,RightinTimeout,Left,214,253,263,3,,,0.0
2025-11-12 07:35:20,1.17.2,Bandit80,14,4.09,,20,80,20,Left,Left,215,253,263,3,,,0.03
2025-11-12 07:35:20,1.17.2,Bandit80,14,4.09,,20,80,20,LeftinTimeOut,Left,215,253,263,3,,,
2025-11-12 07:35:22,1.17.2,Bandit80,14,4.09,,20,80,20,LeftinTimeOut,Left,215,253,263,3,,,
2025-11-12 07:35:22,1.17.2,Bandit80,14,4.09,,20,80,20,LeftinTimeOut,Left,215,253,263,3,,,
2025-11-12 07:35:23,1.17.2,Bandit80,14,4.09,,20,80,20,LeftinTimeOut,Left,215,253,263,3,,,
2025-11-12 07:35:24,1.17.2,Bandit80,14,4.09,,20,80,20,LeftinTimeOut,Left,215,253,263,3,,,
2025-11-12 07:35:24,1.17.2,Bandit80,14,4.09,,20,80,20,LeftinTimeOut,Left,215,253,263,3,,,
2025-11-12 07:35:25,1.17.2,Bandit80,14,4.09,,20,80,20,LeftinTimeOut,Left,215,253,263,3,,,
2025-11-12 07:35:25,1.17.2,Bandit80,14,4.09,,20,80,20,LeftinTimeOut,Left,215,253,263,3,,,
2025-11-12 07:35:26,1.17.2,Bandit80,14,4.09,,20,80,20,LeftinTimeOut,Left,215,253,263,3,,,
2025-11-12 07:36:01,1.17.2,Bandit80,14,4.09,,20,80,20,Right,Left,215,254,263,3,,,0.02
2025-11-12 07:36:21,1.17.2,Bandit80,14,4.09,,20,80,20,Left,Left,216,254,263,3,,,0.05
2025-11-12 07:36:22,1.17.2,Bandit80,14,4.09,1.0,20,80,20,Pellet,Left,216,254,264,3,0.23,5983.0,
2025-11-12 07:36:29,1.17.2,Bandit80,14,4.09,,20,80,20,Left,Left,217,254,264,4,,,0.09
2025-11-12 07:36:30,1.17.2,Bandit80,14,4.09,2.0,20,80,20,Pellet,Left,217,254,265,4,0.06,8.0,
2025-11-12 07:36:50,1.17.2,Bandit80,14,4.1,,20,80,20,Left,Left,218,254,265,5,,,0.05
2025-11-12 07:36:51,1.17.2,Bandit80,14,4.09,2.0,20,80,20,Pellet,Left,218,254,266,5,0.23,21.0,
2025-11-12 07:37:25,1.17.2,Bandit80,14,4.09,,20,80,20,Left,Left,219,254,266,6,,,0.74
2025-11-12 07:37:26,1.17.2,Bandit80,14,4.09,2.0,20,80,20,Pellet,Left,219,254,267,6,0.06,35.0,
2025-11-12 07:37:46,1.17.2,Bandit80,14,4.09,,20,80,20,Left,Left,220,254,267,7,,,0.5
2025-11-12 07:37:47,1.17.2,Bandit80,14,4.1,,20,80,20,LeftDuringDispense,Left,220,254,267,7,,,0.16
2025-11-12 07:37:50,1.17.2,Bandit80,14,4.09,2.0,20,80,20,Pellet,Left,220,254,268,7,1.25,24.0,
2025-11-12 07:38:00,1.17.2,Bandit80,14,4.1,,20,80,20,Left,Left,221,254,268,8,,,0.48
2025-11-12 07:38:14,1.17.2,Bandit80,14,4.09,3.0,20,80,20,Pellet,Left,221,254,269,8,8.63,24.0,
2025-11-12 07:38:28,1.17.2,Bandit80,14,4.1,,20,80,20,Left,Left,222,254,269,9,,,0.3
2025-11-12 07:38:29,1.17.2,Bandit80,14,4.09,2.0,20,80,20,Pellet,Left,222,254,270,9,0.41,15.0,
2025-11-12 09:44:32,1.17.2,Bandit80,14,4.09,,20,80,20,Right,Left,222,255,270,10,,,0.03
2025-11-12 09:49:59,1.17.2,Bandit80,14,4.09,,20,80,20,Left,Left,223,255,270,10,,,0.08
2025-11-12 09:50:01,1.17.2,Bandit80,14,4.09,,20,80,20,LeftinTimeOut,Left,223,255,270,10,,,
2025-11-12 09:50:04,1.17.2,Bandit80,14,4.09,,20,80,20,LeftinTimeOut,Left,223,255,270,10,,,
2025-11-12 09:55:27,1.17.2,Bandit80,14,4.09,,20,80,20,Right,Left,223,256,270,10,,,0.01
2025-11-12 09:55:29,1.17.2,Bandit80,14,4.09,,20,80,20,RightinTimeout,Left,223,256,270,10,,,0.0
2025-11-12 15:41:44,1.17.2,Bandit80,14,4.08,,20,80,20,Right,Left,223,257,270,10,,,0.02
2025-11-12 15:41:46,1.17.2,Bandit80,14,4.08,,20,80,20,RightinTimeout,Left,223,257,270,10,,,0.0
2025-11-12 15:41:46,1.17.2,Bandit80,14,4.09,,20,80,20,RightinTimeout,Left,223,257,270,10,,,0.0
2025-11-12 15:42:03,1.17.2,Bandit80,14,4.08,,20,80,20,Right,Left,223,258,270,10,,,0.02
2025-11-12 15:42:04,1.17.2,Bandit80,14,4.08,1.0,20,80,20,Pellet,Left,223,258,271,10,0.35,29015.0,
2025-11-12 15:42:48,1.17.2,Bandit80,14,4.08,,20,80,20,Right,Left,223,259,271,11,,,0.09
2025-11-12 15:42:49,1.17.2,Bandit80,14,4.08,,20,80,20,RightinTimeout,Left,223,259,271,11,,,0.0
2025-11-12 15:42:49,1.17.2,Bandit80,14,4.08,,20,80,20,RightinTimeout,Left,223,259,271,11,,,0.0
2025-11-12 15:42:53,1.17.2,Bandit80,14,4.08,,20,80,20,RightinTimeout,Left,223,259,271,11,,,0.0
2025-11-12 15:43:07,1.17.2,Bandit80,14,4.08,,20,80,20,Right,Left,223,260,271,11,,,0.02
2025-11-12 15:43:07,1.17.2,Bandit80,14,4.08,,20,80,20,RightinTimeout,Left,223,260,271,11,,,0.0
2025-11-12 15:43:32,1.17.2,Bandit80,14,4.08,,20,80,20,Right,Left,223,261,271,11,,,0.12
