filename,Pellets_FR1,Left_Poke_FR1,Right_Poke_FR1,Total_Pokes_FR1,Accuracy_FR1,PokesPerPellet_FR1,RetrievalTime_FR1,InterPelletInterval_FR1,PokeTime_FR1,%MealPellets_FR1,%GrazingPellets_FR1,NumMeals_FR1,AvgMealSize_FR1,AvgMealDuration_FR1,RecordingHours_FR1,MealsPerHour_FR1,Daily_Pellets_FR1,Left Poke with Pellet_FR1,Within_meal_pellet_rate_FR1,%MealPellets_Day_FR1,%GrazingPellets_Day_FR1,Pellets_Day_FR1,NumMeals_Day_FR1,AvgMealSize_Day_FR1,AvgMealDuration_Day_FR1,MealsPerHour_Day_FR1,Accuracy_Day_FR1,%MealPellets_Night_FR1,%GrazingPellets_Night_FR1,Pellets_Night_FR1,NumMeals_Night_FR1,AvgMealSize_Night_FR1,AvgMealDuration_Night_FR1,MealsPerHour_Night_FR1,Accuracy_Night_FR1
FED001_110625_00.csv,153.0,153.0,41.0,194.0,78.8659793814433,1.2679738562091503,0.59,23.0,0.09,77.12418300653594,22.875816993464053,22.0,5.363636363636363,86.4090909090909,21.940833333333334,1.0026966462835656,167.35494815733836,2.0,18.681801380334296,92.3076923076923,7.6923076923076925,39.0,7.0,5.142857142857143,93.71428571428571,0.31903984199931634,76.47058823529412,71.9298245614035,28.07017543859649,114.0,15.0,5.466666666666667,83.0,1.3502362913509864,79.72027972027972
FED002_110625_00.csv,24.0,25.0,6.0,31.0,80.64516129032258,1.2916666666666667,0.06,8.0,0.4,91.66666666666667,8.333333333333334,3.0,7.333333333333333,71.66666666666667,0.8386111111111111,3.5773434912222593,26.224094600993112,51.0,7.162890195134247,91.66666666666667,8.333333333333334,24.0,3.0,7.333333333333333,71.66666666666667,3.5773434912222593,80.64516129032258,,,0.0,,,,,
FED003_110625_01.CSV,131.0,131.0,76.0,207.0,63.28502415458937,1.5801526717557253,0.59,23.5,0.12,75.57251908396947,24.427480916030536,20.0,4.95,70.35,20.575,0.9720534629404618,152.72845036973067,3.0,13.44583232758205,71.42857142857143,28.571428571428573,28.0,4.0,5.0,84.25,0.19441069258809235,58.333333333333336,76.69902912621359,23.300970873786408,103.0,17.0,4.647058823529412,60.0,1.455410225921522,64.77987421383648
FED004_110625_00.csv,191.0,191.0,44.0,235.0,81.27659574468085,1.2303664921465969,0.35,18.0,0.11,87.43455497382199,12.565445026178011,17.0,9.823529411764707,152.94117647058823,20.9575,0.8111654538947871,218.34925507422793,2.0,15.620847595030044,93.65079365079364,6.349206349206349,63.0,7.0,8.428571428571429,131.57142857142858,0.33400930454491234,86.3013698630137,84.375,15.625,128.0,10.0,10.8,167.9,0.8647194465795542,79.01234567901234
FED005_110625_00.CSV,142.0,142.0,65.0,207.0,68.59903381642512,1.4577464788732395,0.47,21.0,0.11,64.08450704225352,35.91549295774648,20.0,4.55,54.55,21.182222222222222,0.9441879983214435,160.6789250353607,0.0,13.966688184588554,66.66666666666667,33.333333333333336,18.0,2.0,6.0,83.0,0.09441879983214435,81.81818181818183,63.70967741935484,36.29032258064516,124.0,18.0,4.388888888888889,51.388888888888886,1.5381693885301937,67.02702702702703
FED006_110625_00.CSV,151.0,151.0,47.0,198.0,76.26262626262627,1.3112582781456954,0.41,15.0,0.09,82.11920529801324,17.880794701986755,12.0,10.333333333333334,133.33333333333334,19.98777777777778,0.6003668908777586,181.13962012662446,2.0,10.828782528720795,89.36170212765957,10.638297872340425,47.0,5.0,8.4,105.6,0.2501528711990661,78.33333333333333,78.84615384615384,21.153846153846153,104.0,7.0,11.714285714285714,153.14285714285714,0.6054781355117731,75.36231884057972
FED007_110625_00.CSV,131.0,131.0,79.0,210.0,62.38095238095238,1.6030534351145038,0.65,24.5,0.135,60.30534351145038,39.69465648854962,12.0,6.583333333333333,91.5,21.870277777777776,0.5486898759097202,143.56528577589486,1.0,14.556806948303867,83.33333333333333,16.666666666666668,24.0,4.0,5.0,73.75,0.18289662530324008,68.57142857142857,55.14018691588785,44.85981308411215,107.0,8.0,7.375,100.375,0.7438592866182814,61.142857142857146
FED008_110625_00.CSV,166.0,166.0,46.0,212.0,78.30188679245283,1.2771084337349397,0.77,23.0,0.14,66.26506024096386,33.734939759036145,23.0,4.782608695652174,61.08695652173913,22.41638888888889,1.0260350190213015,177.54889824213913,1.0,12.789722691920412,71.7948717948718,28.205128205128204,39.0,4.0,7.0,110.5,0.1784408728732698,92.85714285714286,64.56692913385827,35.43307086614173,127.0,19.0,4.315789473684211,50.68421052631579,1.6727806309611153,74.70588235294117
FED009_110625_00.CSV,159.0,159.0,57.0,216.0,73.61111111111111,1.3584905660377358,0.47,39.5,0.08,61.0062893081761,38.9937106918239,21.0,4.619047619047619,63.95238095238095,17.12611111111111,1.2261978136049567,182.67113451412158,0.0,14.255187581929462,23.076923076923077,76.92307692307692,13.0,1.0,3.0,44.0,0.05839037207642651,36.11111111111111,64.38356164383562,35.61643835616438,146.0,20.0,4.7,64.95,1.8294542128265068,81.11111111111111
FED010_110625_00.CSV,150.0,150.0,108.0,258.0,58.139534883720934,1.72,0.71,20.0,0.14,60.666666666666664,39.333333333333336,14.0,6.5,79.42857142857143,21.983888888888888,0.6368300017689722,163.39910483515098,1.0,10.438501092699111,84.61538461538461,15.384615384615385,39.0,6.0,5.5,66.0,0.2729271436152738,76.47058823529412,52.252252252252255,47.747747747747745,111.0,8.0,7.25,89.5,0.7256053009498376,53.62318840579711
FED011_110625_00.CSV,148.0,148.0,85.0,233.0,63.519313304721024,1.5743243243243243,0.53,31.0,0.12,73.64864864864865,26.35135135135135,23.0,4.739130434782608,79.56521739130434,22.746944444444445,1.011124815298758,156.06707838015964,1.0,15.2155548837636,58.8235294117647,41.1764705882353,34.0,4.0,5.0,73.0,0.17584779396500141,50.74626865671642,78.0701754385965,21.92982456140351,114.0,19.0,4.684210526315789,80.94736842105263,1.6585838991270612,68.67469879518072
FED012_110625_00.CSV,174.0,174.0,98.0,272.0,63.970588235294116,1.5632183908045978,0.59,24.0,0.10500000000000001,67.816091954023,32.18390804597701,16.0,7.375,132.25,22.433888888888887,0.7132067061241674,185.9443413729128,1.0,18.384773837911702,72.0,28.0,25.0,3.0,6.0,116.66666666666667,0.13372625739828137,86.20689655172413,67.11409395973155,32.88590604026846,149.0,13.0,7.6923076923076925,135.84615384615384,1.1639764220160669,61.31687242798354
FED013_110625_00.CSV,161.0,161.0,119.0,280.0,57.49999999999999,1.7391304347826086,0.59,26.5,0.11,68.32298136645963,31.677018633540374,16.0,6.875,111.875,20.895833333333332,0.765702891326022,184.43669535010145,10.0,20.561839572952433,70.27027027027027,29.72972972972973,37.0,4.0,6.5,129.25,0.1914257228315055,82.6086956521739,67.74193548387096,32.25806451612903,124.0,12.0,7.0,106.08333333333333,1.0273239637582934,52.56410256410257
FED014_110625_00.CSV,178.0,178.0,94.0,272.0,65.44117647058823,1.5280898876404494,0.65,92.0,0.11,43.258426966292134,56.741573033707866,16.0,4.8125,72.625,22.430555555555557,0.7133126934984519,189.10092465079677,21.0,14.032078976072455,73.07692307692308,26.923076923076923,26.0,4.0,4.75,76.75,0.17832817337461299,60.46511627906976,38.1578947368421,61.8421052631579,152.0,12.0,4.833333333333333,71.25,1.0125870191969621,66.37554585152839
FED015_110625_00.CSV,139.0,139.0,55.0,194.0,71.64948453608247,1.39568345323741,0.47,29.5,0.1,64.74820143884892,35.25179856115108,20.0,4.5,65.55,21.30027777777778,0.9389548910421095,156.43610785463073,0.0,15.435846905047423,50.0,50.0,30.0,4.0,3.75,50.0,0.1877909782084219,85.71428571428571,68.80733944954129,31.192660550458715,109.0,16.0,4.6875,69.4375,1.426484063498353,68.55345911949685
FED016_110625_00.CSV,177.0,177.0,35.0,212.0,83.49056603773585,1.1977401129943503,0.41,16.0,0.06,84.18079096045197,15.819209039548022,22.0,6.7727272727272725,83.18181818181819,20.894444444444446,1.05291145971816,203.094330602,5.0,13.642407472601215,80.55555555555556,19.444444444444443,36.0,5.0,5.8,87.6,0.23929805902685455,90.0,85.1063829787234,14.893617021276595,141.0,17.0,7.0588235294117645,81.88235294117646,1.5274796585633703,81.97674418604652
FED017_110625_00.CSV,166.0,166.0,71.0,237.0,70.042194092827,1.427710843373494,0.65,25.0,0.1,66.26506024096386,33.734939759036145,24.0,4.583333333333333,61.0,21.411944444444444,1.1208697118690243,184.56786946002987,0.0,13.468969788257944,65.51724137931035,34.48275862068966,29.0,4.0,4.75,68.25,0.1868116186448374,72.5,66.42335766423358,33.57664233576642,137.0,20.0,4.55,59.55,1.7123287671232876,69.54314720812182
FED018_110625_00.CSV,154.0,154.0,72.0,226.0,68.14159292035397,1.4675324675324675,0.29,20.0,0.14,79.87012987012987,20.12987012987013,19.0,6.473684210526316,92.57894736842105,21.15888888888889,0.8979677571811164,174.23688862698882,15.0,18.161086441980455,75.55555555555556,24.444444444444443,45.0,6.0,5.666666666666667,73.83333333333333,0.2835687654256157,72.58064516129032,81.65137614678899,18.34862385321101,109.0,13.0,6.846153846153846,101.23076923076923,1.0964295754849591,66.46341463414635
FED019_110625_00.CSV,145.0,145.0,49.0,194.0,74.74226804123711,1.3379310344827586,0.89,55.5,0.08499999999999999,55.172413793103445,44.827586206896555,18.0,4.444444444444445,71.27777777777777,23.359166666666667,0.7705754343405515,148.74443455031167,8.0,15.614567710034343,32.35294117647059,67.6470588235294,34.0,3.0,3.6666666666666665,69.33333333333333,0.1284292390567586,80.95238095238095,62.16216216216216,37.83783783783784,111.0,15.0,4.6,71.66666666666667,1.2694531947905403,73.02631578947368
FED020_110625_00.CSV,200.0,200.0,81.0,281.0,71.17437722419929,1.405,0.59,26.0,0.1,73.0,27.0,31.0,4.709677419354839,71.6774193548387,19.177222222222223,1.6165010573886844,250.11217415218056,65.0,13.997509896652211,68.18181818181819,31.818181818181817,44.0,6.0,5.0,86.33333333333333,0.31287117239780987,67.6923076923077,74.35897435897436,25.641025641025642,156.0,25.0,4.64,68.16,2.3396069460330664,72.22222222222221
