Mouse_ID,Pellets_FR1,Left_Poke_FR1,Right_Poke_FR1,Total_Pokes_FR1,Accuracy_FR1,PokesPerPellet_FR1,RetrievalTime_FR1,InterPelletInterval_FR1,PokeTime_FR1,%MealPellets_FR1,%GrazingPellets_FR1,NumMeals_FR1,AvgMealSize_FR1,AvgMealDuration_FR1,MealsPerHour_FR1,Daily_Pellets_FR1,Left Poke with Pellet_FR1,Within_meal_pellet_rate_FR1,%MealPellets_Day_FR1,%GrazingPellets_Day_FR1,Pellets_Day_FR1,NumMeals_Day_FR1,AvgMealSize_Day_FR1,AvgMealDuration_Day_FR1,MealsPerHour_Day_FR1,Accuracy_Day_FR1,%MealPellets_Night_FR1,%GrazingPellets_Night_FR1,Pellets_Night_FR1,NumMeals_Night_FR1,AvgMealSize_Night_FR1,AvgMealDuration_Night_FR1,MealsPerHour_Night_FR1,Accuracy_Night_FR1
ChocoHFD_001_1,153,153,41,194,78.86597938,1.267973856,0.59,23,0.09,77.12418301,22.87581699,22,5.363636364,86.40909091,1.002696646,167.3549482,2,18.68180138,92.30769231,7.692307692,39,7,5.142857143,93.71428571,0.319039842,76.47058824,71.92982456,28.07017544,114,15,5.466666667,83,1.350236291,79.72027972
,,,,,,,,,,,,,,,,,,,,,,,,,,,,,,,,,,
ChocoHFD_001_3,131,131,76,207,63.28502415,1.580152672,0.59,23.5,0.12,75.57251908,24.42748092,20,4.95,70.35,0.972053463,152.7284504,3,13.44583233,71.42857143,28.57142857,28,4,5,84.25,0.194410693,58.33333333,76.69902913,23.30097087,103,17,4.647058824,60,1.455410226,64.77987421
ChocoHFD_001_4,191,191,44,235,81.27659574,1.230366492,0.35,18,0.11,87.43455497,12.56544503,17,9.823529412,152.9411765,0.811165454,218.3492551,2,15.6208476,93.65079365,6.349206349,63,7,8.428571429,131.5714286,0.334009305,86.30136986,84.375,15.625,128,10,10.8,167.9,0.864719447,79.01234568
ChocoHFD_001_5,142,142,65,207,68.59903382,1.457746479,0.47,21,0.11,64.08450704,35.91549296,20,4.55,54.55,0.944187998,160.678925,0,13.96668818,66.66666667,33.33333333,18,2,6,83,0.0944188,81.81818182,63.70967742,36.29032258,124,18,4.388888889,51.38888889,1.538169389,67.02702703
ChocoHFD_001_6,151,151,47,198,76.26262626,1.311258278,0.41,15,0.09,82.1192053,17.8807947,12,10.33333333,133.3333333,0.600366891,181.1396201,2,10.82878253,89.36170213,10.63829787,47,5,8.4,105.6,0.250152871,78.33333333,78.84615385,21.15384615,104,7,11.71428571,153.1428571,0.605478136,75.36231884
ChocoHFD_001_7,131,131,79,210,62.38095238,1.603053435,0.65,24.5,0.135,60.30534351,39.69465649,12,6.583333333,91.5,0.548689876,143.5652858,1,14.55680695,83.33333333,16.66666667,24,4,5,73.75,0.182896625,68.57142857,55.14018692,44.85981308,107,8,7.375,100.375,0.743859287,61.14285714
ChocoHFD_001_8,166,166,46,212,78.30188679,1.277108434,0.77,23,0.14,66.26506024,33.73493976,23,4.782608696,61.08695652,1.026035019,177.5488982,1,12.78972269,71.79487179,28.20512821,39,4,7,110.5,0.178440873,92.85714286,64.56692913,35.43307087,127,19,4.315789474,50.68421053,1.672780631,74.70588235
ChocoHFD_001_9,159,159,57,216,73.61111111,1.358490566,0.47,39.5,0.08,61.00628931,38.99371069,21,4.619047619,63.95238095,1.226197814,182.6711345,0,14.25518758,23.07692308,76.92307692,13,1,3,44,0.058390372,36.11111111,64.38356164,35.61643836,146,20,4.7,64.95,1.829454213,81.11111111
ChocoHFD_001_10,150,150,108,258,58.13953488,1.72,0.71,20,0.14,60.66666667,39.33333333,14,6.5,79.42857143,0.636830002,163.3991048,1,10.43850109,84.61538462,15.38461538,39,6,5.5,66,0.272927144,76.47058824,52.25225225,47.74774775,111,8,7.25,89.5,0.725605301,53.62318841
ChocoHFD_001_11,148,148,85,233,63.5193133,1.574324324,0.53,31,0.12,73.64864865,26.35135135,23,4.739130435,79.56521739,1.011124815,156.0670784,1,15.21555488,58.82352941,41.17647059,34,4,5,73,0.175847794,50.74626866,78.07017544,21.92982456,114,19,4.684210526,80.94736842,1.658583899,68.6746988
ChocoHFD_001_12,174,174,98,272,63.97058824,1.563218391,0.59,24,0.105,67.81609195,32.18390805,16,7.375,132.25,0.713206706,185.9443414,1,18.38477384,72,28,25,3,6,116.6666667,0.133726257,86.20689655,67.11409396,32.88590604,149,13,7.692307692,135.8461538,1.163976422,61.31687243
ChocoHFD_001_13,161,161,119,280,57.5,1.739130435,0.59,26.5,0.11,68.32298137,31.67701863,16,6.875,111.875,0.765702891,184.4366954,10,20.56183957,70.27027027,29.72972973,37,4,6.5,129.25,0.191425723,82.60869565,67.74193548,32.25806452,124,12,7,106.0833333,1.027323964,52.56410256
ChocoHFD_001_14,178,178,94,272,65.44117647,1.528089888,0.65,92,0.11,43.25842697,56.74157303,16,4.8125,72.625,0.713312693,189.1009247,21,14.03207898,73.07692308,26.92307692,26,4,4.75,76.75,0.178328173,60.46511628,38.15789474,61.84210526,152,12,4.833333333,71.25,1.012587019,66.37554585
ChocoHFD_001_15,139,139,55,194,71.64948454,1.395683453,0.47,29.5,0.1,64.74820144,35.25179856,20,4.5,65.55,0.938954891,156.4361079,0,15.43584691,50,50,30,4,3.75,50,0.187790978,85.71428571,68.80733945,31.19266055,109,16,4.6875,69.4375,1.426484063,68.55345912
ChocoHFD_001_16,177,177,35,212,83.49056604,1.197740113,0.41,16,0.06,84.18079096,15.81920904,22,6.772727273,83.18181818,1.05291146,203.0943306,5,13.64240747,80.55555556,19.44444444,36,5,5.8,87.6,0.239298059,90,85.10638298,14.89361702,141,17,7.058823529,81.88235294,1.527479659,81.97674419
ChocoHFD_001_17,166,166,71,237,70.04219409,1.427710843,0.65,25,0.1,66.26506024,33.73493976,24,4.583333333,61,1.120869712,184.5678695,0,13.46896979,65.51724138,34.48275862,29,4,4.75,68.25,0.186811619,72.5,66.42335766,33.57664234,137,20,4.55,59.55,1.712328767,69.54314721
ChocoHFD_001_18,154,154,72,226,68.14159292,1.467532468,0.29,20,0.14,79.87012987,20.12987013,19,6.473684211,92.57894737,0.897967757,174.2368886,15,18.16108644,75.55555556,24.44444444,45,6,5.666666667,73.83333333,0.283568765,72.58064516,81.65137615,18.34862385,109,13,6.846153846,101.2307692,1.096429575,66.46341463
ChocoHFD_001_19,145,145,49,194,74.74226804,1.337931034,0.89,55.5,0.085,55.17241379,44.82758621,18,4.444444444,71.27777778,0.770575434,148.7444346,8,15.61456771,32.35294118,67.64705882,34,3,3.666666667,69.33333333,0.128429239,80.95238095,62.16216216,37.83783784,111,15,4.6,71.66666667,1.269453195,73.02631579
ChocoHFD_001_20,200,200,81,281,71.17437722,1.405,0.59,26,0.1,73,27,31,4.709677419,71.67741935,1.616501057,250.1121742,65,13.9975099,68.18181818,31.81818182,44,6,5,86.33333333,0.312871172,67.69230769,74.35897436,25.64102564,156,25,4.64,68.16,2.339606946,72.22222222
