MM:DD:YYYY hh:mm:ss,Library_Version,Session_type,Device_Number,Battery_Voltage,Motor_Turns,PelletsToSwitch,Prob_left,Prob_right,Event,High_prob_poke,Left_Poke_Count,Right_Poke_Count,Pellet_Count,Block_Pellet_Count,Retrieval_Time,InterPelletInterval,Poke_Time
11/10/2025 18:10:02,1.17.2,Bandit80,5,4.03,nan,20,20,80,Right,Right,0,1,0,0,nan,nan,0.74
11/10/2025 18:10:03,1.17.2,Bandit80,5,4.03,nan,20,20,80,RightDuringDispense,Right,0,1,0,0,nan,nan,0.24
11/10/2025 18:10:40,1.17.2,Bandit80,5,4.03,nan,20,20,80,LeftWithPellet,Right,0,1,0,0,nan,nan,0.23
11/10/2025 18:10:41,1.17.2,Bandit80,5,4.03,4,20,20,80,Pellet,Right,0,1,1,0,33.34,nan,nan
11/10/2025 18:12:35,1.17.2,Bandit80,5,4.03,nan,20,20,80,Right,Right,0,2,1,1,nan,nan,0.29
11/10/2025 18:12:36,1.17.2,Bandit80,5,4.03,2,20,20,80,Pellet,Right,0,2,2,1,0.83,115,nan
11/10/2025 18:13:33,1.17.2,Bandit80,5,4.03,nan,20,20,80,Left,Right,1,2,2,2,nan,nan,0.35
11/10/2025 18:15:09,1.17.2,Bandit80,5,4.03,nan,20,20,80,Left,Right,2,2,2,2,nan,nan,0.17
11/10/2025 18:15:09,1.17.2,Bandit80,5,4.03,nan,20,20,80,LeftinTimeOut,Right,2,2,2,2,nan,nan,nan
11/10/2025 18:33:49,1.17.2,Bandit80,5,4.03,nan,20,20,80,Left,Right,3,2,2,2,nan,nan,0.17
11/10/2025 18:37:17,1.17.2,Bandit80,5,4.03,nan,20,20,80,Left,Right,4,2,2,2,nan,nan,0.41
11/10/2025 18:37:25,1.17.2,Bandit80,5,4.03,nan,20,20,80,RightinTimeout,Right,4,2,2,2,nan,nan,0.00
11/10/2025 18:37:25,1.17.2,Bandit80,5,4.03,nan,20,20,80,RightinTimeout,Right,4,2,2,2,nan,nan,0.00
11/10/2025 18:37:25,1.17.2,Bandit80,5,4.03,nan,20,20,80,RightinTimeout,Right,4,2,2,2,nan,nan,0.00
11/10/2025 18:37:26,1.17.2,Bandit80,5,4.03,nan,20,20,80,RightinTimeout,Right,4,2,2,2,nan,nan,0.00
11/10/2025 18:37:26,1.17.2,Bandit80,5,4.03,nan,20,20,80,RightinTimeout,Right,4,2,2,2,nan,nan,0.00
11/10/2025 18:37:26,1.17.2,Bandit80,5,4.03,nan,20,20,80,RightinTimeout,Right,4,2,2,2,nan,nan,0.00
11/10/2025 18:38:54,1.17.2,Bandit80,5,4.03,nan,20,20,80,Right,Right,4,3,2,2,nan,nan,0.53
11/10/2025 18:38:56,1.17.2,Bandit80,5,4.03,1,20,20,80,Pellet,Right,4,3,3,2,0.71,1580,nan
11/10/2025 18:41:28,1.17.2,Bandit80,5,4.04,nan,20,20,80,Right,Right,4,4,3,3,nan,nan,0.43
11/10/2025 18:42:31,1.17.2,Bandit80,5,4.03,nan,20,20,80,Left,Right,5,4,3,3,nan,nan,0.06
11/10/2025 18:43:04,1.17.2,Bandit80,5,4.03,nan,20,20,80,Left,Right,6,4,3,3,nan,nan,0.44
11/10/2025 18:43:22,1.17.2,Bandit80,5,4.03,nan,20,20,80,Right,Right,6,5,3,3,nan,nan,0.18
11/10/2025 18:43:23,1.17.2,Bandit80,5,4.03,1,20,20,80,Pellet,Right,6,5,4,3,0.47,267,nan
11/10/2025 18:43:37,1.17.2,Bandit80,5,4.03,nan,20,20,80,Right,Right,6,6,4,4,nan,nan,0.03
11/10/2025 18:46:09,1.17.2,Bandit80,5,4.03,nan,20,20,80,Left,Right,7,6,4,4,nan,nan,0.10
11/10/2025 18:46:50,1.17.2,Bandit80,5,4.03,nan,20,20,80,Right,Right,7,7,4,4,nan,nan,0.00
11/10/2025 18:46:51,1.17.2,Bandit80,5,4.03,1,20,20,80,Pellet,Right,7,7,5,4,0.29,208,nan
11/10/2025 18:47:05,1.17.2,Bandit80,5,4.03,nan,20,20,80,Left,Right,8,7,5,5,nan,nan,0.07
11/10/2025 18:56:02,1.17.2,Bandit80,5,4.03,nan,20,20,80,Left,Right,9,7,5,5,nan,nan,0.30
11/10/2025 19:00:44,1.17.2,Bandit80,5,4.03,nan,20,20,80,Left,Right,10,7,5,5,nan,nan,0.14
11/10/2025 19:01:17,1.17.2,Bandit80,5,4.03,nan,20,20,80,Left,Right,11,7,5,5,nan,nan,0.24
11/10/2025 19:02:46,1.17.2,Bandit80,5,4.03,nan,20,20,80,Left,Right,12,7,5,5,nan,nan,0.48
11/10/2025 19:02:47,1.17.2,Bandit80,5,4.03,nan,20,20,80,LeftinTimeOut,Right,12,7,5,5,nan,nan,nan
11/10/2025 19:02:47,1.17.2,Bandit80,5,4.03,nan,20,20,80,LeftinTimeOut,Right,12,7,5,5,nan,nan,nan
11/10/2025 19:02:57,1.17.2,Bandit80,5,4.03,nan,20,20,80,LeftinTimeOut,Right,12,7,5,5,nan,nan,nan
11/10/2025 19:02:57,1.17.2,Bandit80,5,4.03,nan,20,20,80,LeftinTimeOut,Right,12,7,5,5,nan,nan,nan
11/10/2025 19:04:13,1.17.2,Bandit80,5,4.03,nan,20,20,80,Left,Right,13,7,5,5,nan,nan,0.00
11/10/2025 19:04:15,1.17.2,Bandit80,5,4.02,1,20,20,80,Pellet,Right,13,7,6,5,0.35,1044,nan
11/10/2025 19:05:10,1.17.2,Bandit80,5,4.03,nan,20,20,80,Left,Right,14,7,6,6,nan,nan,0.03
11/10/2025 19:05:10,1.17.2,Bandit80,5,4.03,nan,20,20,80,LeftinTimeOut,Right,14,7,6,6,nan,nan,nan
11/10/2025 19:05:14,1.17.2,Bandit80,5,4.03,nan,20,20,80,LeftinTimeOut,Right,14,7,6,6,nan,nan,nan
11/10/2025 19:05:16,1.17.2,Bandit80,5,4.03,nan,20,20,80,RightinTimeout,Right,14,7,6,6,nan,nan,0.00
11/10/2025 19:06:28,1.17.2,Bandit80,5,4.03,nan,20,20,80,Right,Right,14,8,6,6,nan,nan,0.06
11/10/2025 19:06:30,1.17.2,Bandit80,5,4.03,1,20,20,80,Pellet,Right,14,8,7,6,0.47,135,nan
11/10/2025 19:06:41,1.17.2,Bandit80,5,4.03,nan,20,20,80,Left,Right,15,8,7,7,nan,nan,0.06
11/10/2025 19:08:00,1.17.2,Bandit80,5,4.03,nan,20,20,80,Right,Right,15,9,7,7,nan,nan,0.03
11/10/2025 19:08:01,1.17.2,Bandit80,5,4.03,1,20,20,80,Pellet,Right,15,9,8,7,0.65,91,nan
11/10/2025 19:08:15,1.17.2,Bandit80,5,4.03,nan,20,20,80,Right,Right,15,10,8,8,nan,nan,0.14
11/10/2025 19:08:17,1.17.2,Bandit80,5,4.03,1,20,20,80,Pellet,Right,15,10,9,8,0.35,16,nan
11/10/2025 19:08:32,1.17.2,Bandit80,5,4.03,nan,20,20,80,Right,Right,15,11,9,9,nan,nan,0.09
11/10/2025 19:08:35,1.17.2,Bandit80,5,4.03,1,20,20,80,Pellet,Right,15,11,10,9,2.62,18,nan
11/10/2025 19:08:45,1.17.2,Bandit80,5,4.03,nan,20,20,80,Left,Right,16,11,10,10,nan,nan,0.06
11/10/2025 19:08:46,1.17.2,Bandit80,5,4.03,1,20,20,80,Pellet,Right,16,11,11,10,0.83,11,nan
11/10/2025 19:08:57,1.17.2,Bandit80,5,4.03,nan,20,20,80,Right,Right,16,12,11,11,nan,nan,0.04
11/10/2025 19:08:59,1.17.2,Bandit80,5,4.03,1,20,20,80,Pellet,Right,16,12,12,11,0.47,13,nan
11/10/2025 19:09:06,1.17.2,Bandit80,5,4.03,nan,20,20,80,Right,Right,16,13,12,12,nan,nan,0.04
11/10/2025 19:09:07,1.17.2,Bandit80,5,4.03,1,20,20,80,Pellet,Right,16,13,13,12,0.35,8,nan
11/10/2025 19:09:26,1.17.2,Bandit80,5,4.03,nan,20,20,80,Right,Right,16,14,13,13,nan,nan,0.05
11/10/2025 19:09:27,1.17.2,Bandit80,5,4.03,1,20,20,80,Pellet,Right,16,14,14,13,0.47,20,nan
11/10/2025 19:09:41,1.17.2,Bandit80,5,4.03,nan,20,20,80,Right,Right,16,15,14,14,nan,nan,0.07
11/10/2025 19:09:42,1.17.2,Bandit80,5,4.03,1,20,20,80,Pellet,Right,16,15,15,14,0.47,15,nan
11/10/2025 19:11:45,1.17.2,Bandit80,5,4.03,nan,20,20,80,Right,Right,16,16,15,15,nan,nan,0.01
11/10/2025 19:11:47,1.17.2,Bandit80,5,4.03,1,20,20,80,Pellet,Right,16,16,16,15,0.41,125,nan
11/10/2025 19:13:02,1.17.2,Bandit80,5,4.03,nan,20,20,80,Left,Right,17,16,16,16,nan,nan,0.14
11/10/2025 19:13:04,1.17.2,Bandit80,5,4.03,1,20,20,80,Pellet,Right,17,16,17,16,0.77,76,nan
11/10/2025 19:13:15,1.17.2,Bandit80,5,4.03,nan,20,20,80,Left,Right,18,16,17,17,nan,nan,0.08
11/10/2025 19:13:17,1.17.2,Bandit80,5,4.03,nan,20,20,80,LeftinTimeOut,Right,18,16,17,17,nan,nan,nan
11/10/2025 19:13:17,1.17.2,Bandit80,5,4.03,nan,20,20,80,LeftinTimeOut,Right,18,16,17,17,nan,nan,nan
11/10/2025 19:17:44,1.17.2,Bandit80,5,4.03,nan,20,20,80,Left,Right,19,16,17,17,nan,nan,0.13
11/10/2025 19:17:46,1.17.2,Bandit80,5,4.03,1,20,20,80,Pellet,Right,19,16,18,17,0.65,282,nan
11/10/2025 19:18:20,1.17.2,Bandit80,5,4.03,nan,20,20,80,Right,Right,19,17,18,18,nan,nan,0.44
11/10/2025 19:19:22,1.17.2,Bandit80,5,4.03,nan,20,20,80,Right,Right,19,18,18,18,nan,nan,0.19
11/10/2025 19:23:26,1.17.2,Bandit80,5,4.03,nan,20,20,80,Right,Right,19,19,18,18,nan,nan,0.08
11/10/2025 19:23:27,1.17.2,Bandit80,5,4.03,1,20,20,80,Pellet,Right,19,19,19,18,0.59,342,nan
11/10/2025 19:23:35,1.17.2,Bandit80,5,4.03,nan,20,20,80,Right,Right,19,20,19,19,nan,nan,0.16
11/10/2025 19:23:43,1.17.2,Bandit80,5,4.03,nan,20,20,80,LeftinTimeOut,Right,19,20,19,19,nan,nan,nan
11/10/2025 19:27:33,1.17.2,Bandit80,5,4.03,nan,20,20,80,Left,Right,20,20,19,19,nan,nan,0.16
11/10/2025 19:29:17,1.17.2,Bandit80,5,4.03,nan,20,20,80,Left,Right,21,20,19,19,nan,nan,0.11
11/10/2025 19:29:18,1.17.2,Bandit80,5,4.03,1,20,20,80,Pellet,Right,21,20,20,19,0.53,351,nan
11/10/2025 19:29:46,1.17.2,Bandit80,5,4.03,nan,20,80,20,Right,Left,21,21,20,0,nan,nan,0.14
11/10/2025 19:34:34,1.17.2,Bandit80,5,4.03,nan,20,80,20,Right,Left,21,22,20,0,nan,nan,0.07
11/10/2025 19:42:01,1.17.2,Bandit80,5,4.03,nan,20,80,20,Right,Left,21,23,20,0,nan,nan,0.02
11/10/2025 19:42:02,1.17.2,Bandit80,5,4.03,nan,20,80,20,RightinTimeout,Left,21,23,20,0,nan,nan,0.00
11/10/2025 19:42:02,1.17.2,Bandit80,5,4.03,nan,20,80,20,RightinTimeout,Left,21,23,20,0,nan,nan,0.00
11/10/2025 19:42:02,1.17.2,Bandit80,5,4.03,nan,20,80,20,RightinTimeout,Left,21,23,20,0,nan,nan,0.00
11/10/2025 19:47:06,1.17.2,Bandit80,5,4.03,nan,20,80,20,Right,Left,21,24,20,0,nan,nan,0.14
11/10/2025 19:47:37,1.17.2,Bandit80,5,4.03,nan,20,80,20,Right,Left,21,25,20,0,nan,nan,1.07
11/10/2025 19:47:39,1.17.2,Bandit80,5,4.03,nan,20,80,20,LeftinTimeOut,Left,21,25,20,0,nan,nan,nan
11/10/2025 19:50:50,1.17.2,Bandit80,5,4.03,nan,20,80,20,Right,Left,21,26,20,0,nan,nan,0.12
11/10/2025 19:53:13,1.17.2,Bandit80,5,4.03,nan,20,80,20,Right,Left,21,27,20,0,nan,nan,0.06
11/10/2025 19:53:15,1.17.2,Bandit80,5,4.03,nan,20,80,20,RightinTimeout,Left,21,27,20,0,nan,nan,0.00
11/10/2025 19:53:16,1.17.2,Bandit80,5,4.03,nan,20,80,20,RightinTimeout,Left,21,27,20,0,nan,nan,0.00
11/10/2025 19:53:16,1.17.2,Bandit80,5,4.03,nan,20,80,20,RightinTimeout,Left,21,27,20,0,nan,nan,0.00
11/10/2025 19:54:50,1.17.2,Bandit80,5,4.03,nan,20,80,20,Left,Left,22,27,20,0,nan,nan,0.10
11/10/2025 19:54:51,1.17.2,Bandit80,5,4.03,1,20,80,20,Pellet,Left,22,27,21,0,0.29,1533,nan
11/10/2025 19:55:05,1.17.2,Bandit80,5,4.03,nan,20,80,20,Left,Left,23,27,21,1,nan,nan,0.06
11/10/2025 19:55:05,1.17.2,Bandit80,5,4.03,nan,20,80,20,LeftDuringDispense,Left,23,27,21,1,nan,nan,0.05
11/10/2025 19:55:09,1.17.2,Bandit80,5,4.02,2,20,80,20,Pellet,Left,23,27,22,1,0.29,17,nan
11/10/2025 19:55:20,1.17.2,Bandit80,5,4.03,nan,20,80,20,Left,Left,24,27,22,2,nan,nan,0.09
11/10/2025 19:55:22,1.17.2,Bandit80,5,4.02,1,20,80,20,Pellet,Left,24,27,23,2,0.47,14,nan
11/10/2025 19:55:28,1.17.2,Bandit80,5,4.03,nan,20,80,20,Left,Left,25,27,23,3,nan,nan,0.09
11/10/2025 20:00:59,1.17.2,Bandit80,5,4.03,nan,20,80,20,Right,Left,25,28,23,3,nan,nan,0.01
11/10/2025 20:10:52,1.17.2,Bandit80,5,4.03,nan,20,80,20,Right,Left,25,29,23,3,nan,nan,0.70
11/10/2025 20:10:55,1.17.2,Bandit80,5,4.03,nan,20,80,20,RightinTimeout,Left,25,29,23,3,nan,nan,0.00
11/10/2025 20:10:57,1.17.2,Bandit80,5,4.03,nan,20,80,20,RightinTimeout,Left,25,29,23,3,nan,nan,0.00
11/10/2025 20:10:57,1.17.2,Bandit80,5,4.03,nan,20,80,20,RightinTimeout,Left,25,29,23,3,nan,nan,0.00
11/10/2025 20:39:54,1.17.2,Bandit80,5,4.03,nan,20,80,20,Right,Left,25,30,23,3,nan,nan,0.19
11/10/2025 20:40:00,1.17.2,Bandit80,5,4.03,nan,20,80,20,LeftinTimeOut,Left,25,30,23,3,nan,nan,nan
11/10/2025 20:40:17,1.17.2,Bandit80,5,4.03,nan,20,80,20,Left,Left,26,30,23,3,nan,nan,0.07
11/10/2025 20:40:18,1.17.2,Bandit80,5,4.03,1,20,80,20,Pellet,Left,26,30,24,3,0.41,2696,nan
11/10/2025 20:40:38,1.17.2,Bandit80,5,4.03,nan,20,80,20,Right,Left,26,31,24,4,nan,nan,0.05
11/10/2025 20:41:07,1.17.2,Bandit80,5,4.03,nan,20,80,20,Right,Left,26,32,24,4,nan,nan,0.06
11/10/2025 20:41:12,1.17.2,Bandit80,5,4.03,nan,20,80,20,RightinTimeout,Left,26,32,24,4,nan,nan,0.00
11/10/2025 20:41:13,1.17.2,Bandit80,5,4.02,nan,20,80,20,RightinTimeout,Left,26,32,24,4,nan,nan,0.00
11/10/2025 20:41:14,1.17.2,Bandit80,5,4.02,nan,20,80,20,RightinTimeout,Left,26,32,24,4,nan,nan,0.00
11/10/2025 20:41:15,1.17.2,Bandit80,5,4.03,nan,20,80,20,RightinTimeout,Left,26,32,24,4,nan,nan,0.00
11/10/2025 20:41:18,1.17.2,Bandit80,5,4.03,nan,20,80,20,LeftinTimeOut,Left,26,32,24,4,nan,nan,nan
11/10/2025 20:41:19,1.17.2,Bandit80,5,4.03,nan,20,80,20,LeftinTimeOut,Left,26,32,24,4,nan,nan,nan
11/10/2025 20:41:33,1.17.2,Bandit80,5,4.03,nan,20,80,20,Right,Left,26,33,24,4,nan,nan,0.16
11/10/2025 20:41:34,1.17.2,Bandit80,5,4.03,1,20,80,20,Pellet,Left,26,33,25,4,0.59,76,nan
11/10/2025 20:41:45,1.17.2,Bandit80,5,4.03,nan,20,80,20,Right,Left,26,34,25,5,nan,nan,0.05
11/10/2025 20:42:28,1.17.2,Bandit80,5,4.03,nan,20,80,20,Left,Left,27,34,25,5,nan,nan,0.10
11/10/2025 20:42:29,1.17.2,Bandit80,5,4.03,1,20,80,20,Pellet,Left,27,34,26,5,0.41,55,nan
11/10/2025 20:42:35,1.17.2,Bandit80,5,4.03,nan,20,80,20,Left,Left,28,34,26,6,nan,nan,0.05
11/10/2025 20:42:37,1.17.2,Bandit80,5,4.02,1,20,80,20,Pellet,Left,28,34,27,6,0.59,8,nan
11/10/2025 20:44:14,1.17.2,Bandit80,5,4.02,nan,20,80,20,Left,Left,29,34,27,7,nan,nan,0.06
11/10/2025 20:44:15,1.17.2,Bandit80,5,4.03,1,20,80,20,Pellet,Left,29,34,28,7,0.47,98,nan
11/10/2025 20:48:34,1.17.2,Bandit80,5,4.03,nan,20,80,20,Left,Left,30,34,28,8,nan,nan,0.08
11/10/2025 20:48:35,1.17.2,Bandit80,5,4.03,1,20,80,20,Pellet,Left,30,34,29,8,0.29,260,nan
11/10/2025 20:48:43,1.17.2,Bandit80,5,4.03,nan,20,80,20,Left,Left,31,34,29,9,nan,nan,0.03
11/10/2025 20:51:18,1.17.2,Bandit80,5,4.03,nan,20,80,20,Right,Left,31,35,29,9,nan,nan,0.22
11/10/2025 20:51:25,1.17.2,Bandit80,5,4.03,2,20,80,20,Pellet,Left,31,35,30,9,4.07,170,nan
11/10/2025 20:51:32,1.17.2,Bandit80,5,4.02,nan,20,80,20,Right,Left,31,36,30,10,nan,nan,0.00
11/10/2025 20:52:21,1.17.2,Bandit80,5,4.03,nan,20,80,20,Right,Left,31,37,30,10,nan,nan,0.09
11/10/2025 20:55:08,1.17.2,Bandit80,5,4.02,nan,20,80,20,Left,Left,32,37,30,10,nan,nan,0.10
11/10/2025 20:55:09,1.17.2,Bandit80,5,4.03,1,20,80,20,Pellet,Left,32,37,31,10,0.65,224,nan
11/10/2025 20:58:24,1.17.2,Bandit80,5,4.03,nan,20,80,20,Left,Left,33,37,31,11,nan,nan,0.41
11/10/2025 20:58:25,1.17.2,Bandit80,5,4.03,1,20,80,20,Pellet,Left,33,37,32,11,0.23,196,nan
11/10/2025 21:07:13,1.17.2,Bandit80,5,4.02,nan,20,80,20,Left,Left,34,37,32,12,nan,nan,0.42
11/10/2025 21:07:15,1.17.2,Bandit80,5,4.03,1,20,80,20,Pellet,Left,34,37,33,12,1.43,530,nan
11/10/2025 21:08:03,1.17.2,Bandit80,5,4.02,nan,20,80,20,Left,Left,35,37,33,13,nan,nan,0.10
11/10/2025 21:08:08,1.17.2,Bandit80,5,4.02,1,20,80,20,Pellet,Left,35,37,34,13,4.37,53,nan
11/10/2025 21:08:17,1.17.2,Bandit80,5,4.03,nan,20,80,20,Left,Left,36,37,34,14,nan,nan,0.02
11/10/2025 21:08:18,1.17.2,Bandit80,5,4.03,1,20,80,20,Pellet,Left,36,37,35,14,0.89,10,nan
11/10/2025 21:08:29,1.17.2,Bandit80,5,4.03,nan,20,80,20,Right,Left,36,38,35,15,nan,nan,0.06
11/10/2025 21:08:30,1.17.2,Bandit80,5,4.03,1,20,80,20,Pellet,Left,36,38,36,15,0.59,12,nan
11/10/2025 21:08:35,1.17.2,Bandit80,5,4.03,nan,20,80,20,Right,Left,36,39,36,16,nan,nan,0.06
11/10/2025 21:08:36,1.17.2,Bandit80,5,4.03,nan,20,80,20,RightinTimeout,Left,36,39,36,16,nan,nan,0.00
11/10/2025 21:17:37,1.17.2,Bandit80,5,4.03,nan,20,80,20,Right,Left,36,40,36,16,nan,nan,0.02
11/10/2025 21:17:39,1.17.2,Bandit80,5,4.03,nan,20,80,20,LeftinTimeOut,Left,36,40,36,16,nan,nan,nan
11/10/2025 21:22:24,1.17.2,Bandit80,5,4.03,nan,20,80,20,Right,Left,36,41,36,16,nan,nan,0.20
11/10/2025 21:22:27,1.17.2,Bandit80,5,4.03,1,20,80,20,Pellet,Left,36,41,37,16,1.85,837,nan
11/10/2025 21:31:11,1.17.2,Bandit80,5,4.03,nan,20,80,20,Right,Left,36,42,37,17,nan,nan,0.03
11/10/2025 21:31:12,1.17.2,Bandit80,5,4.02,1,20,80,20,Pellet,Left,36,42,38,17,0.35,525,nan
11/10/2025 21:32:36,1.17.2,Bandit80,5,4.02,nan,20,80,20,Left,Left,37,42,38,18,nan,nan,0.11
11/10/2025 21:48:00,1.17.2,Bandit80,5,4.02,nan,20,80,20,Left,Left,38,42,38,18,nan,nan,0.16
11/10/2025 21:49:30,1.17.2,Bandit80,5,4.02,nan,20,80,20,Right,Left,38,43,38,18,nan,nan,0.08
11/10/2025 21:49:31,1.17.2,Bandit80,5,4.02,nan,20,80,20,RightinTimeout,Left,38,43,38,18,nan,nan,0.00
11/10/2025 21:49:31,1.17.2,Bandit80,5,4.03,nan,20,80,20,RightinTimeout,Left,38,43,38,18,nan,nan,0.00
11/10/2025 21:49:33,1.17.2,Bandit80,5,4.02,nan,20,80,20,RightinTimeout,Left,38,43,38,18,nan,nan,0.00
11/10/2025 21:50:17,1.17.2,Bandit80,5,4.02,nan,20,80,20,Right,Left,38,44,38,18,nan,nan,0.13
11/10/2025 21:50:22,1.17.2,Bandit80,5,4.03,nan,20,80,20,LeftinTimeOut,Left,38,44,38,18,nan,nan,nan
11/10/2025 22:02:17,1.17.2,Bandit80,5,4.02,nan,20,80,20,Right,Left,38,45,38,18,nan,nan,0.04
11/10/2025 22:02:19,1.17.2,Bandit80,5,4.03,nan,20,80,20,RightinTimeout,Left,38,45,38,18,nan,nan,0.00
11/10/2025 22:02:19,1.17.2,Bandit80,5,4.03,nan,20,80,20,RightinTimeout,Left,38,45,38,18,nan,nan,0.00
11/10/2025 22:06:01,1.17.2,Bandit80,5,4.02,nan,20,80,20,Right,Left,38,46,38,18,nan,nan,0.08
11/10/2025 22:06:02,1.17.2,Bandit80,5,4.02,1,20,80,20,Pellet,Left,38,46,39,18,0.41,2090,nan
11/10/2025 22:06:08,1.17.2,Bandit80,5,4.02,nan,20,80,20,Right,Left,38,47,39,19,nan,nan,0.07
11/10/2025 22:06:09,1.17.2,Bandit80,5,4.02,nan,20,80,20,RightinTimeout,Left,38,47,39,19,nan,nan,0.00
11/10/2025 22:06:14,1.17.2,Bandit80,5,4.03,nan,20,80,20,LeftinTimeOut,Left,38,47,39,19,nan,nan,nan
11/10/2025 22:06:20,1.17.2,Bandit80,5,4.02,nan,20,80,20,LeftinTimeOut,Left,38,47,39,19,nan,nan,nan
11/10/2025 22:06:22,1.17.2,Bandit80,5,4.02,nan,20,80,20,LeftinTimeOut,Left,38,47,39,19,nan,nan,nan
11/10/2025 22:06:26,1.17.2,Bandit80,5,4.02,nan,20,80,20,LeftinTimeOut,Left,38,47,39,19,nan,nan,nan
11/10/2025 22:11:26,1.17.2,Bandit80,5,4.02,nan,20,80,20,Right,Left,38,48,39,19,nan,nan,0.20
11/10/2025 22:11:27,1.17.2,Bandit80,5,4.02,nan,20,80,20,RightinTimeout,Left,38,48,39,19,nan,nan,0.00
11/10/2025 22:11:28,1.17.2,Bandit80,5,4.02,nan,20,80,20,RightinTimeout,Left,38,48,39,19,nan,nan,0.00
11/10/2025 22:11:34,1.17.2,Bandit80,5,4.02,nan,20,80,20,RightinTimeout,Left,38,48,39,19,nan,nan,0.00
11/10/2025 22:11:34,1.17.2,Bandit80,5,4.02,nan,20,80,20,RightinTimeout,Left,38,48,39,19,nan,nan,0.00
11/10/2025 22:11:36,1.17.2,Bandit80,5,4.03,nan,20,80,20,RightinTimeout,Left,38,48,39,19,nan,nan,0.00
11/10/2025 22:18:54,1.17.2,Bandit80,5,4.02,nan,20,80,20,Left,Left,39,48,39,19,nan,nan,0.18
11/10/2025 22:18:56,1.17.2,Bandit80,5,4.02,1,20,80,20,Pellet,Left,39,48,40,19,1.07,774,nan
11/10/2025 22:19:06,1.17.2,Bandit80,5,4.02,nan,20,20,80,Left,Right,40,48,40,0,nan,nan,0.08
11/10/2025 22:19:07,1.17.2,Bandit80,5,4.02,nan,20,20,80,LeftinTimeOut,Right,40,48,40,0,nan,nan,nan
11/10/2025 22:19:10,1.17.2,Bandit80,5,4.02,nan,20,20,80,LeftinTimeOut,Right,40,48,40,0,nan,nan,nan
11/10/2025 22:19:12,1.17.2,Bandit80,5,4.02,nan,20,20,80,LeftinTimeOut,Right,40,48,40,0,nan,nan,nan
11/10/2025 22:19:13,1.17.2,Bandit80,5,4.02,nan,20,20,80,LeftinTimeOut,Right,40,48,40,0,nan,nan,nan
11/10/2025 22:21:19,1.17.2,Bandit80,5,4.02,nan,20,20,80,Left,Right,41,48,40,0,nan,nan,0.17
11/10/2025 22:55:39,1.17.2,Bandit80,5,4.02,nan,20,20,80,Right,Right,41,49,40,0,nan,nan,0.21
11/10/2025 22:55:40,1.17.2,Bandit80,5,4.02,nan,20,20,80,RightinTimeout,Right,41,49,40,0,nan,nan,0.00
11/10/2025 23:07:35,1.17.2,Bandit80,5,4.02,nan,20,20,80,Right,Right,41,50,40,0,nan,nan,0.18
11/10/2025 23:07:36,1.17.2,Bandit80,5,4.02,1,20,20,80,Pellet,Right,41,50,41,0,0.53,2920,nan
11/10/2025 23:07:43,1.17.2,Bandit80,5,4.02,nan,20,20,80,Right,Right,41,51,41,1,nan,nan,0.04
11/10/2025 23:07:44,1.17.2,Bandit80,5,4.02,1,20,20,80,Pellet,Right,41,51,42,1,0.47,8,nan
11/10/2025 23:07:54,1.17.2,Bandit80,5,4.02,nan,20,20,80,Right,Right,41,52,42,2,nan,nan,0.04
11/10/2025 23:07:55,1.17.2,Bandit80,5,4.02,1,20,20,80,Pellet,Right,41,52,43,2,0.41,11,nan
11/10/2025 23:08:14,1.17.2,Bandit80,5,4.02,nan,20,20,80,Right,Right,41,53,43,3,nan,nan,0.11
11/10/2025 23:08:15,1.17.2,Bandit80,5,4.02,1,20,20,80,Pellet,Right,41,53,44,3,0.41,20,nan
11/10/2025 23:08:26,1.17.2,Bandit80,5,4.02,nan,20,20,80,Right,Right,41,54,44,4,nan,nan,0.03
11/10/2025 23:08:27,1.17.2,Bandit80,5,4.02,1,20,20,80,Pellet,Right,41,54,45,4,0.35,12,nan
11/10/2025 23:08:41,1.17.2,Bandit80,5,4.02,nan,20,20,80,Right,Right,41,55,45,5,nan,nan,0.07
11/10/2025 23:08:42,1.17.2,Bandit80,5,4.02,1,20,20,80,Pellet,Right,41,55,46,5,0.41,15,nan
11/10/2025 23:08:56,1.17.2,Bandit80,5,4.02,nan,20,20,80,Right,Right,41,56,46,6,nan,nan,0.13
11/10/2025 23:08:58,1.17.2,Bandit80,5,4.02,1,20,20,80,Pellet,Right,41,56,47,6,0.41,16,nan
11/10/2025 23:10:47,1.17.2,Bandit80,5,4.02,nan,20,20,80,Right,Right,41,57,47,7,nan,nan,0.35
11/10/2025 23:10:48,1.17.2,Bandit80,5,4.02,1,20,20,80,Pellet,Right,41,57,48,7,0.35,110,nan
11/10/2025 23:11:01,1.17.2,Bandit80,5,4.02,nan,20,20,80,Right,Right,41,58,48,8,nan,nan,0.01
11/10/2025 23:11:01,1.17.2,Bandit80,5,4.02,nan,20,20,80,RightDuringDispense,Right,41,58,48,8,nan,nan,0.01
11/10/2025 23:11:05,1.17.2,Bandit80,5,4.02,2,20,20,80,Pellet,Right,41,58,49,8,0.35,17,nan
11/10/2025 23:11:21,1.17.2,Bandit80,5,4.02,nan,20,20,80,Left,Right,42,58,49,9,nan,nan,0.10
11/10/2025 23:11:22,1.17.2,Bandit80,5,4.02,1,20,20,80,Pellet,Right,42,58,50,9,0.35,17,nan
11/10/2025 23:23:41,1.17.2,Bandit80,5,4.02,nan,20,20,80,Right,Right,42,59,50,10,nan,nan,0.02
11/10/2025 23:23:42,1.17.2,Bandit80,5,4.02,1,20,20,80,Pellet,Right,42,59,51,10,0.53,740,nan
11/10/2025 23:23:53,1.17.2,Bandit80,5,4.02,nan,20,20,80,Right,Right,42,60,51,11,nan,nan,0.10
11/10/2025 23:23:57,1.17.2,Bandit80,5,4.02,1,20,20,80,Pellet,Right,42,60,52,11,2.81,15,nan
11/10/2025 23:24:28,1.17.2,Bandit80,5,4.02,nan,20,20,80,Right,Right,42,61,52,12,nan,nan,0.02
11/10/2025 23:24:29,1.17.2,Bandit80,5,4.02,1,20,20,80,Pellet,Right,42,61,53,12,0.41,32,nan
11/10/2025 23:24:35,1.17.2,Bandit80,5,4.02,nan,20,20,80,Right,Right,42,62,53,13,nan,nan,0.00
11/10/2025 23:24:36,1.17.2,Bandit80,5,4.02,nan,20,20,80,RightinTimeout,Right,42,62,53,13,nan,nan,0.00
11/10/2025 23:24:37,1.17.2,Bandit80,5,4.02,nan,20,20,80,RightinTimeout,Right,42,62,53,13,nan,nan,0.00
11/10/2025 23:24:39,1.17.2,Bandit80,5,4.02,nan,20,20,80,RightinTimeout,Right,42,62,53,13,nan,nan,0.00
11/10/2025 23:45:21,1.17.2,Bandit80,5,4.02,nan,20,20,80,Right,Right,42,63,53,13,nan,nan,0.03
11/10/2025 23:45:23,1.17.2,Bandit80,5,4.02,1,20,20,80,Pellet,Right,42,63,54,13,0.41,1253,nan
11/10/2025 23:45:31,1.17.2,Bandit80,5,4.02,nan,20,20,80,Right,Right,42,64,54,14,nan,nan,0.08
11/10/2025 23:45:32,1.17.2,Bandit80,5,4.02,nan,20,20,80,RightinTimeout,Right,42,64,54,14,nan,nan,0.00
11/10/2025 23:45:34,1.17.2,Bandit80,5,4.02,nan,20,20,80,RightinTimeout,Right,42,64,54,14,nan,nan,0.00
11/10/2025 23:46:12,1.17.2,Bandit80,5,4.02,nan,20,20,80,Left,Right,43,64,54,14,nan,nan,0.50
11/10/2025 23:55:09,1.17.2,Bandit80,5,4.02,nan,20,20,80,Right,Right,43,65,54,14,nan,nan,0.02
11/10/2025 23:55:11,1.17.2,Bandit80,5,4.02,nan,20,20,80,RightinTimeout,Right,43,65,54,14,nan,nan,0.00
11/10/2025 23:55:16,1.17.2,Bandit80,5,4.02,nan,20,20,80,LeftinTimeOut,Right,43,65,54,14,nan,nan,nan
11/10/2025 23:55:16,1.17.2,Bandit80,5,4.02,nan,20,20,80,LeftinTimeOut,Right,43,65,54,14,nan,nan,nan
11/11/2025 0:05:54,1.17.2,Bandit80,5,4.02,nan,20,20,80,Right,Right,43,66,54,14,nan,nan,0.18
11/11/2025 0:05:55,1.17.2,Bandit80,5,4.02,1,20,20,80,Pellet,Right,43,66,55,14,0.47,1233,nan
11/11/2025 0:06:30,1.17.2,Bandit80,5,4.02,nan,20,20,80,Left,Right,44,66,55,15,nan,nan,0.06
11/11/2025 0:11:36,1.17.2,Bandit80,5,4.02,nan,20,20,80,Right,Right,44,67,55,15,nan,nan,0.60
11/11/2025 0:11:38,1.17.2,Bandit80,5,4.02,1,20,20,80,Pellet,Right,44,67,56,15,0.95,343,nan
11/11/2025 0:14:05,1.17.2,Bandit80,5,4.02,nan,20,20,80,Left,Right,45,67,56,16,nan,nan,0.25
11/11/2025 0:15:10,1.17.2,Bandit80,5,4.01,nan,20,20,80,Left,Right,46,67,56,16,nan,nan,0.00
11/11/2025 0:15:35,1.17.2,Bandit80,5,4.02,nan,20,20,80,Left,Right,47,67,56,16,nan,nan,0.30
11/11/2025 0:15:36,1.17.2,Bandit80,5,4.02,1,20,20,80,Pellet,Right,47,67,57,16,0.53,238,nan
11/11/2025 0:15:47,1.17.2,Bandit80,5,4.02,nan,20,20,80,Right,Right,47,68,57,17,nan,nan,0.45
11/11/2025 0:15:51,1.17.2,Bandit80,5,4.02,2,20,20,80,Pellet,Right,47,68,58,17,0.95,15,nan
11/11/2025 0:16:12,1.17.2,Bandit80,5,4.02,nan,20,20,80,Right,Right,47,69,58,18,nan,nan,0.18
11/11/2025 0:16:13,1.17.2,Bandit80,5,4.02,1,20,20,80,Pellet,Right,47,69,59,18,0.41,22,nan
11/11/2025 0:16:33,1.17.2,Bandit80,5,4.02,nan,20,20,80,Right,Right,47,70,59,19,nan,nan,0.00
11/11/2025 0:16:34,1.17.2,Bandit80,5,4.02,1,20,20,80,Pellet,Right,47,70,60,19,0.35,21,nan
11/11/2025 0:21:18,1.17.2,Bandit80,5,4.02,nan,20,80,20,Left,Left,48,70,60,0,nan,nan,0.30
11/11/2025 0:24:10,1.17.2,Bandit80,5,4.02,nan,20,80,20,Right,Left,48,71,60,0,nan,nan,0.00
11/11/2025 0:30:05,1.17.2,Bandit80,5,4.02,nan,20,80,20,Right,Left,48,72,60,0,nan,nan,0.07
11/11/2025 0:40:05,1.17.2,Bandit80,5,4.02,nan,20,80,20,Right,Left,48,73,60,0,nan,nan,0.16
11/11/2025 0:43:26,1.17.2,Bandit80,5,4.02,nan,20,80,20,Right,Left,48,74,60,0,nan,nan,0.00
11/11/2025 0:43:42,1.17.2,Bandit80,5,4.02,1,20,80,20,Pellet,Left,48,74,61,0,14.45,1627,nan
11/11/2025 0:43:49,1.17.2,Bandit80,5,4.02,nan,20,80,20,Right,Left,48,75,61,1,nan,nan,0.03
11/11/2025 0:43:53,1.17.2,Bandit80,5,4.02,nan,20,80,20,RightinTimeout,Left,48,75,61,1,nan,nan,0.00
11/11/2025 0:43:54,1.17.2,Bandit80,5,4.02,nan,20,80,20,RightinTimeout,Left,48,75,61,1,nan,nan,0.00
11/11/2025 0:44:45,1.17.2,Bandit80,5,4.02,nan,20,80,20,Right,Left,48,76,61,1,nan,nan,0.12
11/11/2025 0:44:46,1.17.2,Bandit80,5,4.02,1,20,80,20,Pellet,Left,48,76,62,1,0.17,65,nan
11/11/2025 0:45:43,1.17.2,Bandit80,5,4.02,nan,20,80,20,Right,Left,48,77,62,2,nan,nan,0.03
11/11/2025 0:46:22,1.17.2,Bandit80,5,4.02,nan,20,80,20,Left,Left,49,77,62,2,nan,nan,0.22
11/11/2025 0:46:24,1.17.2,Bandit80,5,4.02,1,20,80,20,Pellet,Left,49,77,63,2,1.01,98,nan
11/11/2025 0:46:32,1.17.2,Bandit80,5,4.02,nan,20,80,20,Left,Left,50,77,63,3,nan,nan,0.13
11/11/2025 0:46:33,1.17.2,Bandit80,5,4.02,1,20,80,20,Pellet,Left,50,77,64,3,0.23,9,nan
11/11/2025 0:47:03,1.17.2,Bandit80,5,4.02,nan,20,80,20,Left,Left,51,77,64,4,nan,nan,0.06
11/11/2025 0:47:04,1.17.2,Bandit80,5,4.02,1,20,80,20,Pellet,Left,51,77,65,4,0.41,31,nan
11/11/2025 0:47:13,1.17.2,Bandit80,5,4.02,nan,20,80,20,Right,Left,51,78,65,5,nan,nan,0.07
11/11/2025 0:47:14,1.17.2,Bandit80,5,4.02,1,20,80,20,Pellet,Left,51,78,66,5,0.35,10,nan
11/11/2025 0:48:10,1.17.2,Bandit80,5,4.02,nan,20,80,20,Right,Left,51,79,66,6,nan,nan,0.06
11/11/2025 0:48:14,1.17.2,Bandit80,5,4.02,nan,20,80,20,LeftinTimeOut,Left,51,79,66,6,nan,nan,nan
11/11/2025 0:48:17,1.17.2,Bandit80,5,4.01,nan,20,80,20,RightinTimeout,Left,51,79,66,6,nan,nan,0.00
11/11/2025 0:48:19,1.17.2,Bandit80,5,4.02,nan,20,80,20,RightinTimeout,Left,51,79,66,6,nan,nan,0.00
11/11/2025 1:02:30,1.17.2,Bandit80,5,4.02,nan,20,80,20,Right,Left,51,80,66,6,nan,nan,0.17
11/11/2025 1:03:14,1.17.2,Bandit80,5,4.02,nan,20,80,20,Left,Left,52,80,66,6,nan,nan,0.05
11/11/2025 1:03:14,1.17.2,Bandit80,5,4.01,nan,20,80,20,LeftDuringDispense,Left,52,80,66,6,nan,nan,0.06
11/11/2025 1:03:16,1.17.2,Bandit80,5,4.02,2,20,80,20,Pellet,Left,52,80,67,6,0.06,962,nan
11/11/2025 1:46:15,1.17.2,Bandit80,5,4.02,nan,20,80,20,Left,Left,53,80,67,7,nan,nan,0.46
11/11/2025 1:46:16,1.17.2,Bandit80,5,4.01,1,20,80,20,Pellet,Left,53,80,68,7,0.47,2580,nan
11/11/2025 1:46:29,1.17.2,Bandit80,5,4.01,nan,20,80,20,Right,Left,53,81,68,8,nan,nan,0.07
11/11/2025 1:46:31,1.17.2,Bandit80,5,4.01,1,20,80,20,Pellet,Left,53,81,69,8,0.53,15,nan
11/11/2025 1:46:57,1.17.2,Bandit80,5,4.02,nan,20,80,20,Right,Left,53,82,69,9,nan,nan,0.03
11/11/2025 1:46:58,1.17.2,Bandit80,5,4.01,1,20,80,20,Pellet,Left,53,82,70,9,0.47,27,nan
11/11/2025 1:47:04,1.17.2,Bandit80,5,4.02,nan,20,80,20,Right,Left,53,83,70,10,nan,nan,0.02
11/11/2025 1:47:06,1.17.2,Bandit80,5,4.02,1,20,80,20,Pellet,Left,53,83,71,10,0.53,7,nan
11/11/2025 1:47:13,1.17.2,Bandit80,5,4.02,nan,20,80,20,Right,Left,53,84,71,11,nan,nan,0.09
11/11/2025 1:47:17,1.17.2,Bandit80,5,4.02,nan,20,80,20,RightinTimeout,Left,53,84,71,11,nan,nan,0.00
11/11/2025 1:59:24,1.17.2,Bandit80,5,4.02,nan,20,80,20,Right,Left,53,85,71,11,nan,nan,0.16
11/11/2025 2:12:47,1.17.2,Bandit80,5,4.01,nan,20,80,20,Right,Left,53,86,71,11,nan,nan,0.08
11/11/2025 2:13:06,1.17.2,Bandit80,5,4.01,nan,20,80,20,Right,Left,53,87,71,11,nan,nan,0.04
11/11/2025 2:13:07,1.17.2,Bandit80,5,4.01,nan,20,80,20,RightinTimeout,Left,53,87,71,11,nan,nan,0.00
11/11/2025 2:32:59,1.17.2,Bandit80,5,4.01,nan,20,80,20,Right,Left,53,88,71,11,nan,nan,0.15
11/11/2025 2:33:00,1.17.2,Bandit80,5,4.01,nan,20,80,20,RightinTimeout,Left,53,88,71,11,nan,nan,0.00
11/11/2025 2:33:01,1.17.2,Bandit80,5,4.01,nan,20,80,20,RightinTimeout,Left,53,88,71,11,nan,nan,0.00
11/11/2025 2:48:51,1.17.2,Bandit80,5,4.02,nan,20,80,20,Right,Left,53,89,71,11,nan,nan,0.08
11/11/2025 2:48:52,1.17.2,Bandit80,5,4.01,nan,20,80,20,RightinTimeout,Left,53,89,71,11,nan,nan,0.00
11/11/2025 2:48:52,1.17.2,Bandit80,5,4.01,nan,20,80,20,RightinTimeout,Left,53,89,71,11,nan,nan,0.00
11/11/2025 2:48:53,1.17.2,Bandit80,5,4.01,nan,20,80,20,RightinTimeout,Left,53,89,71,11,nan,nan,0.00
11/11/2025 2:48:54,1.17.2,Bandit80,5,4.01,nan,20,80,20,RightinTimeout,Left,53,89,71,11,nan,nan,0.00
11/11/2025 2:48:57,1.17.2,Bandit80,5,4.02,nan,20,80,20,LeftinTimeOut,Left,53,89,71,11,nan,nan,nan
11/11/2025 2:49:23,1.17.2,Bandit80,5,4.01,nan,20,80,20,Left,Left,54,89,71,11,nan,nan,0.05
11/11/2025 2:49:24,1.17.2,Bandit80,5,4.01,1,20,80,20,Pellet,Left,54,89,72,11,0.41,3739,nan
11/11/2025 2:49:54,1.17.2,Bandit80,5,4.01,nan,20,80,20,Right,Left,54,90,72,12,nan,nan,0.05
11/11/2025 2:49:56,1.17.2,Bandit80,5,4.02,nan,20,80,20,RightinTimeout,Left,54,90,72,12,nan,nan,0.00
11/11/2025 2:49:56,1.17.2,Bandit80,5,4.01,nan,20,80,20,RightinTimeout,Left,54,90,72,12,nan,nan,0.00
11/11/2025 2:49:57,1.17.2,Bandit80,5,4.01,nan,20,80,20,RightinTimeout,Left,54,90,72,12,nan,nan,0.00
11/11/2025 2:49:58,1.17.2,Bandit80,5,4.02,nan,20,80,20,RightinTimeout,Left,54,90,72,12,nan,nan,0.00
11/11/2025 2:50:21,1.17.2,Bandit80,5,4.02,nan,20,80,20,Right,Left,54,91,72,12,nan,nan,0.07
11/11/2025 2:51:59,1.17.2,Bandit80,5,4.01,nan,20,80,20,Right,Left,54,92,72,12,nan,nan,0.07
11/11/2025 2:53:54,1.17.2,Bandit80,5,4.02,nan,20,80,20,Right,Left,54,93,72,12,nan,nan,0.10
11/11/2025 2:53:55,1.17.2,Bandit80,5,4.02,nan,20,80,20,RightDuringDispense,Left,54,93,72,12,nan,nan,0.13
11/11/2025 2:54:00,1.17.2,Bandit80,5,4.01,2,20,80,20,Pellet,Left,54,93,73,12,2.33,276,nan
11/11/2025 2:54:14,1.17.2,Bandit80,5,4.01,nan,20,80,20,Right,Left,54,94,73,13,nan,nan,0.03
11/11/2025 2:54:14,1.17.2,Bandit80,5,4.01,nan,20,80,20,RightDuringDispense,Left,54,94,73,13,nan,nan,0.04
11/11/2025 2:54:17,1.17.2,Bandit80,5,4.01,2,20,80,20,Pellet,Left,54,94,74,13,0.35,17,nan
11/11/2025 2:54:26,1.17.2,Bandit80,5,4.01,nan,20,80,20,Right,Left,54,95,74,14,nan,nan,0.13
11/11/2025 2:54:26,1.17.2,Bandit80,5,4.01,nan,20,80,20,RightinTimeout,Left,54,95,74,14,nan,nan,0.00
11/11/2025 2:54:27,1.17.2,Bandit80,5,4.01,nan,20,80,20,RightinTimeout,Left,54,95,74,14,nan,nan,0.00
11/11/2025 2:54:38,1.17.2,Bandit80,5,4.01,nan,20,80,20,Left,Left,55,95,74,14,nan,nan,0.10
11/11/2025 2:54:39,1.17.2,Bandit80,5,4.01,nan,20,80,20,LeftinTimeOut,Left,55,95,74,14,nan,nan,nan
11/11/2025 2:54:42,1.17.2,Bandit80,5,4.01,nan,20,80,20,RightinTimeout,Left,55,95,74,14,nan,nan,0.00
11/11/2025 2:57:23,1.17.2,Bandit80,5,4.01,nan,20,80,20,Right,Left,55,96,74,14,nan,nan,0.25
11/11/2025 2:59:23,1.17.2,Bandit80,5,4.01,nan,20,80,20,Right,Left,55,97,74,14,nan,nan,0.22
11/11/2025 2:59:24,1.17.2,Bandit80,5,4.01,nan,20,80,20,RightinTimeout,Left,55,97,74,14,nan,nan,0.00
11/11/2025 3:00:51,1.17.2,Bandit80,5,4.01,nan,20,80,20,Left,Left,56,97,74,14,nan,nan,0.18
11/11/2025 3:00:52,1.17.2,Bandit80,5,4.01,1,20,80,20,Pellet,Left,56,97,75,14,0.17,395,nan
11/11/2025 3:01:07,1.17.2,Bandit80,5,4.01,nan,20,80,20,Right,Left,56,98,75,15,nan,nan,0.03
11/11/2025 3:01:08,1.17.2,Bandit80,5,4.01,nan,20,80,20,RightinTimeout,Left,56,98,75,15,nan,nan,0.00
11/11/2025 3:01:08,1.17.2,Bandit80,5,4.02,nan,20,80,20,RightinTimeout,Left,56,98,75,15,nan,nan,0.00
11/11/2025 3:01:15,1.17.2,Bandit80,5,4.02,nan,20,80,20,RightinTimeout,Left,56,98,75,15,nan,nan,0.00
11/11/2025 3:01:20,1.17.2,Bandit80,5,4.01,nan,20,80,20,RightinTimeout,Left,56,98,75,15,nan,nan,0.00
11/11/2025 3:01:20,1.17.2,Bandit80,5,4.01,nan,20,80,20,RightinTimeout,Left,56,98,75,15,nan,nan,0.00
11/11/2025 3:01:20,1.17.2,Bandit80,5,4.01,nan,20,80,20,RightinTimeout,Left,56,98,75,15,nan,nan,0.00
11/11/2025 3:01:21,1.17.2,Bandit80,5,4.01,nan,20,80,20,RightinTimeout,Left,56,98,75,15,nan,nan,0.00
11/11/2025 3:22:02,1.17.2,Bandit80,5,4.01,nan,20,80,20,Left,Left,57,98,75,15,nan,nan,0.11
11/11/2025 3:22:03,1.17.2,Bandit80,5,4.01,1,20,80,20,Pellet,Left,57,98,76,15,0.23,1271,nan
11/11/2025 3:23:38,1.17.2,Bandit80,5,4.01,nan,20,80,20,Left,Left,58,98,76,16,nan,nan,0.03
11/11/2025 3:23:41,1.17.2,Bandit80,5,4.02,2,20,80,20,Pellet,Left,58,98,77,16,0.59,98,nan
11/11/2025 3:24:06,1.17.2,Bandit80,5,4.01,nan,20,80,20,Right,Left,58,99,77,17,nan,nan,0.29
11/11/2025 3:24:08,1.17.2,Bandit80,5,4.01,nan,20,80,20,RightinTimeout,Left,58,99,77,17,nan,nan,0.00
11/11/2025 3:24:16,1.17.2,Bandit80,5,4.01,nan,20,80,20,LeftinTimeOut,Left,58,99,77,17,nan,nan,nan
11/11/2025 3:42:34,1.17.2,Bandit80,5,4.01,nan,20,80,20,Left,Left,59,99,77,17,nan,nan,0.16
11/11/2025 3:42:35,1.17.2,Bandit80,5,4.01,1,20,80,20,Pellet,Left,59,99,78,17,0.41,1134,nan
11/11/2025 3:42:47,1.17.2,Bandit80,5,4.00,nan,20,80,20,Left,Left,60,99,78,18,nan,nan,0.07
11/11/2025 3:42:49,1.17.2,Bandit80,5,4.01,nan,20,80,20,LeftinTimeOut,Left,60,99,78,18,nan,nan,nan
11/11/2025 3:43:03,1.17.2,Bandit80,5,4.00,nan,20,80,20,Right,Left,60,100,78,18,nan,nan,0.92
11/11/2025 3:54:36,1.17.2,Bandit80,5,4.01,nan,20,80,20,Right,Left,60,101,78,18,nan,nan,0.10
11/11/2025 3:54:37,1.17.2,Bandit80,5,4.00,nan,20,80,20,RightinTimeout,Left,60,101,78,18,nan,nan,0.00
11/11/2025 3:54:57,1.17.2,Bandit80,5,4.01,nan,20,80,20,Left,Left,61,101,78,18,nan,nan,0.13
11/11/2025 4:04:46,1.17.2,Bandit80,5,4.01,nan,20,80,20,Right,Left,61,102,78,18,nan,nan,0.16
11/11/2025 4:20:12,1.17.2,Bandit80,5,4.01,nan,20,80,20,Right,Left,61,103,78,18,nan,nan,0.35
11/11/2025 4:20:13,1.17.2,Bandit80,5,4.01,1,20,80,20,Pellet,Left,61,103,79,18,0.23,2258,nan
11/11/2025 4:20:29,1.17.2,Bandit80,5,4.01,nan,20,80,20,Right,Left,61,104,79,19,nan,nan,0.07
11/11/2025 4:20:30,1.17.2,Bandit80,5,4.01,1,20,80,20,Pellet,Left,61,104,80,19,0.41,17,nan
11/11/2025 4:20:37,1.17.2,Bandit80,5,4.01,nan,20,20,80,Right,Right,61,105,80,0,nan,nan,0.02
11/11/2025 4:20:39,1.17.2,Bandit80,5,4.00,1,20,20,80,Pellet,Right,61,105,81,0,0.29,8,nan
11/11/2025 4:20:56,1.17.2,Bandit80,5,4.01,nan,20,20,80,Left,Right,62,105,81,1,nan,nan,0.29
11/11/2025 4:20:58,1.17.2,Bandit80,5,4.01,nan,20,20,80,LeftinTimeOut,Right,62,105,81,1,nan,nan,nan
11/11/2025 4:21:12,1.17.2,Bandit80,5,4.01,nan,20,20,80,Left,Right,63,105,81,1,nan,nan,0.13
11/11/2025 4:27:43,1.17.2,Bandit80,5,4.01,nan,20,20,80,Right,Right,63,106,81,1,nan,nan,0.57
11/11/2025 4:27:44,1.17.2,Bandit80,5,4.01,1,20,20,80,Pellet,Right,63,106,82,1,0.23,426,nan
11/11/2025 4:27:56,1.17.2,Bandit80,5,4.01,nan,20,20,80,Right,Right,63,107,82,2,nan,nan,0.05
11/11/2025 4:27:57,1.17.2,Bandit80,5,4.01,1,20,20,80,Pellet,Right,63,107,83,2,0.65,13,nan
11/11/2025 4:28:15,1.17.2,Bandit80,5,4.01,nan,20,20,80,Left,Right,64,107,83,3,nan,nan,0.15
11/11/2025 4:28:16,1.17.2,Bandit80,5,4.01,nan,20,20,80,LeftinTimeOut,Right,64,107,83,3,nan,nan,nan
11/11/2025 4:30:41,1.17.2,Bandit80,5,4.01,nan,20,20,80,Right,Right,64,108,83,3,nan,nan,0.13
11/11/2025 4:30:41,1.17.2,Bandit80,5,4.00,nan,20,20,80,RightDuringDispense,Right,64,108,83,3,nan,nan,0.00
11/11/2025 4:30:44,1.17.2,Bandit80,5,4.01,2,20,20,80,Pellet,Right,64,108,84,3,0.35,167,nan
11/11/2025 4:33:09,1.17.2,Bandit80,5,4.01,nan,20,20,80,Right,Right,64,109,84,4,nan,nan,0.00
11/11/2025 4:33:09,1.17.2,Bandit80,5,4.01,nan,20,20,80,RightDuringDispense,Right,64,109,84,4,nan,nan,0.01
11/11/2025 4:33:12,1.17.2,Bandit80,5,4.01,2,20,20,80,Pellet,Right,64,109,85,4,0.06,148,nan
11/11/2025 4:33:24,1.17.2,Bandit80,5,4.01,nan,20,20,80,Right,Right,64,110,85,5,nan,nan,0.11
11/11/2025 4:33:25,1.17.2,Bandit80,5,4.01,1,20,20,80,Pellet,Right,64,110,86,5,0.71,13,nan
11/11/2025 4:34:33,1.17.2,Bandit80,5,4.00,nan,20,20,80,Right,Right,64,111,86,6,nan,nan,0.11
11/11/2025 4:34:34,1.17.2,Bandit80,5,4.00,1,20,20,80,Pellet,Right,64,111,87,6,0.29,69,nan
11/11/2025 4:35:19,1.17.2,Bandit80,5,4.01,nan,20,20,80,Left,Right,65,111,87,7,nan,nan,0.06
11/11/2025 4:46:52,1.17.2,Bandit80,5,4.01,nan,20,20,80,Right,Right,65,112,87,7,nan,nan,0.07
11/11/2025 4:46:53,1.17.2,Bandit80,5,4.00,1,20,20,80,Pellet,Right,65,112,88,7,0.23,739,nan
11/11/2025 4:47:06,1.17.2,Bandit80,5,4.00,nan,20,20,80,Left,Right,66,112,88,8,nan,nan,0.06
11/11/2025 4:49:19,1.17.2,Bandit80,5,4.00,nan,20,20,80,Left,Right,67,112,88,8,nan,nan,0.19
11/11/2025 4:49:20,1.17.2,Bandit80,5,4.01,nan,20,20,80,RightinTimeout,Right,67,112,88,8,nan,nan,0.00
11/11/2025 4:49:20,1.17.2,Bandit80,5,4.00,nan,20,20,80,RightinTimeout,Right,67,112,88,8,nan,nan,0.00
11/11/2025 4:53:30,1.17.2,Bandit80,5,4.01,nan,20,20,80,Left,Right,68,112,88,8,nan,nan,0.12
11/11/2025 4:53:31,1.17.2,Bandit80,5,4.00,1,20,20,80,Pellet,Right,68,112,89,8,0.95,398,nan
11/11/2025 4:53:51,1.17.2,Bandit80,5,4.00,nan,20,20,80,Left,Right,69,112,89,9,nan,nan,0.27
11/11/2025 4:53:54,1.17.2,Bandit80,5,4.00,nan,20,20,80,RightinTimeout,Right,69,112,89,9,nan,nan,0.00
11/11/2025 4:54:55,1.17.2,Bandit80,5,4.01,nan,20,20,80,Left,Right,70,112,89,9,nan,nan,0.13
11/11/2025 4:55:18,1.17.2,Bandit80,5,4.01,nan,20,20,80,Right,Right,70,113,89,9,nan,nan,0.47
11/11/2025 4:56:01,1.17.2,Bandit80,5,4.00,nan,20,20,80,Left,Right,71,113,89,9,nan,nan,0.04
11/11/2025 4:56:05,1.17.2,Bandit80,5,4.00,nan,20,20,80,RightinTimeout,Right,71,113,89,9,nan,nan,0.00
11/11/2025 4:56:10,1.17.2,Bandit80,5,4.01,nan,20,20,80,LeftinTimeOut,Right,71,113,89,9,nan,nan,nan
11/11/2025 4:57:03,1.17.2,Bandit80,5,4.00,nan,20,20,80,Right,Right,71,114,89,9,nan,nan,0.12
11/11/2025 4:57:04,1.17.2,Bandit80,5,4.01,1,20,20,80,Pellet,Right,71,114,90,9,0.35,213,nan
11/11/2025 4:57:09,1.17.2,Bandit80,5,4.00,nan,20,20,80,Right,Right,71,115,90,10,nan,nan,0.08
11/11/2025 4:57:10,1.17.2,Bandit80,5,4.00,1,20,20,80,Pellet,Right,71,115,91,10,0.41,6,nan
11/11/2025 4:57:19,1.17.2,Bandit80,5,4.01,nan,20,20,80,Right,Right,71,116,91,11,nan,nan,0.14
11/11/2025 4:57:24,1.17.2,Bandit80,5,4.00,1,20,20,80,Pellet,Right,71,116,92,11,4.25,14,nan
11/11/2025 4:58:20,1.17.2,Bandit80,5,4.01,nan,20,20,80,Left,Right,72,116,92,12,nan,nan,0.09
11/11/2025 4:58:26,1.17.2,Bandit80,5,4.01,nan,20,20,80,LeftinTimeOut,Right,72,116,92,12,nan,nan,nan
11/11/2025 5:11:46,1.17.2,Bandit80,5,4.00,nan,20,20,80,Left,Right,73,116,92,12,nan,nan,0.15
11/11/2025 5:11:54,1.17.2,Bandit80,5,4.00,nan,20,20,80,LeftinTimeOut,Right,73,116,92,12,nan,nan,nan
11/11/2025 5:11:57,1.17.2,Bandit80,5,4.01,nan,20,20,80,LeftinTimeOut,Right,73,116,92,12,nan,nan,nan
11/11/2025 5:11:57,1.17.2,Bandit80,5,4.00,nan,20,20,80,LeftinTimeOut,Right,73,116,92,12,nan,nan,nan
11/11/2025 5:15:13,1.17.2,Bandit80,5,4.00,nan,20,20,80,Right,Right,73,117,92,12,nan,nan,0.12
11/11/2025 5:15:14,1.17.2,Bandit80,5,4.00,nan,20,20,80,RightDuringDispense,Right,73,117,92,12,nan,nan,0.05
11/11/2025 5:15:18,1.17.2,Bandit80,5,4.01,2,20,20,80,Pellet,Right,73,117,93,12,1.49,1074,nan
11/11/2025 5:15:28,1.17.2,Bandit80,5,4.01,nan,20,20,80,Right,Right,73,118,93,13,nan,nan,0.12
11/11/2025 5:15:29,1.17.2,Bandit80,5,4.01,1,20,20,80,Pellet,Right,73,118,94,13,0.35,11,nan
11/11/2025 5:19:29,1.17.2,Bandit80,5,4.01,nan,20,20,80,Right,Right,73,119,94,14,nan,nan,0.05
11/11/2025 5:19:30,1.17.2,Bandit80,5,4.01,1,20,20,80,Pellet,Right,73,119,95,14,0.83,241,nan
11/11/2025 5:19:38,1.17.2,Bandit80,5,4.00,nan,20,20,80,Right,Right,73,120,95,15,nan,nan,0.11
11/11/2025 5:28:47,1.17.2,Bandit80,5,4.00,nan,20,20,80,Right,Right,73,121,95,15,nan,nan,0.21
11/11/2025 5:28:48,1.17.2,Bandit80,5,4.01,1,20,20,80,Pellet,Right,73,121,96,15,0.29,558,nan
11/11/2025 5:31:09,1.17.2,Bandit80,5,4.01,nan,20,20,80,Right,Right,73,122,96,16,nan,nan,0.20
11/11/2025 5:31:10,1.17.2,Bandit80,5,4.01,1,20,20,80,Pellet,Right,73,122,97,16,0.23,142,nan
11/11/2025 5:31:58,1.17.2,Bandit80,5,4.01,nan,20,20,80,Left,Right,74,122,97,17,nan,nan,0.08
11/11/2025 5:31:59,1.17.2,Bandit80,5,4.00,2,20,20,80,Pellet,Right,74,122,98,17,0.11,49,nan
11/11/2025 5:32:09,1.17.2,Bandit80,5,4.01,nan,20,20,80,Right,Right,74,123,98,18,nan,nan,0.21
11/11/2025 5:37:59,1.17.2,Bandit80,5,4.01,nan,20,20,80,Left,Right,75,123,98,18,nan,nan,0.06
11/11/2025 5:38:14,1.17.2,Bandit80,5,4.00,nan,20,20,80,Right,Right,75,124,98,18,nan,nan,0.06
11/11/2025 5:38:15,1.17.2,Bandit80,5,4.00,1,20,20,80,Pellet,Right,75,124,99,18,0.23,376,nan
11/11/2025 5:38:20,1.17.2,Bandit80,5,4.01,nan,20,20,80,Right,Right,75,125,99,19,nan,nan,0.05
11/11/2025 5:38:21,1.17.2,Bandit80,5,4.00,1,20,20,80,Pellet,Right,75,125,100,19,0.35,6,nan
11/11/2025 5:42:50,1.17.2,Bandit80,5,4.00,nan,20,80,20,Right,Left,75,126,100,0,nan,nan,0.03
11/11/2025 5:48:06,1.17.2,Bandit80,5,4.00,nan,20,80,20,Left,Left,76,126,100,0,nan,nan,0.13
11/11/2025 5:48:07,1.17.2,Bandit80,5,4.00,1,20,80,20,Pellet,Left,76,126,101,0,0.29,586,nan
11/11/2025 5:55:12,1.17.2,Bandit80,5,4.00,nan,20,80,20,Right,Left,76,127,101,1,nan,nan,0.04
11/11/2025 5:56:32,1.17.2,Bandit80,5,4.01,nan,20,80,20,Left,Left,77,127,101,1,nan,nan,0.10
11/11/2025 5:56:33,1.17.2,Bandit80,5,4.00,2,20,80,20,Pellet,Left,77,127,102,1,0.29,506,nan
11/11/2025 5:56:40,1.17.2,Bandit80,5,4.00,nan,20,80,20,Right,Left,77,128,102,2,nan,nan,0.06
11/11/2025 5:56:42,1.17.2,Bandit80,5,4.00,1,20,80,20,Pellet,Left,77,128,103,2,0.35,8,nan
11/11/2025 6:17:00,1.17.2,Bandit80,5,4.00,nan,20,80,20,Right,Left,77,129,103,3,nan,nan,0.07
11/11/2025 7:47:20,1.17.2,Bandit80,5,4.00,nan,20,80,20,Left,Left,78,129,103,3,nan,nan,0.05
11/11/2025 7:47:22,1.17.2,Bandit80,5,4.00,1,20,80,20,Pellet,Left,78,129,104,3,0.41,6641,nan
11/11/2025 7:47:43,1.17.2,Bandit80,5,4.00,nan,20,80,20,Left,Left,79,129,104,4,nan,nan,0.01
11/11/2025 7:47:44,1.17.2,Bandit80,5,4.00,1,20,80,20,Pellet,Left,79,129,105,4,0.41,22,nan
11/11/2025 7:47:55,1.17.2,Bandit80,5,4.00,nan,20,80,20,Left,Left,80,129,105,5,nan,nan,0.02
11/11/2025 7:47:56,1.17.2,Bandit80,5,4.00,1,20,80,20,Pellet,Left,80,129,106,5,0.59,12,nan
11/11/2025 7:48:11,1.17.2,Bandit80,5,4.00,nan,20,80,20,Left,Left,81,129,106,6,nan,nan,0.29
11/11/2025 7:48:11,1.17.2,Bandit80,5,4.00,nan,20,80,20,LeftinTimeOut,Left,81,129,106,6,nan,nan,nan
11/11/2025 7:48:12,1.17.2,Bandit80,5,4.00,nan,20,80,20,LeftinTimeOut,Left,81,129,106,6,nan,nan,nan
11/11/2025 7:48:16,1.17.2,Bandit80,5,4.00,nan,20,80,20,LeftinTimeOut,Left,81,129,106,6,nan,nan,nan
11/11/2025 7:48:17,1.17.2,Bandit80,5,4.00,nan,20,80,20,LeftinTimeOut,Left,81,129,106,6,nan,nan,nan
11/11/2025 7:48:18,1.17.2,Bandit80,5,4.00,nan,20,80,20,LeftinTimeOut,Left,81,129,106,6,nan,nan,nan
11/11/2025 9:10:33,1.17.2,Bandit80,5,4.00,nan,20,80,20,Right,Left,81,130,106,6,nan,nan,0.20
11/11/2025 9:10:37,1.17.2,Bandit80,5,3.99,nan,20,80,20,RightinTimeout,Left,81,130,106,6,nan,nan,0.00
11/11/2025 9:11:00,1.17.2,Bandit80,5,4.00,nan,20,80,20,Left,Left,82,130,106,6,nan,nan,1.08
11/11/2025 9:11:01,1.17.2,Bandit80,5,4.00,1,20,80,20,Pellet,Left,82,130,107,6,0.59,4985,nan
11/11/2025 9:11:37,1.17.2,Bandit80,5,4.00,nan,20,80,20,Right,Left,82,131,107,7,nan,nan,0.00
11/11/2025 11:18:53,1.17.2,Bandit80,5,4.00,nan,20,80,20,Right,Left,82,132,107,7,nan,nan,0.32
11/11/2025 11:18:54,1.17.2,Bandit80,5,3.99,nan,20,80,20,RightinTimeout,Left,82,132,107,7,nan,nan,0.00
11/11/2025 11:18:54,1.17.2,Bandit80,5,3.99,nan,20,80,20,RightinTimeout,Left,82,132,107,7,nan,nan,0.00
11/11/2025 11:20:35,1.17.2,Bandit80,5,3.99,nan,20,80,20,Left,Left,83,132,107,7,nan,nan,0.04
11/11/2025 11:20:36,1.17.2,Bandit80,5,3.99,1,20,80,20,Pellet,Left,83,132,108,7,0.53,7775,nan
11/11/2025 11:20:47,1.17.2,Bandit80,5,4.00,nan,20,80,20,Left,Left,84,132,108,8,nan,nan,0.21
11/11/2025 11:20:48,1.17.2,Bandit80,5,3.99,1,20,80,20,Pellet,Left,84,132,109,8,0.35,12,nan
11/11/2025 15:21:29,1.17.2,Bandit80,5,3.98,nan,20,80,20,Right,Left,84,133,109,9,nan,nan,0.09
11/11/2025 15:21:32,1.17.2,Bandit80,5,3.98,nan,20,80,20,RightinTimeout,Left,84,133,109,9,nan,nan,0.00
11/11/2025 15:21:33,1.17.2,Bandit80,5,3.98,nan,20,80,20,RightinTimeout,Left,84,133,109,9,nan,nan,0.00
11/11/2025 15:21:33,1.17.2,Bandit80,5,3.98,nan,20,80,20,RightinTimeout,Left,84,133,109,9,nan,nan,0.00
11/11/2025 15:21:33,1.17.2,Bandit80,5,3.98,nan,20,80,20,RightinTimeout,Left,84,133,109,9,nan,nan,0.00
11/11/2025 15:21:34,1.17.2,Bandit80,5,3.98,nan,20,80,20,RightinTimeout,Left,84,133,109,9,nan,nan,0.00
11/11/2025 15:21:48,1.17.2,Bandit80,5,3.99,nan,20,80,20,Left,Left,85,133,109,9,nan,nan,0.10
11/11/2025 15:21:49,1.17.2,Bandit80,5,3.98,1,20,80,20,Pellet,Left,85,133,110,9,0.35,14461,nan
11/11/2025 15:21:59,1.17.2,Bandit80,5,3.98,nan,20,80,20,Left,Left,86,133,110,10,nan,nan,0.15
11/11/2025 15:22:00,1.17.2,Bandit80,5,3.98,1,20,80,20,Pellet,Left,86,133,111,10,0.35,11,nan
11/11/2025 15:22:14,1.17.2,Bandit80,5,3.98,nan,20,80,20,Left,Left,87,133,111,11,nan,nan,0.04
11/11/2025 15:22:14,1.17.2,Bandit80,5,3.99,nan,20,80,20,LeftinTimeOut,Left,87,133,111,11,nan,nan,nan
11/11/2025 15:22:15,1.17.2,Bandit80,5,3.98,nan,20,80,20,LeftinTimeOut,Left,87,133,111,11,nan,nan,nan
11/11/2025 15:22:16,1.17.2,Bandit80,5,3.98,nan,20,80,20,LeftinTimeOut,Left,87,133,111,11,nan,nan,nan
11/11/2025 15:22:22,1.17.2,Bandit80,5,3.98,nan,20,80,20,LeftinTimeOut,Left,87,133,111,11,nan,nan,nan
11/11/2025 15:22:23,1.17.2,Bandit80,5,3.98,nan,20,80,20,LeftinTimeOut,Left,87,133,111,11,nan,nan,nan
11/11/2025 15:22:24,1.17.2,Bandit80,5,3.98,nan,20,80,20,LeftinTimeOut,Left,87,133,111,11,nan,nan,nan
11/11/2025 15:22:24,1.17.2,Bandit80,5,3.98,nan,20,80,20,LeftinTimeOut,Left,87,133,111,11,nan,nan,nan
11/11/2025 15:23:33,1.17.2,Bandit80,5,3.98,nan,20,80,20,Left,Left,88,133,111,11,nan,nan,0.35
11/11/2025 15:23:35,1.17.2,Bandit80,5,3.98,nan,20,80,20,LeftinTimeOut,Left,88,133,111,11,nan,nan,nan
11/11/2025 15:23:36,1.17.2,Bandit80,5,3.98,nan,20,80,20,LeftinTimeOut,Left,88,133,111,11,nan,nan,nan
11/11/2025 17:12:24,1.17.2,Bandit80,5,3.98,nan,20,80,20,Left,Left,89,133,111,11,nan,nan,0.14
11/11/2025 17:12:25,1.17.2,Bandit80,5,3.98,1,20,80,20,Pellet,Left,89,133,112,11,0.53,6625,nan
11/11/2025 17:12:36,1.17.2,Bandit80,5,3.98,nan,20,80,20,Left,Left,90,133,112,12,nan,nan,0.14
11/11/2025 17:12:37,1.17.2,Bandit80,5,3.98,1,20,80,20,Pellet,Left,90,133,113,12,0.35,12,nan
11/11/2025 17:12:50,1.17.2,Bandit80,5,3.98,nan,20,80,20,Left,Left,91,133,113,13,nan,nan,0.16
11/11/2025 17:12:52,1.17.2,Bandit80,5,3.98,1,20,80,20,Pellet,Left,91,133,114,13,1.37,15,nan
11/11/2025 17:13:09,1.17.2,Bandit80,5,3.98,nan,20,80,20,Left,Left,92,133,114,14,nan,nan,0.12
11/11/2025 17:13:10,1.17.2,Bandit80,5,3.98,1,20,80,20,Pellet,Left,92,133,115,14,0.29,18,nan
11/11/2025 17:13:19,1.17.2,Bandit80,5,3.98,nan,20,80,20,Left,Left,93,133,115,15,nan,nan,0.03
11/11/2025 17:13:23,1.17.2,Bandit80,5,3.98,nan,20,80,20,RightinTimeout,Left,93,133,115,15,nan,nan,0.00
11/11/2025 17:13:23,1.17.2,Bandit80,5,3.98,nan,20,80,20,RightinTimeout,Left,93,133,115,15,nan,nan,0.00
11/11/2025 17:13:24,1.17.2,Bandit80,5,3.98,nan,20,80,20,RightinTimeout,Left,93,133,115,15,nan,nan,0.00
11/11/2025 17:13:24,1.17.2,Bandit80,5,3.98,nan,20,80,20,RightinTimeout,Left,93,133,115,15,nan,nan,0.00
11/11/2025 17:13:24,1.17.2,Bandit80,5,3.98,nan,20,80,20,RightinTimeout,Left,93,133,115,15,nan,nan,0.00
11/11/2025 17:13:25,1.17.2,Bandit80,5,3.98,nan,20,80,20,RightinTimeout,Left,93,133,115,15,nan,nan,0.00
11/11/2025 17:13:26,1.17.2,Bandit80,5,3.98,nan,20,80,20,RightinTimeout,Left,93,133,115,15,nan,nan,0.00
11/11/2025 17:13:27,1.17.2,Bandit80,5,3.98,nan,20,80,20,RightinTimeout,Left,93,133,115,15,nan,nan,0.00
11/11/2025 17:13:27,1.17.2,Bandit80,5,3.98,nan,20,80,20,RightinTimeout,Left,93,133,115,15,nan,nan,0.00
11/11/2025 17:13:30,1.17.2,Bandit80,5,3.98,nan,20,80,20,RightinTimeout,Left,93,133,115,15,nan,nan,0.00
11/11/2025 18:12:38,1.17.2,Bandit80,5,3.98,nan,20,80,20,Right,Left,93,134,115,15,nan,nan,0.07
11/11/2025 18:12:40,1.17.2,Bandit80,5,3.98,nan,20,80,20,RightinTimeout,Left,93,134,115,15,nan,nan,0.00
11/11/2025 18:12:40,1.17.2,Bandit80,5,3.98,nan,20,80,20,RightinTimeout,Left,93,134,115,15,nan,nan,0.00
11/11/2025 18:12:45,1.17.2,Bandit80,5,3.98,nan,20,80,20,LeftinTimeOut,Left,93,134,115,15,nan,nan,nan
11/11/2025 18:12:46,1.17.2,Bandit80,5,3.97,nan,20,80,20,LeftinTimeOut,Left,93,134,115,15,nan,nan,nan
11/11/2025 18:12:47,1.17.2,Bandit80,5,3.98,nan,20,80,20,LeftinTimeOut,Left,93,134,115,15,nan,nan,nan
11/11/2025 18:14:12,1.17.2,Bandit80,5,3.98,nan,20,80,20,Left,Left,94,134,115,15,nan,nan,0.05
11/11/2025 18:14:14,1.17.2,Bandit80,5,3.98,1,20,80,20,Pellet,Left,94,134,116,15,0.83,3664,nan
11/11/2025 18:14:24,1.17.2,Bandit80,5,3.98,nan,20,80,20,Right,Left,94,135,116,16,nan,nan,0.12
11/11/2025 18:15:59,1.17.2,Bandit80,5,3.97,nan,20,80,20,Left,Left,95,135,116,16,nan,nan,0.26
11/11/2025 18:16:00,1.17.2,Bandit80,5,3.98,1,20,80,20,Pellet,Left,95,135,117,16,0.29,106,nan
11/11/2025 18:19:47,1.17.2,Bandit80,5,3.98,nan,20,80,20,Right,Left,95,136,117,17,nan,nan,0.04
11/11/2025 18:19:48,1.17.2,Bandit80,5,3.98,nan,20,80,20,RightinTimeout,Left,95,136,117,17,nan,nan,0.00
11/11/2025 18:19:49,1.17.2,Bandit80,5,3.98,nan,20,80,20,RightinTimeout,Left,95,136,117,17,nan,nan,0.00
11/11/2025 18:19:50,1.17.2,Bandit80,5,3.98,nan,20,80,20,RightinTimeout,Left,95,136,117,17,nan,nan,0.00
11/11/2025 18:19:53,1.17.2,Bandit80,5,3.98,nan,20,80,20,LeftinTimeOut,Left,95,136,117,17,nan,nan,nan
11/11/2025 18:33:23,1.17.2,Bandit80,5,3.98,nan,20,80,20,Right,Left,95,137,117,17,nan,nan,0.06
11/11/2025 18:33:23,1.17.2,Bandit80,5,3.98,nan,20,80,20,RightinTimeout,Left,95,137,117,17,nan,nan,0.00
11/11/2025 18:33:24,1.17.2,Bandit80,5,3.97,nan,20,80,20,RightinTimeout,Left,95,137,117,17,nan,nan,0.00
11/11/2025 18:33:25,1.17.2,Bandit80,5,3.98,nan,20,80,20,RightinTimeout,Left,95,137,117,17,nan,nan,0.00
11/11/2025 18:33:29,1.17.2,Bandit80,5,3.98,nan,20,80,20,LeftinTimeOut,Left,95,137,117,17,nan,nan,nan
11/11/2025 18:34:27,1.17.2,Bandit80,5,3.98,nan,20,80,20,Right,Left,95,138,117,17,nan,nan,0.10
11/11/2025 18:34:30,1.17.2,Bandit80,5,3.98,nan,20,80,20,RightinTimeout,Left,95,138,117,17,nan,nan,0.00
11/11/2025 18:34:32,1.17.2,Bandit80,5,3.98,nan,20,80,20,RightinTimeout,Left,95,138,117,17,nan,nan,0.00
11/11/2025 18:34:32,1.17.2,Bandit80,5,3.98,nan,20,80,20,RightinTimeout,Left,95,138,117,17,nan,nan,0.00
11/11/2025 18:34:32,1.17.2,Bandit80,5,3.98,nan,20,80,20,RightinTimeout,Left,95,138,117,17,nan,nan,0.00
11/11/2025 18:34:36,1.17.2,Bandit80,5,3.97,nan,20,80,20,LeftinTimeOut,Left,95,138,117,17,nan,nan,nan
11/11/2025 18:35:56,1.17.2,Bandit80,5,3.98,nan,20,80,20,Left,Left,96,138,117,17,nan,nan,0.19
11/11/2025 18:35:56,1.17.2,Bandit80,5,3.98,nan,20,80,20,LeftDuringDispense,Left,96,138,117,17,nan,nan,0.00
11/11/2025 18:35:58,1.17.2,Bandit80,5,3.98,2,20,80,20,Pellet,Left,96,138,118,17,0.06,1198,nan
11/11/2025 18:36:21,1.17.2,Bandit80,5,3.98,nan,20,80,20,Left,Left,97,138,118,18,nan,nan,0.22
11/11/2025 18:36:22,1.17.2,Bandit80,5,3.98,1,20,80,20,Pellet,Left,97,138,119,18,0.41,24,nan
11/11/2025 18:36:34,1.17.2,Bandit80,5,3.98,nan,20,80,20,Left,Left,98,138,119,19,nan,nan,0.06
11/11/2025 18:36:35,1.17.2,Bandit80,5,3.98,1,20,80,20,Pellet,Left,98,138,120,19,0.59,13,nan
11/11/2025 18:36:45,1.17.2,Bandit80,5,3.98,nan,20,20,80,Left,Right,99,138,120,0,nan,nan,0.11
11/11/2025 18:36:46,1.17.2,Bandit80,5,3.98,1,20,20,80,Pellet,Right,99,138,121,0,0.35,11,nan
11/11/2025 18:36:54,1.17.2,Bandit80,5,3.98,nan,20,20,80,Left,Right,100,138,121,1,nan,nan,0.11
11/11/2025 18:36:55,1.17.2,Bandit80,5,3.98,1,20,20,80,Pellet,Right,100,138,122,1,0.29,9,nan
11/11/2025 18:37:07,1.17.2,Bandit80,5,3.98,nan,20,20,80,Left,Right,101,138,122,2,nan,nan,0.08
11/11/2025 18:37:08,1.17.2,Bandit80,5,3.98,1,20,20,80,Pellet,Right,101,138,123,2,0.47,13,nan
11/11/2025 18:37:21,1.17.2,Bandit80,5,3.98,nan,20,20,80,Left,Right,102,138,123,3,nan,nan,0.03
11/11/2025 18:37:25,1.17.2,Bandit80,5,3.98,nan,20,20,80,LeftinTimeOut,Right,102,138,123,3,nan,nan,nan
11/11/2025 18:37:48,1.17.2,Bandit80,5,3.98,nan,20,20,80,Right,Right,102,139,123,3,nan,nan,0.29
11/11/2025 18:37:49,1.17.2,Bandit80,5,3.98,1,20,20,80,Pellet,Right,102,139,124,3,0.41,41,nan
11/11/2025 18:38:10,1.17.2,Bandit80,5,3.98,nan,20,20,80,Right,Right,102,140,124,4,nan,nan,0.24
11/11/2025 18:38:12,1.17.2,Bandit80,5,3.98,1,20,20,80,Pellet,Right,102,140,125,4,0.71,23,nan
11/11/2025 18:47:31,1.17.2,Bandit80,5,3.97,nan,20,20,80,Right,Right,102,141,125,5,nan,nan,0.34
11/11/2025 18:47:33,1.17.2,Bandit80,5,3.98,1,20,20,80,Pellet,Right,102,141,126,5,1.01,561,nan
11/11/2025 18:47:44,1.17.2,Bandit80,5,3.98,nan,20,20,80,Right,Right,102,142,126,6,nan,nan,0.33
11/11/2025 18:47:45,1.17.2,Bandit80,5,3.98,nan,20,20,80,RightDuringDispense,Right,102,142,126,6,nan,nan,0.09
11/11/2025 18:47:48,1.17.2,Bandit80,5,3.98,2,20,20,80,Pellet,Right,102,142,127,6,0.35,15,nan
11/11/2025 18:48:02,1.17.2,Bandit80,5,3.97,nan,20,20,80,Right,Right,102,143,127,7,nan,nan,0.09
11/11/2025 18:48:03,1.17.2,Bandit80,5,3.98,1,20,20,80,Pellet,Right,102,143,128,7,0.35,15,nan
11/11/2025 19:07:09,1.17.2,Bandit80,5,3.98,nan,20,20,80,Left,Right,103,143,128,8,nan,nan,0.02
11/11/2025 19:07:10,1.17.2,Bandit80,5,3.97,1,20,20,80,Pellet,Right,103,143,129,8,0.23,1146,nan
11/11/2025 19:08:47,1.17.2,Bandit80,5,3.97,nan,20,20,80,Left,Right,104,143,129,9,nan,nan,0.06
11/11/2025 19:08:47,1.17.2,Bandit80,5,3.97,nan,20,20,80,LeftinTimeOut,Right,104,143,129,9,nan,nan,nan
11/11/2025 19:08:47,1.17.2,Bandit80,5,3.98,nan,20,20,80,LeftinTimeOut,Right,104,143,129,9,nan,nan,nan
11/11/2025 19:08:48,1.17.2,Bandit80,5,3.98,nan,20,20,80,LeftinTimeOut,Right,104,143,129,9,nan,nan,nan
11/11/2025 19:08:49,1.17.2,Bandit80,5,3.98,nan,20,20,80,LeftinTimeOut,Right,104,143,129,9,nan,nan,nan
11/11/2025 19:08:51,1.17.2,Bandit80,5,3.98,nan,20,20,80,RightinTimeout,Right,104,143,129,9,nan,nan,0.00
11/11/2025 19:08:52,1.17.2,Bandit80,5,3.97,nan,20,20,80,RightinTimeout,Right,104,143,129,9,nan,nan,0.00
11/11/2025 19:08:52,1.17.2,Bandit80,5,3.98,nan,20,20,80,RightinTimeout,Right,104,143,129,9,nan,nan,0.00
11/11/2025 19:08:52,1.17.2,Bandit80,5,3.98,nan,20,20,80,RightinTimeout,Right,104,143,129,9,nan,nan,0.00
11/11/2025 19:09:01,1.17.2,Bandit80,5,3.98,nan,20,20,80,LeftinTimeOut,Right,104,143,129,9,nan,nan,nan
11/11/2025 19:09:03,1.17.2,Bandit80,5,3.97,nan,20,20,80,LeftinTimeOut,Right,104,143,129,9,nan,nan,nan
11/11/2025 19:09:48,1.17.2,Bandit80,5,3.97,nan,20,20,80,Left,Right,105,143,129,9,nan,nan,0.01
11/11/2025 19:11:22,1.17.2,Bandit80,5,3.98,nan,20,20,80,Left,Right,106,143,129,9,nan,nan,0.04
11/11/2025 19:13:48,1.17.2,Bandit80,5,3.97,nan,20,20,80,Right,Right,106,144,129,9,nan,nan,0.32
11/11/2025 19:13:49,1.17.2,Bandit80,5,3.98,1,20,20,80,Pellet,Right,106,144,130,9,0.35,400,nan
11/11/2025 19:13:57,1.17.2,Bandit80,5,3.98,nan,20,20,80,Right,Right,106,145,130,10,nan,nan,0.11
11/11/2025 19:13:59,1.17.2,Bandit80,5,3.98,1,20,20,80,Pellet,Right,106,145,131,10,0.59,10,nan
11/11/2025 19:14:16,1.17.2,Bandit80,5,3.97,nan,20,20,80,Right,Right,106,146,131,11,nan,nan,0.08
11/11/2025 19:14:20,1.17.2,Bandit80,5,3.97,nan,20,20,80,LeftinTimeOut,Right,106,146,131,11,nan,nan,nan
11/11/2025 19:14:22,1.17.2,Bandit80,5,3.98,nan,20,20,80,RightinTimeout,Right,106,146,131,11,nan,nan,0.00
11/11/2025 19:14:33,1.17.2,Bandit80,5,3.98,nan,20,20,80,Right,Right,106,147,131,11,nan,nan,0.02
11/11/2025 19:14:33,1.17.2,Bandit80,5,3.98,nan,20,20,80,RightinTimeout,Right,106,147,131,11,nan,nan,0.00
11/11/2025 19:15:07,1.17.2,Bandit80,5,3.98,nan,20,20,80,Left,Right,107,147,131,11,nan,nan,0.16
11/11/2025 19:17:47,1.17.2,Bandit80,5,3.98,nan,20,20,80,Left,Right,108,147,131,11,nan,nan,0.07
11/11/2025 19:17:49,1.17.2,Bandit80,5,3.98,nan,20,20,80,LeftinTimeOut,Right,108,147,131,11,nan,nan,nan
11/11/2025 19:18:48,1.17.2,Bandit80,5,3.97,nan,20,20,80,Left,Right,109,147,131,11,nan,nan,0.14
11/11/2025 19:18:54,1.17.2,Bandit80,5,3.98,nan,20,20,80,LeftinTimeOut,Right,109,147,131,11,nan,nan,nan
11/11/2025 19:31:58,1.17.2,Bandit80,5,3.98,nan,20,20,80,Left,Right,110,147,131,11,nan,nan,0.51
11/11/2025 19:32:10,1.17.2,Bandit80,5,3.97,nan,20,20,80,Left,Right,111,147,131,11,nan,nan,0.03
11/11/2025 19:34:55,1.17.2,Bandit80,5,3.98,nan,20,20,80,Right,Right,111,148,131,11,nan,nan,0.10
11/11/2025 19:34:57,1.17.2,Bandit80,5,3.98,1,20,20,80,Pellet,Right,111,148,132,11,1.43,1258,nan
11/11/2025 19:35:19,1.17.2,Bandit80,5,3.98,nan,20,20,80,Left,Right,112,148,132,12,nan,nan,0.45
11/11/2025 19:37:30,1.17.2,Bandit80,5,3.97,nan,20,20,80,Left,Right,113,148,132,12,nan,nan,0.11
11/11/2025 19:37:31,1.17.2,Bandit80,5,3.97,1,20,20,80,Pellet,Right,113,148,133,12,0.17,154,nan
11/11/2025 19:37:39,1.17.2,Bandit80,5,3.98,nan,20,20,80,Left,Right,114,148,133,13,nan,nan,0.06
11/11/2025 19:37:42,1.17.2,Bandit80,5,3.97,nan,20,20,80,RightinTimeout,Right,114,148,133,13,nan,nan,0.00
11/11/2025 19:37:49,1.17.2,Bandit80,5,3.97,nan,20,20,80,RightinTimeout,Right,114,148,133,13,nan,nan,0.00
11/11/2025 19:37:49,1.17.2,Bandit80,5,3.97,nan,20,20,80,RightinTimeout,Right,114,148,133,13,nan,nan,0.00
11/11/2025 19:37:55,1.17.2,Bandit80,5,3.97,nan,20,20,80,LeftinTimeOut,Right,114,148,133,13,nan,nan,nan
11/11/2025 19:38:21,1.17.2,Bandit80,5,3.98,nan,20,20,80,Right,Right,114,149,133,13,nan,nan,0.31
11/11/2025 19:43:21,1.17.2,Bandit80,5,3.98,nan,20,20,80,Left,Right,115,149,133,13,nan,nan,0.10
11/11/2025 19:44:06,1.17.2,Bandit80,5,3.98,nan,20,20,80,Left,Right,116,149,133,13,nan,nan,0.11
11/11/2025 19:46:18,1.17.2,Bandit80,5,3.98,nan,20,20,80,Right,Right,116,150,133,13,nan,nan,0.18
11/11/2025 19:46:19,1.17.2,Bandit80,5,3.97,1,20,20,80,Pellet,Right,116,150,134,13,0.29,528,nan
11/11/2025 19:46:34,1.17.2,Bandit80,5,3.98,nan,20,20,80,Left,Right,117,150,134,14,nan,nan,0.09
11/11/2025 19:56:23,1.17.2,Bandit80,5,3.98,nan,20,20,80,Left,Right,118,150,134,14,nan,nan,0.11
11/11/2025 19:56:23,1.17.2,Bandit80,5,3.98,nan,20,20,80,LeftDuringDispense,Right,118,150,134,14,nan,nan,0.06
11/11/2025 19:56:26,1.17.2,Bandit80,5,3.98,2,20,20,80,Pellet,Right,118,150,135,14,0.29,607,nan
11/11/2025 19:56:37,1.17.2,Bandit80,5,3.97,nan,20,20,80,Left,Right,119,150,135,15,nan,nan,0.11
11/11/2025 19:58:57,1.17.2,Bandit80,5,3.97,nan,20,20,80,Right,Right,119,151,135,15,nan,nan,0.04
11/11/2025 19:58:58,1.17.2,Bandit80,5,3.97,1,20,20,80,Pellet,Right,119,151,136,15,0.29,152,nan
11/11/2025 19:59:06,1.17.2,Bandit80,5,3.97,nan,20,20,80,Right,Right,119,152,136,16,nan,nan,0.45
11/11/2025 19:59:08,1.17.2,Bandit80,5,3.98,1,20,20,80,Pellet,Right,119,152,137,16,0.41,10,nan
11/11/2025 19:59:25,1.17.2,Bandit80,5,3.97,nan,20,20,80,Right,Right,119,153,137,17,nan,nan,0.11
11/11/2025 19:59:26,1.17.2,Bandit80,5,3.97,1,20,20,80,Pellet,Right,119,153,138,17,0.47,18,nan
11/11/2025 20:01:11,1.17.2,Bandit80,5,3.97,nan,20,20,80,Left,Right,120,153,138,18,nan,nan,0.10
11/11/2025 20:01:13,1.17.2,Bandit80,5,3.97,nan,20,20,80,RightinTimeout,Right,120,153,138,18,nan,nan,0.00
11/11/2025 20:01:13,1.17.2,Bandit80,5,3.97,nan,20,20,80,RightinTimeout,Right,120,153,138,18,nan,nan,0.00
11/11/2025 20:04:52,1.17.2,Bandit80,5,3.98,nan,20,20,80,Right,Right,120,154,138,18,nan,nan,0.01
11/11/2025 20:04:54,1.17.2,Bandit80,5,3.98,1,20,20,80,Pellet,Right,120,154,139,18,0.89,328,nan
11/11/2025 20:17:55,1.17.2,Bandit80,5,3.97,nan,20,20,80,Right,Right,120,155,139,19,nan,nan,0.02
11/11/2025 20:17:56,1.17.2,Bandit80,5,3.97,1,20,20,80,Pellet,Right,120,155,140,19,0.35,782,nan
11/11/2025 20:18:31,1.17.2,Bandit80,5,3.97,nan,20,80,20,Left,Left,121,155,140,0,nan,nan,0.21
11/11/2025 20:18:33,1.17.2,Bandit80,5,3.98,1,20,80,20,Pellet,Left,121,155,141,0,0.59,37,nan
11/11/2025 20:18:49,1.17.2,Bandit80,5,3.97,nan,20,80,20,Right,Left,121,156,141,1,nan,nan,0.17
11/11/2025 20:18:54,1.17.2,Bandit80,5,3.97,nan,20,80,20,LeftinTimeOut,Left,121,156,141,1,nan,nan,nan
11/11/2025 20:18:54,1.17.2,Bandit80,5,3.98,nan,20,80,20,LeftinTimeOut,Left,121,156,141,1,nan,nan,nan
11/11/2025 20:19:18,1.17.2,Bandit80,5,3.97,nan,20,80,20,Left,Left,122,156,141,1,nan,nan,0.13
11/11/2025 20:19:20,1.17.2,Bandit80,5,3.97,1,20,80,20,Pellet,Left,122,156,142,1,0.71,47,nan
11/11/2025 20:25:33,1.17.2,Bandit80,5,3.97,nan,20,80,20,Right,Left,122,157,142,2,nan,nan,0.24
11/11/2025 20:25:35,1.17.2,Bandit80,5,3.97,1,20,80,20,Pellet,Left,122,157,143,2,0.53,375,nan
11/11/2025 20:26:22,1.17.2,Bandit80,5,3.97,nan,20,80,20,Right,Left,122,158,143,3,nan,nan,0.50
11/11/2025 20:26:22,1.17.2,Bandit80,5,3.97,nan,20,80,20,RightinTimeout,Left,122,158,143,3,nan,nan,0.00
11/11/2025 20:27:28,1.17.2,Bandit80,5,3.98,nan,20,80,20,Left,Left,123,158,143,3,nan,nan,0.08
11/11/2025 20:27:29,1.17.2,Bandit80,5,3.97,1,20,80,20,Pellet,Left,123,158,144,3,0.17,114,nan
11/11/2025 20:28:05,1.17.2,Bandit80,5,3.96,nan,20,80,20,Right,Left,123,159,144,4,nan,nan,0.45
11/11/2025 20:28:10,1.17.2,Bandit80,5,3.97,nan,20,80,20,LeftinTimeOut,Left,123,159,144,4,nan,nan,nan
11/11/2025 20:32:45,1.17.2,Bandit80,5,3.96,nan,20,80,20,Right,Left,123,160,144,4,nan,nan,0.09
11/11/2025 20:34:59,1.17.2,Bandit80,5,3.97,nan,20,80,20,Left,Left,124,160,144,4,nan,nan,0.15
11/11/2025 20:35:00,1.17.2,Bandit80,5,3.97,1,20,80,20,Pellet,Left,124,160,145,4,0.29,451,nan
11/11/2025 20:40:48,1.17.2,Bandit80,5,3.97,nan,20,80,20,Right,Left,124,161,145,5,nan,nan,0.01
11/11/2025 20:46:00,1.17.2,Bandit80,5,3.97,nan,20,80,20,Left,Left,125,161,145,5,nan,nan,0.09
11/11/2025 20:46:01,1.17.2,Bandit80,5,3.97,1,20,80,20,Pellet,Left,125,161,146,5,0.29,661,nan
11/11/2025 20:46:09,1.17.2,Bandit80,5,3.97,nan,20,80,20,Left,Left,126,161,146,6,nan,nan,0.07
11/11/2025 20:46:10,1.17.2,Bandit80,5,3.97,1,20,80,20,Pellet,Left,126,161,147,6,0.35,9,nan
11/11/2025 20:48:04,1.17.2,Bandit80,5,3.97,nan,20,80,20,Left,Left,127,161,147,7,nan,nan,0.14
11/11/2025 20:48:05,1.17.2,Bandit80,5,3.97,1,20,80,20,Pellet,Left,127,161,148,7,0.29,115,nan
11/11/2025 20:48:17,1.17.2,Bandit80,5,3.97,nan,20,80,20,Right,Left,127,162,148,8,nan,nan,0.15
11/11/2025 20:50:53,1.17.2,Bandit80,5,3.97,nan,20,80,20,Right,Left,127,163,148,8,nan,nan,0.14
11/11/2025 20:52:44,1.17.2,Bandit80,5,3.97,nan,20,80,20,Left,Left,128,163,148,8,nan,nan,0.39
11/11/2025 20:52:46,1.17.2,Bandit80,5,3.97,1,20,80,20,Pellet,Left,128,163,149,8,0.47,280,nan
11/11/2025 20:53:06,1.17.2,Bandit80,5,3.96,nan,20,80,20,Left,Left,129,163,149,9,nan,nan,0.10
11/11/2025 20:54:37,1.17.2,Bandit80,5,3.97,nan,20,80,20,Right,Left,129,164,149,9,nan,nan,0.11
11/11/2025 21:09:55,1.17.2,Bandit80,5,3.97,nan,20,80,20,Right,Left,129,165,149,9,nan,nan,0.17
11/11/2025 21:09:58,1.17.2,Bandit80,5,3.97,nan,20,80,20,LeftinTimeOut,Left,129,165,149,9,nan,nan,nan
11/11/2025 21:12:53,1.17.2,Bandit80,5,3.97,nan,20,80,20,Left,Left,130,165,149,9,nan,nan,0.14
11/11/2025 21:12:54,1.17.2,Bandit80,5,3.96,1,20,80,20,Pellet,Left,130,165,150,9,0.47,1209,nan
11/11/2025 21:14:32,1.17.2,Bandit80,5,3.96,nan,20,80,20,Right,Left,130,166,150,10,nan,nan,0.20
11/11/2025 21:14:33,1.17.2,Bandit80,5,3.97,nan,20,80,20,RightinTimeout,Left,130,166,150,10,nan,nan,0.00
11/11/2025 21:14:35,1.17.2,Bandit80,5,3.97,nan,20,80,20,RightinTimeout,Left,130,166,150,10,nan,nan,0.00
11/11/2025 21:15:01,1.17.2,Bandit80,5,3.97,nan,20,80,20,Left,Left,131,166,150,10,nan,nan,0.18
11/11/2025 21:15:02,1.17.2,Bandit80,5,3.97,1,20,80,20,Pellet,Left,131,166,151,10,0.59,128,nan
11/11/2025 21:15:20,1.17.2,Bandit80,5,3.96,nan,20,80,20,Left,Left,132,166,151,11,nan,nan,0.18
11/11/2025 21:17:03,1.17.2,Bandit80,5,3.97,nan,20,80,20,Right,Left,132,167,151,11,nan,nan,0.11
11/11/2025 21:24:53,1.17.2,Bandit80,5,3.97,nan,20,80,20,Right,Left,132,168,151,11,nan,nan,0.08
11/11/2025 21:24:54,1.17.2,Bandit80,5,3.97,1,20,80,20,Pellet,Left,132,168,152,11,0.29,592,nan
11/11/2025 21:25:11,1.17.2,Bandit80,5,3.97,nan,20,80,20,Left,Left,133,168,152,12,nan,nan,0.02
11/11/2025 21:36:24,1.17.2,Bandit80,5,3.96,nan,20,80,20,Left,Left,134,168,152,12,nan,nan,0.13
11/11/2025 21:36:25,1.17.2,Bandit80,5,3.97,1,20,80,20,Pellet,Left,134,168,153,12,0.35,691,nan
11/11/2025 21:36:35,1.17.2,Bandit80,5,3.97,nan,20,80,20,Right,Left,134,169,153,13,nan,nan,0.23
11/11/2025 21:41:00,1.17.2,Bandit80,5,3.96,nan,20,80,20,Right,Left,134,170,153,13,nan,nan,0.01
11/11/2025 21:42:14,1.17.2,Bandit80,5,3.97,nan,20,80,20,Right,Left,134,171,153,13,nan,nan,0.03
11/11/2025 21:42:16,1.17.2,Bandit80,5,3.96,1,20,80,20,Pellet,Left,134,171,154,13,0.59,350,nan
11/11/2025 21:42:37,1.17.2,Bandit80,5,3.97,nan,20,80,20,Right,Left,134,172,154,14,nan,nan,0.07
11/11/2025 21:42:38,1.17.2,Bandit80,5,3.97,nan,20,80,20,RightinTimeout,Left,134,172,154,14,nan,nan,0.00
11/11/2025 21:42:39,1.17.2,Bandit80,5,3.97,nan,20,80,20,RightinTimeout,Left,134,172,154,14,nan,nan,0.00
11/11/2025 21:42:39,1.17.2,Bandit80,5,3.97,nan,20,80,20,RightinTimeout,Left,134,172,154,14,nan,nan,0.00
11/11/2025 21:42:39,1.17.2,Bandit80,5,3.97,nan,20,80,20,RightinTimeout,Left,134,172,154,14,nan,nan,0.00
11/11/2025 21:42:40,1.17.2,Bandit80,5,3.97,nan,20,80,20,RightinTimeout,Left,134,172,154,14,nan,nan,0.00
11/11/2025 21:42:40,1.17.2,Bandit80,5,3.97,nan,20,80,20,RightinTimeout,Left,134,172,154,14,nan,nan,0.00
11/11/2025 21:42:40,1.17.2,Bandit80,5,3.97,nan,20,80,20,RightinTimeout,Left,134,172,154,14,nan,nan,0.00
11/11/2025 21:42:42,1.17.2,Bandit80,5,3.97,nan,20,80,20,RightinTimeout,Left,134,172,154,14,nan,nan,0.00
11/11/2025 21:42:43,1.17.2,Bandit80,5,3.96,nan,20,80,20,RightinTimeout,Left,134,172,154,14,nan,nan,0.00
11/11/2025 21:42:43,1.17.2,Bandit80,5,3.97,nan,20,80,20,RightinTimeout,Left,134,172,154,14,nan,nan,0.00
11/11/2025 21:42:45,1.17.2,Bandit80,5,3.97,nan,20,80,20,RightinTimeout,Left,134,172,154,14,nan,nan,0.00
11/11/2025 21:42:45,1.17.2,Bandit80,5,3.96,nan,20,80,20,RightinTimeout,Left,134,172,154,14,nan,nan,0.00
11/11/2025 21:42:46,1.17.2,Bandit80,5,3.96,nan,20,80,20,RightinTimeout,Left,134,172,154,14,nan,nan,0.00
11/11/2025 21:42:46,1.17.2,Bandit80,5,3.97,nan,20,80,20,RightinTimeout,Left,134,172,154,14,nan,nan,0.00
11/11/2025 21:42:48,1.17.2,Bandit80,5,3.96,nan,20,80,20,RightinTimeout,Left,134,172,154,14,nan,nan,0.00
11/11/2025 21:42:48,1.17.2,Bandit80,5,3.97,nan,20,80,20,RightinTimeout,Left,134,172,154,14,nan,nan,0.00
11/11/2025 21:42:49,1.17.2,Bandit80,5,3.97,nan,20,80,20,RightinTimeout,Left,134,172,154,14,nan,nan,0.00
11/11/2025 21:42:49,1.17.2,Bandit80,5,3.97,nan,20,80,20,RightinTimeout,Left,134,172,154,14,nan,nan,0.00
11/11/2025 21:42:49,1.17.2,Bandit80,5,3.96,nan,20,80,20,RightinTimeout,Left,134,172,154,14,nan,nan,0.00
11/11/2025 21:42:51,1.17.2,Bandit80,5,3.96,nan,20,80,20,RightinTimeout,Left,134,172,154,14,nan,nan,0.00
11/11/2025 21:42:52,1.17.2,Bandit80,5,3.96,nan,20,80,20,RightinTimeout,Left,134,172,154,14,nan,nan,0.00
11/11/2025 21:42:53,1.17.2,Bandit80,5,3.97,nan,20,80,20,RightinTimeout,Left,134,172,154,14,nan,nan,0.00
11/11/2025 21:42:56,1.17.2,Bandit80,5,3.96,nan,20,80,20,LeftinTimeOut,Left,134,172,154,14,nan,nan,nan
11/11/2025 21:42:59,1.17.2,Bandit80,5,3.97,nan,20,80,20,LeftinTimeOut,Left,134,172,154,14,nan,nan,nan
11/11/2025 21:48:06,1.17.2,Bandit80,5,3.97,nan,20,80,20,Left,Left,135,172,154,14,nan,nan,0.32
11/11/2025 21:48:07,1.17.2,Bandit80,5,3.97,1,20,80,20,Pellet,Left,135,172,155,14,0.29,352,nan
11/11/2025 22:33:08,1.17.2,Bandit80,5,3.96,nan,20,80,20,Right,Left,135,173,155,15,nan,nan,0.13
11/11/2025 22:33:12,1.17.2,Bandit80,5,3.96,nan,20,80,20,LeftinTimeOut,Left,135,173,155,15,nan,nan,nan
11/11/2025 22:33:12,1.17.2,Bandit80,5,3.97,nan,20,80,20,LeftinTimeOut,Left,135,173,155,15,nan,nan,nan
11/11/2025 22:33:16,1.17.2,Bandit80,5,3.97,nan,20,80,20,RightinTimeout,Left,135,173,155,15,nan,nan,0.00
11/11/2025 22:33:18,1.17.2,Bandit80,5,3.97,nan,20,80,20,RightinTimeout,Left,135,173,155,15,nan,nan,0.00
11/11/2025 22:33:24,1.17.2,Bandit80,5,3.96,nan,20,80,20,LeftinTimeOut,Left,135,173,155,15,nan,nan,nan
11/11/2025 22:33:35,1.17.2,Bandit80,5,3.97,nan,20,80,20,Right,Left,135,174,155,15,nan,nan,0.09
11/11/2025 22:33:36,1.17.2,Bandit80,5,3.97,nan,20,80,20,RightDuringDispense,Left,135,174,155,15,nan,nan,0.01
11/11/2025 22:33:39,1.17.2,Bandit80,5,3.96,2,20,80,20,Pellet,Left,135,174,156,15,0.29,2732,nan
11/11/2025 22:33:46,1.17.2,Bandit80,5,3.96,nan,20,80,20,Right,Left,135,175,156,16,nan,nan,0.03
11/11/2025 22:33:47,1.17.2,Bandit80,5,3.97,nan,20,80,20,RightinTimeout,Left,135,175,156,16,nan,nan,0.00
11/11/2025 22:33:48,1.17.2,Bandit80,5,3.96,nan,20,80,20,RightinTimeout,Left,135,175,156,16,nan,nan,0.00
11/11/2025 22:33:48,1.17.2,Bandit80,5,3.97,nan,20,80,20,RightinTimeout,Left,135,175,156,16,nan,nan,0.00
11/11/2025 22:33:48,1.17.2,Bandit80,5,3.96,nan,20,80,20,RightinTimeout,Left,135,175,156,16,nan,nan,0.00
11/11/2025 22:33:49,1.17.2,Bandit80,5,3.96,nan,20,80,20,RightinTimeout,Left,135,175,156,16,nan,nan,0.00
11/11/2025 22:33:53,1.17.2,Bandit80,5,3.97,nan,20,80,20,LeftinTimeOut,Left,135,175,156,16,nan,nan,nan
11/11/2025 22:33:54,1.17.2,Bandit80,5,3.96,nan,20,80,20,LeftinTimeOut,Left,135,175,156,16,nan,nan,nan
11/11/2025 22:34:11,1.17.2,Bandit80,5,3.97,nan,20,80,20,Left,Left,136,175,156,16,nan,nan,0.53
11/11/2025 22:34:12,1.17.2,Bandit80,5,3.96,1,20,80,20,Pellet,Left,136,175,157,16,0.47,33,nan
11/11/2025 22:34:35,1.17.2,Bandit80,5,3.96,nan,20,80,20,Right,Left,136,176,157,17,nan,nan,0.10
11/11/2025 22:34:36,1.17.2,Bandit80,5,3.96,nan,20,80,20,RightinTimeout,Left,136,176,157,17,nan,nan,0.00
11/11/2025 22:34:36,1.17.2,Bandit80,5,3.97,nan,20,80,20,RightinTimeout,Left,136,176,157,17,nan,nan,0.00
11/11/2025 22:34:37,1.17.2,Bandit80,5,3.96,nan,20,80,20,RightinTimeout,Left,136,176,157,17,nan,nan,0.00
11/11/2025 22:34:37,1.17.2,Bandit80,5,3.97,nan,20,80,20,RightinTimeout,Left,136,176,157,17,nan,nan,0.00
11/11/2025 22:34:40,1.17.2,Bandit80,5,3.96,nan,20,80,20,RightinTimeout,Left,136,176,157,17,nan,nan,0.00
11/11/2025 22:34:40,1.17.2,Bandit80,5,3.96,nan,20,80,20,RightinTimeout,Left,136,176,157,17,nan,nan,0.00
11/11/2025 22:34:40,1.17.2,Bandit80,5,3.97,nan,20,80,20,RightinTimeout,Left,136,176,157,17,nan,nan,0.00
11/11/2025 22:34:44,1.17.2,Bandit80,5,3.96,nan,20,80,20,RightinTimeout,Left,136,176,157,17,nan,nan,0.00
11/11/2025 22:34:44,1.17.2,Bandit80,5,3.97,nan,20,80,20,RightinTimeout,Left,136,176,157,17,nan,nan,0.00
11/11/2025 22:35:50,1.17.2,Bandit80,5,3.96,nan,20,80,20,Left,Left,137,176,157,17,nan,nan,0.12
11/11/2025 22:35:51,1.17.2,Bandit80,5,3.97,1,20,80,20,Pellet,Left,137,176,158,17,0.17,99,nan
11/11/2025 22:36:11,1.17.2,Bandit80,5,3.97,nan,20,80,20,Left,Left,138,176,158,18,nan,nan,0.08
11/11/2025 22:36:12,1.17.2,Bandit80,5,3.96,1,20,80,20,Pellet,Left,138,176,159,18,0.35,21,nan
11/11/2025 22:36:21,1.17.2,Bandit80,5,3.97,nan,20,80,20,Right,Left,138,177,159,19,nan,nan,0.17
11/11/2025 22:36:25,1.17.2,Bandit80,5,3.97,nan,20,80,20,RightinTimeout,Left,138,177,159,19,nan,nan,0.00
11/11/2025 22:36:50,1.17.2,Bandit80,5,3.96,nan,20,80,20,Left,Left,139,177,159,19,nan,nan,0.10
11/11/2025 22:36:51,1.17.2,Bandit80,5,3.96,1,20,80,20,Pellet,Left,139,177,160,19,0.29,39,nan
11/11/2025 22:37:49,1.17.2,Bandit80,5,3.97,nan,20,20,80,Right,Right,139,178,160,0,nan,nan,0.13
11/11/2025 22:37:50,1.17.2,Bandit80,5,3.97,1,20,20,80,Pellet,Right,139,178,161,0,0.35,59,nan
11/11/2025 22:37:57,1.17.2,Bandit80,5,3.96,nan,20,20,80,Right,Right,139,179,161,1,nan,nan,0.03
11/11/2025 22:37:58,1.17.2,Bandit80,5,3.97,1,20,20,80,Pellet,Right,139,179,162,1,0.35,8,nan
11/11/2025 22:38:13,1.17.2,Bandit80,5,3.96,nan,20,20,80,Right,Right,139,180,162,2,nan,nan,0.43
11/11/2025 22:38:14,1.17.2,Bandit80,5,3.96,1,20,20,80,Pellet,Right,139,180,163,2,0.53,16,nan
11/11/2025 22:38:22,1.17.2,Bandit80,5,3.97,nan,20,20,80,Right,Right,139,181,163,3,nan,nan,0.08
11/11/2025 22:38:24,1.17.2,Bandit80,5,3.97,1,20,20,80,Pellet,Right,139,181,164,3,0.41,9,nan
11/11/2025 22:38:33,1.17.2,Bandit80,5,3.96,nan,20,20,80,Right,Right,139,182,164,4,nan,nan,0.09
11/11/2025 22:38:37,1.17.2,Bandit80,5,3.97,1,20,20,80,Pellet,Right,139,182,165,4,3.11,14,nan
11/11/2025 22:39:02,1.17.2,Bandit80,5,3.97,nan,20,20,80,Right,Right,139,183,165,5,nan,nan,0.05
11/11/2025 22:39:04,1.17.2,Bandit80,5,3.96,1,20,20,80,Pellet,Right,139,183,166,5,0.41,26,nan
11/11/2025 22:39:27,1.17.2,Bandit80,5,3.96,nan,20,20,80,Right,Right,139,184,166,6,nan,nan,0.26
11/11/2025 22:39:28,1.17.2,Bandit80,5,3.97,1,20,20,80,Pellet,Right,139,184,167,6,0.35,25,nan
11/11/2025 23:17:44,1.17.2,Bandit80,5,3.97,nan,20,20,80,Left,Right,140,184,167,7,nan,nan,0.24
11/11/2025 23:18:25,1.17.2,Bandit80,5,3.96,nan,20,20,80,Left,Right,141,184,167,7,nan,nan,0.10
11/11/2025 23:18:41,1.17.2,Bandit80,5,3.96,nan,20,20,80,Left,Right,142,184,167,7,nan,nan,0.06
11/11/2025 23:20:11,1.17.2,Bandit80,5,3.95,nan,20,20,80,Right,Right,142,185,167,7,nan,nan,0.14
11/11/2025 23:20:13,1.17.2,Bandit80,5,3.97,1,20,20,80,Pellet,Right,142,185,168,7,1.01,2445,nan
11/11/2025 23:20:18,1.17.2,Bandit80,5,3.96,nan,20,20,80,Right,Right,142,186,168,8,nan,nan,0.09
11/11/2025 23:20:20,1.17.2,Bandit80,5,3.96,1,20,20,80,Pellet,Right,142,186,169,8,0.71,7,nan
11/11/2025 23:20:31,1.17.2,Bandit80,5,3.96,nan,20,20,80,Right,Right,142,187,169,9,nan,nan,0.34
11/11/2025 23:20:32,1.17.2,Bandit80,5,3.96,nan,20,20,80,RightinTimeout,Right,142,187,169,9,nan,nan,0.00
11/11/2025 23:20:32,1.17.2,Bandit80,5,3.96,nan,20,20,80,RightinTimeout,Right,142,187,169,9,nan,nan,0.00
11/11/2025 23:20:45,1.17.2,Bandit80,5,3.96,nan,20,20,80,Left,Right,143,187,169,9,nan,nan,0.35
11/11/2025 23:32:32,1.17.2,Bandit80,5,3.96,nan,20,20,80,Right,Right,143,188,169,9,nan,nan,0.34
11/11/2025 23:32:33,1.17.2,Bandit80,5,3.96,1,20,20,80,Pellet,Right,143,188,170,9,0.29,733,nan
11/11/2025 23:32:45,1.17.2,Bandit80,5,3.96,nan,20,20,80,Right,Right,143,189,170,10,nan,nan,0.08
11/11/2025 23:32:46,1.17.2,Bandit80,5,3.96,1,20,20,80,Pellet,Right,143,189,171,10,0.41,13,nan
11/11/2025 23:32:56,1.17.2,Bandit80,5,3.96,nan,20,20,80,Right,Right,143,190,171,11,nan,nan,0.01
11/11/2025 23:32:57,1.17.2,Bandit80,5,3.97,1,20,20,80,Pellet,Right,143,190,172,11,0.47,11,nan
11/11/2025 23:33:07,1.17.2,Bandit80,5,3.96,nan,20,20,80,Right,Right,143,191,172,12,nan,nan,0.13
11/11/2025 23:33:08,1.17.2,Bandit80,5,3.96,1,20,20,80,Pellet,Right,143,191,173,12,0.53,11,nan
11/11/2025 23:45:24,1.17.2,Bandit80,5,3.97,nan,20,20,80,Left,Right,144,191,173,13,nan,nan,0.07
11/11/2025 23:47:24,1.17.2,Bandit80,5,3.96,nan,20,20,80,Right,Right,144,192,173,13,nan,nan,0.09
11/11/2025 23:47:26,1.17.2,Bandit80,5,3.97,nan,20,20,80,RightinTimeout,Right,144,192,173,13,nan,nan,0.00
11/11/2025 23:47:27,1.17.2,Bandit80,5,3.96,nan,20,20,80,RightinTimeout,Right,144,192,173,13,nan,nan,0.00
11/11/2025 23:47:28,1.17.2,Bandit80,5,3.96,nan,20,20,80,RightinTimeout,Right,144,192,173,13,nan,nan,0.00
11/11/2025 23:47:28,1.17.2,Bandit80,5,3.96,nan,20,20,80,RightinTimeout,Right,144,192,173,13,nan,nan,0.00
11/11/2025 23:47:28,1.17.2,Bandit80,5,3.97,nan,20,20,80,RightinTimeout,Right,144,192,173,13,nan,nan,0.00
11/11/2025 23:47:29,1.17.2,Bandit80,5,3.97,nan,20,20,80,RightinTimeout,Right,144,192,173,13,nan,nan,0.00
11/11/2025 23:47:29,1.17.2,Bandit80,5,3.96,nan,20,20,80,RightinTimeout,Right,144,192,173,13,nan,nan,0.00
11/11/2025 23:47:30,1.17.2,Bandit80,5,3.96,nan,20,20,80,RightinTimeout,Right,144,192,173,13,nan,nan,0.00
11/11/2025 23:47:35,1.17.2,Bandit80,5,3.96,nan,20,20,80,RightinTimeout,Right,144,192,173,13,nan,nan,0.00
11/11/2025 23:47:36,1.17.2,Bandit80,5,3.96,nan,20,20,80,RightinTimeout,Right,144,192,173,13,nan,nan,0.00
11/11/2025 23:48:00,1.17.2,Bandit80,5,3.96,nan,20,20,80,Right,Right,144,193,173,13,nan,nan,0.08
11/11/2025 23:48:04,1.17.2,Bandit80,5,3.96,1,20,20,80,Pellet,Right,144,193,174,13,2.57,896,nan
11/11/2025 23:48:10,1.17.2,Bandit80,5,3.96,nan,20,20,80,Right,Right,144,194,174,14,nan,nan,0.07
11/11/2025 23:48:11,1.17.2,Bandit80,5,3.96,1,20,20,80,Pellet,Right,144,194,175,14,0.47,7,nan
11/11/2025 23:48:24,1.17.2,Bandit80,5,3.96,nan,20,20,80,Left,Right,145,194,175,15,nan,nan,0.00
11/11/2025 23:48:25,1.17.2,Bandit80,5,3.96,nan,20,20,80,RightinTimeout,Right,145,194,175,15,nan,nan,0.00
11/11/2025 23:48:43,1.17.2,Bandit80,5,3.97,nan,20,20,80,Left,Right,146,194,175,15,nan,nan,0.17
11/11/2025 23:58:36,1.17.2,Bandit80,5,3.96,nan,20,20,80,Right,Right,146,195,175,15,nan,nan,0.13
11/11/2025 23:58:38,1.17.2,Bandit80,5,3.96,1,20,20,80,Pellet,Right,146,195,176,15,0.47,627,nan
11/11/2025 23:58:44,1.17.2,Bandit80,5,3.96,nan,20,20,80,Right,Right,146,196,176,16,nan,nan,0.10
11/11/2025 23:58:46,1.17.2,Bandit80,5,3.96,1,20,20,80,Pellet,Right,146,196,177,16,0.65,8,nan
11/11/2025 23:59:12,1.17.2,Bandit80,5,3.97,nan,20,20,80,Left,Right,147,196,177,17,nan,nan,0.04
11/12/2025 0:01:11,1.17.2,Bandit80,5,3.96,nan,20,20,80,Left,Right,148,196,177,17,nan,nan,0.01
11/12/2025 0:10:16,1.17.2,Bandit80,5,3.96,nan,20,20,80,Right,Right,148,197,177,17,nan,nan,0.19
11/12/2025 0:10:17,1.17.2,Bandit80,5,3.96,1,20,20,80,Pellet,Right,148,197,178,17,0.35,691,nan
11/12/2025 0:11:32,1.17.2,Bandit80,5,3.97,nan,20,20,80,Left,Right,149,197,178,18,nan,nan,0.20
11/12/2025 0:13:33,1.17.2,Bandit80,5,3.96,nan,20,20,80,Left,Right,150,197,178,18,nan,nan,0.13
11/12/2025 0:15:26,1.17.2,Bandit80,5,3.96,nan,20,20,80,Right,Right,150,198,178,18,nan,nan,0.21
11/12/2025 0:15:27,1.17.2,Bandit80,5,3.97,1,20,20,80,Pellet,Right,150,198,179,18,0.29,310,nan
11/12/2025 0:15:38,1.17.2,Bandit80,5,3.97,nan,20,20,80,Right,Right,150,199,179,19,nan,nan,0.08
11/12/2025 0:15:40,1.17.2,Bandit80,5,3.96,1,20,20,80,Pellet,Right,150,199,180,19,1.01,13,nan
11/12/2025 0:22:22,1.17.2,Bandit80,5,3.96,nan,20,80,20,Right,Left,150,200,180,0,nan,nan,0.00
11/12/2025 0:26:41,1.17.2,Bandit80,5,3.96,nan,20,80,20,Left,Left,151,200,180,0,nan,nan,0.03
11/12/2025 0:26:42,1.17.2,Bandit80,5,3.96,2,20,80,20,Pellet,Left,151,200,181,0,0.12,662,nan
11/12/2025 0:26:55,1.17.2,Bandit80,5,3.96,nan,20,80,20,Right,Left,151,201,181,1,nan,nan,0.04
11/12/2025 0:26:56,1.17.2,Bandit80,5,3.96,nan,20,80,20,RightinTimeout,Left,151,201,181,1,nan,nan,0.00
11/12/2025 0:27:38,1.17.2,Bandit80,5,3.96,nan,20,80,20,Left,Left,152,201,181,1,nan,nan,0.04
11/12/2025 0:27:39,1.17.2,Bandit80,5,3.96,nan,20,80,20,LeftinTimeOut,Left,152,201,181,1,nan,nan,nan
11/12/2025 0:34:55,1.17.2,Bandit80,5,3.96,nan,20,80,20,Right,Left,152,202,181,1,nan,nan,0.07
11/12/2025 0:34:56,1.17.2,Bandit80,5,3.96,1,20,80,20,Pellet,Left,152,202,182,1,0.41,494,nan
11/12/2025 0:35:02,1.17.2,Bandit80,5,3.96,nan,20,80,20,Right,Left,152,203,182,2,nan,nan,0.06
11/12/2025 0:35:03,1.17.2,Bandit80,5,3.96,nan,20,80,20,RightinTimeout,Left,152,203,182,2,nan,nan,0.00
11/12/2025 0:35:04,1.17.2,Bandit80,5,3.96,nan,20,80,20,RightinTimeout,Left,152,203,182,2,nan,nan,0.00
11/12/2025 0:35:04,1.17.2,Bandit80,5,3.96,nan,20,80,20,RightinTimeout,Left,152,203,182,2,nan,nan,0.00
11/12/2025 0:35:05,1.17.2,Bandit80,5,3.96,nan,20,80,20,RightinTimeout,Left,152,203,182,2,nan,nan,0.00
11/12/2025 0:46:53,1.17.2,Bandit80,5,3.96,nan,20,80,20,Left,Left,153,203,182,2,nan,nan,0.06
11/12/2025 0:46:54,1.17.2,Bandit80,5,3.96,1,20,80,20,Pellet,Left,153,203,183,2,0.53,718,nan
11/12/2025 0:47:23,1.17.2,Bandit80,5,3.96,nan,20,80,20,Left,Left,154,203,183,3,nan,nan,0.10
11/12/2025 0:47:25,1.17.2,Bandit80,5,3.96,1,20,80,20,Pellet,Left,154,203,184,3,1.07,31,nan
11/12/2025 0:49:00,1.17.2,Bandit80,5,3.96,nan,20,80,20,Left,Left,155,203,184,4,nan,nan,0.11
11/12/2025 0:49:12,1.17.2,Bandit80,5,3.96,1,20,80,20,Pellet,Left,155,203,185,4,11.09,107,nan
11/12/2025 0:49:36,1.17.2,Bandit80,5,3.96,nan,20,80,20,Left,Left,156,203,185,5,nan,nan,0.07
11/12/2025 0:49:37,1.17.2,Bandit80,5,3.96,2,20,80,20,Pellet,Left,156,203,186,5,0.12,25,nan
11/12/2025 0:49:51,1.17.2,Bandit80,5,3.96,nan,20,80,20,Right,Left,156,204,186,6,nan,nan,0.15
11/12/2025 0:49:52,1.17.2,Bandit80,5,3.96,1,20,80,20,Pellet,Left,156,204,187,6,0.41,15,nan
11/12/2025 0:50:51,1.17.2,Bandit80,5,3.96,nan,20,80,20,Left,Left,157,204,187,7,nan,nan,0.16
11/12/2025 0:50:53,1.17.2,Bandit80,5,3.96,1,20,80,20,Pellet,Left,157,204,188,7,0.59,61,nan
11/12/2025 0:51:06,1.17.2,Bandit80,5,3.96,nan,20,80,20,Left,Left,158,204,188,8,nan,nan,0.12
11/12/2025 0:51:07,1.17.2,Bandit80,5,3.96,1,20,80,20,Pellet,Left,158,204,189,8,0.35,14,nan
11/12/2025 0:57:55,1.17.2,Bandit80,5,3.96,nan,20,80,20,Left,Left,159,204,189,9,nan,nan,0.00
11/12/2025 0:57:57,1.17.2,Bandit80,5,3.96,1,20,80,20,Pellet,Left,159,204,190,9,1.25,410,nan
11/12/2025 0:58:08,1.17.2,Bandit80,5,3.96,nan,20,80,20,Left,Left,160,204,190,10,nan,nan,0.02
11/12/2025 0:58:10,1.17.2,Bandit80,5,3.96,1,20,80,20,Pellet,Left,160,204,191,10,0.47,13,nan
11/12/2025 1:01:38,1.17.2,Bandit80,5,3.96,nan,20,80,20,Left,Left,161,204,191,11,nan,nan,0.49
11/12/2025 1:08:59,1.17.2,Bandit80,5,3.96,1,20,80,20,Pellet,Left,161,204,192,11,Timed_out,649,nan
11/12/2025 1:11:02,1.17.2,Bandit80,5,3.96,nan,20,80,20,Right,Left,161,205,192,12,nan,nan,0.32
11/12/2025 1:11:07,1.17.2,Bandit80,5,3.96,nan,20,80,20,RightWithPellet,Left,161,206,192,12,nan,nan,0.21
11/12/2025 1:11:08,1.17.2,Bandit80,5,3.96,1,20,80,20,Pellet,Left,161,206,193,12,5.01,129,nan
11/12/2025 1:11:19,1.17.2,Bandit80,5,3.96,nan,20,80,20,Right,Left,161,207,193,13,nan,nan,0.10
11/12/2025 1:11:25,1.17.2,Bandit80,5,3.96,nan,20,80,20,RightinTimeout,Left,161,207,193,13,nan,nan,0.00
11/12/2025 1:11:25,1.17.2,Bandit80,5,3.96,nan,20,80,20,RightinTimeout,Left,161,207,193,13,nan,nan,0.00
11/12/2025 1:11:30,1.17.2,Bandit80,5,3.96,nan,20,80,20,RightinTimeout,Left,161,207,193,13,nan,nan,0.00
11/12/2025 1:11:32,1.17.2,Bandit80,5,3.96,nan,20,80,20,LeftinTimeOut,Left,161,207,193,13,nan,nan,nan
11/12/2025 1:11:38,1.17.2,Bandit80,5,3.96,nan,20,80,20,LeftinTimeOut,Left,161,207,193,13,nan,nan,nan
11/12/2025 1:17:49,1.17.2,Bandit80,5,3.96,nan,20,80,20,Right,Left,161,208,193,13,nan,nan,0.12
11/12/2025 2:33:36,1.17.2,Bandit80,5,3.96,nan,20,80,20,Right,Left,161,209,193,13,nan,nan,0.20
11/12/2025 2:33:37,1.17.2,Bandit80,5,3.96,nan,20,80,20,RightinTimeout,Left,161,209,193,13,nan,nan,0.00
11/12/2025 2:33:38,1.17.2,Bandit80,5,3.96,nan,20,80,20,RightinTimeout,Left,161,209,193,13,nan,nan,0.00
11/12/2025 2:33:38,1.17.2,Bandit80,5,3.96,nan,20,80,20,RightinTimeout,Left,161,209,193,13,nan,nan,0.00
11/12/2025 2:34:14,1.17.2,Bandit80,5,3.96,nan,20,80,20,Left,Left,162,209,193,13,nan,nan,0.11
11/12/2025 2:34:15,1.17.2,Bandit80,5,3.96,1,20,80,20,Pellet,Left,162,209,194,13,0.35,4987,nan
11/12/2025 2:34:22,1.17.2,Bandit80,5,3.96,nan,20,80,20,Left,Left,163,209,194,14,nan,nan,0.07
11/12/2025 2:34:24,1.17.2,Bandit80,5,3.96,nan,20,80,20,LeftinTimeOut,Left,163,209,194,14,nan,nan,nan
11/12/2025 2:34:53,1.17.2,Bandit80,5,3.96,nan,20,80,20,Right,Left,163,210,194,14,nan,nan,0.07
11/12/2025 2:34:54,1.17.2,Bandit80,5,3.96,nan,20,80,20,RightinTimeout,Left,163,210,194,14,nan,nan,0.00
11/12/2025 2:34:54,1.17.2,Bandit80,5,3.96,nan,20,80,20,RightinTimeout,Left,163,210,194,14,nan,nan,0.00
11/12/2025 2:34:55,1.17.2,Bandit80,5,3.96,nan,20,80,20,RightinTimeout,Left,163,210,194,14,nan,nan,0.00
11/12/2025 2:49:33,1.17.2,Bandit80,5,3.96,nan,20,80,20,Left,Left,164,210,194,14,nan,nan,0.10
11/12/2025 2:49:34,1.17.2,Bandit80,5,3.96,nan,20,80,20,RightinTimeout,Left,164,210,194,14,nan,nan,0.00
11/12/2025 2:58:12,1.17.2,Bandit80,5,3.96,nan,20,80,20,Right,Left,164,211,194,14,nan,nan,0.03
11/12/2025 2:58:13,1.17.2,Bandit80,5,3.96,nan,20,80,20,RightinTimeout,Left,164,211,194,14,nan,nan,0.00
11/12/2025 2:58:13,1.17.2,Bandit80,5,3.96,nan,20,80,20,RightinTimeout,Left,164,211,194,14,nan,nan,0.00
11/12/2025 2:58:16,1.17.2,Bandit80,5,3.96,nan,20,80,20,LeftinTimeOut,Left,164,211,194,14,nan,nan,nan
11/12/2025 3:09:39,1.17.2,Bandit80,5,3.96,nan,20,80,20,Left,Left,165,211,194,14,nan,nan,0.03
11/12/2025 3:09:40,1.17.2,Bandit80,5,3.96,1,20,80,20,Pellet,Left,165,211,195,14,0.23,2125,nan
11/12/2025 3:09:50,1.17.2,Bandit80,5,3.96,nan,20,80,20,Left,Left,166,211,195,15,nan,nan,0.50
11/12/2025 3:09:51,1.17.2,Bandit80,5,3.96,1,20,80,20,Pellet,Left,166,211,196,15,0.35,11,nan
11/12/2025 3:10:02,1.17.2,Bandit80,5,3.96,nan,20,80,20,Left,Left,167,211,196,16,nan,nan,0.12
11/12/2025 3:10:03,1.17.2,Bandit80,5,3.96,1,20,80,20,Pellet,Left,167,211,197,16,0.29,12,nan
11/12/2025 3:10:25,1.17.2,Bandit80,5,3.95,nan,20,80,20,Left,Left,168,211,197,17,nan,nan,0.12
11/12/2025 3:10:26,1.17.2,Bandit80,5,3.96,nan,20,80,20,RightinTimeout,Left,168,211,197,17,nan,nan,0.00
11/12/2025 3:10:27,1.17.2,Bandit80,5,3.96,nan,20,80,20,RightinTimeout,Left,168,211,197,17,nan,nan,0.00
11/12/2025 3:10:27,1.17.2,Bandit80,5,3.96,nan,20,80,20,RightinTimeout,Left,168,211,197,17,nan,nan,0.00
11/12/2025 3:10:33,1.17.2,Bandit80,5,3.96,nan,20,80,20,LeftinTimeOut,Left,168,211,197,17,nan,nan,nan
11/12/2025 3:12:36,1.17.2,Bandit80,5,3.95,nan,20,80,20,Right,Left,168,212,197,17,nan,nan,0.05
11/12/2025 3:13:00,1.17.2,Bandit80,5,3.96,nan,20,80,20,Left,Left,169,212,197,17,nan,nan,0.13
11/12/2025 3:13:01,1.17.2,Bandit80,5,3.96,1,20,80,20,Pellet,Left,169,212,198,17,0.35,178,nan
11/12/2025 3:16:20,1.17.2,Bandit80,5,3.95,nan,20,80,20,Right,Left,169,213,198,18,nan,nan,0.23
11/12/2025 3:18:12,1.17.2,Bandit80,5,3.96,nan,20,80,20,Right,Left,169,214,198,18,nan,nan,0.00
11/12/2025 3:18:14,1.17.2,Bandit80,5,3.96,1,20,80,20,Pellet,Left,169,214,199,18,0.35,312,nan
11/12/2025 3:18:28,1.17.2,Bandit80,5,3.96,nan,20,80,20,Right,Left,169,215,199,19,nan,nan,0.29
11/12/2025 3:18:29,1.17.2,Bandit80,5,3.96,nan,20,80,20,RightinTimeout,Left,169,215,199,19,nan,nan,0.00
11/12/2025 3:18:32,1.17.2,Bandit80,5,3.96,nan,20,80,20,LeftinTimeOut,Left,169,215,199,19,nan,nan,nan
11/12/2025 3:24:25,1.17.2,Bandit80,5,3.96,nan,20,80,20,Left,Left,170,215,199,19,nan,nan,0.75
11/12/2025 3:24:28,1.17.2,Bandit80,5,3.96,2,20,80,20,Pellet,Left,170,215,200,19,0.29,375,nan
11/12/2025 3:24:39,1.17.2,Bandit80,5,3.96,nan,20,20,80,Left,Right,171,215,200,0,nan,nan,0.26
11/12/2025 3:24:40,1.17.2,Bandit80,5,3.95,nan,20,20,80,RightinTimeout,Right,171,215,200,0,nan,nan,0.00
11/12/2025 3:24:41,1.17.2,Bandit80,5,3.95,nan,20,20,80,RightinTimeout,Right,171,215,200,0,nan,nan,0.00
11/12/2025 3:24:41,1.17.2,Bandit80,5,3.96,nan,20,20,80,RightinTimeout,Right,171,215,200,0,nan,nan,0.00
11/12/2025 3:24:42,1.17.2,Bandit80,5,3.96,nan,20,20,80,RightinTimeout,Right,171,215,200,0,nan,nan,0.00
11/12/2025 3:24:42,1.17.2,Bandit80,5,3.96,nan,20,20,80,RightinTimeout,Right,171,215,200,0,nan,nan,0.00
11/12/2025 3:24:42,1.17.2,Bandit80,5,3.96,nan,20,20,80,RightinTimeout,Right,171,215,200,0,nan,nan,0.00
11/12/2025 3:24:43,1.17.2,Bandit80,5,3.96,nan,20,20,80,RightinTimeout,Right,171,215,200,0,nan,nan,0.00
11/12/2025 3:24:43,1.17.2,Bandit80,5,3.96,nan,20,20,80,RightinTimeout,Right,171,215,200,0,nan,nan,0.00
11/12/2025 3:25:13,1.17.2,Bandit80,5,3.96,nan,20,20,80,Left,Right,172,215,200,0,nan,nan,0.25
11/12/2025 3:25:27,1.17.2,Bandit80,5,3.96,nan,20,20,80,Right,Right,172,216,200,0,nan,nan,0.13
11/12/2025 3:25:27,1.17.2,Bandit80,5,3.95,nan,20,20,80,RightDuringDispense,Right,172,216,200,0,nan,nan,0.18
11/12/2025 3:25:30,1.17.2,Bandit80,5,3.96,nan,20,20,80,RightDuringDispense,Right,172,216,200,0,nan,nan,0.28
11/12/2025 3:25:31,1.17.2,Bandit80,5,3.95,nan,20,20,80,RightDuringDispense,Right,172,216,200,0,nan,nan,1.09
11/12/2025 3:25:35,1.17.2,Bandit80,5,3.95,3,20,20,80,Pellet,Right,172,216,201,0,0.47,67,nan
11/12/2025 3:25:44,1.17.2,Bandit80,5,3.96,nan,20,20,80,Right,Right,172,217,201,1,nan,nan,0.13
11/12/2025 3:25:48,1.17.2,Bandit80,5,3.96,nan,20,20,80,LeftinTimeOut,Right,172,217,201,1,nan,nan,nan
11/12/2025 3:29:57,1.17.2,Bandit80,5,3.96,nan,20,20,80,Right,Right,172,218,201,1,nan,nan,0.05
11/12/2025 3:29:59,1.17.2,Bandit80,5,3.96,nan,20,20,80,RightinTimeout,Right,172,218,201,1,nan,nan,0.00
11/12/2025 3:50:51,1.17.2,Bandit80,5,3.96,nan,20,20,80,Right,Right,172,219,201,1,nan,nan,0.21
11/12/2025 3:50:52,1.17.2,Bandit80,5,3.95,1,20,20,80,Pellet,Right,172,219,202,1,0.41,1517,nan
11/12/2025 3:52:17,1.17.2,Bandit80,5,3.96,nan,20,20,80,Left,Right,173,219,202,2,nan,nan,0.02
11/12/2025 4:21:22,1.17.2,Bandit80,5,3.95,nan,20,20,80,Right,Right,173,220,202,2,nan,nan,0.12
11/12/2025 4:33:06,1.17.2,Bandit80,5,3.96,nan,20,20,80,Right,Right,173,221,202,2,nan,nan,0.07
11/12/2025 4:33:07,1.17.2,Bandit80,5,3.96,1,20,20,80,Pellet,Right,173,221,203,2,0.47,2535,nan
11/12/2025 4:34:10,1.17.2,Bandit80,5,3.95,nan,20,20,80,Right,Right,173,222,203,3,nan,nan,0.08
11/12/2025 4:34:13,1.17.2,Bandit80,5,3.95,nan,20,20,80,LeftinTimeOut,Right,173,222,203,3,nan,nan,nan
11/12/2025 4:34:46,1.17.2,Bandit80,5,3.95,nan,20,20,80,Left,Right,174,222,203,3,nan,nan,0.35
11/12/2025 4:36:50,1.17.2,Bandit80,5,3.95,nan,20,20,80,Right,Right,174,223,203,3,nan,nan,0.09
11/12/2025 4:37:15,1.17.2,Bandit80,5,3.95,nan,20,20,80,Left,Right,175,223,203,3,nan,nan,0.06
11/12/2025 4:38:02,1.17.2,Bandit80,5,3.95,nan,20,20,80,Left,Right,176,223,203,3,nan,nan,0.02
11/12/2025 4:39:13,1.17.2,Bandit80,5,3.96,nan,20,20,80,Left,Right,177,223,203,3,nan,nan,0.20
11/12/2025 4:39:14,1.17.2,Bandit80,5,3.96,1,20,20,80,Pellet,Right,177,223,204,3,0.17,367,nan
11/12/2025 4:39:23,1.17.2,Bandit80,5,3.96,nan,20,20,80,Left,Right,178,223,204,4,nan,nan,0.07
11/12/2025 4:39:44,1.17.2,Bandit80,5,3.95,nan,20,20,80,Left,Right,179,223,204,4,nan,nan,0.09
11/12/2025 4:39:56,1.17.2,Bandit80,5,3.95,nan,20,20,80,Right,Right,179,224,204,4,nan,nan,0.54
11/12/2025 4:39:58,1.17.2,Bandit80,5,3.96,1,20,20,80,Pellet,Right,179,224,205,4,1.13,44,nan
11/12/2025 4:40:06,1.17.2,Bandit80,5,3.95,nan,20,20,80,Right,Right,179,225,205,5,nan,nan,0.07
11/12/2025 4:40:08,1.17.2,Bandit80,5,3.95,1,20,20,80,Pellet,Right,179,225,206,5,1.55,10,nan
11/12/2025 4:40:18,1.17.2,Bandit80,5,3.96,nan,20,20,80,Right,Right,179,226,206,6,nan,nan,0.09
11/12/2025 4:40:19,1.17.2,Bandit80,5,3.95,1,20,20,80,Pellet,Right,179,226,207,6,0.47,11,nan
11/12/2025 4:44:17,1.17.2,Bandit80,5,3.95,nan,20,20,80,Left,Right,180,226,207,7,nan,nan,0.11
11/12/2025 4:44:18,1.17.2,Bandit80,5,3.96,1,20,20,80,Pellet,Right,180,226,208,7,0.23,239,nan
11/12/2025 4:44:47,1.17.2,Bandit80,5,3.96,nan,20,20,80,Right,Right,180,227,208,8,nan,nan,0.10
11/12/2025 4:44:48,1.17.2,Bandit80,5,3.95,1,20,20,80,Pellet,Right,180,227,209,8,0.29,30,nan
11/12/2025 4:44:57,1.17.2,Bandit80,5,3.96,nan,20,20,80,Right,Right,180,228,209,9,nan,nan,0.08
11/12/2025 4:44:58,1.17.2,Bandit80,5,3.96,1,20,20,80,Pellet,Right,180,228,210,9,0.35,10,nan
11/12/2025 4:49:13,1.17.2,Bandit80,5,3.96,nan,20,20,80,Right,Right,180,229,210,10,nan,nan,0.04
11/12/2025 4:49:14,1.17.2,Bandit80,5,3.96,1,20,20,80,Pellet,Right,180,229,211,10,0.83,256,nan
11/12/2025 4:49:22,1.17.2,Bandit80,5,3.96,nan,20,20,80,Right,Right,180,230,211,11,nan,nan,0.23
11/12/2025 4:49:23,1.17.2,Bandit80,5,3.94,1,20,20,80,Pellet,Right,180,230,212,11,0.29,9,nan
11/12/2025 4:49:31,1.17.2,Bandit80,5,3.95,nan,20,20,80,Right,Right,180,231,212,12,nan,nan,0.02
11/12/2025 4:49:33,1.17.2,Bandit80,5,3.95,1,20,20,80,Pellet,Right,180,231,213,12,0.53,10,nan
11/12/2025 5:02:20,1.17.2,Bandit80,5,3.96,nan,20,20,80,Left,Right,181,231,213,13,nan,nan,0.25
11/12/2025 5:07:29,1.17.2,Bandit80,5,3.96,nan,20,20,80,Left,Right,182,231,213,13,nan,nan,0.17
11/12/2025 5:07:45,1.17.2,Bandit80,5,3.95,nan,20,20,80,Right,Right,182,232,213,13,nan,nan,0.20
11/12/2025 5:07:46,1.17.2,Bandit80,5,3.95,1,20,20,80,Pellet,Right,182,232,214,13,0.11,1093,nan
11/12/2025 5:07:59,1.17.2,Bandit80,5,3.95,nan,20,20,80,Right,Right,182,233,214,14,nan,nan,0.29
11/12/2025 5:10:12,1.17.2,Bandit80,5,3.95,nan,20,20,80,Left,Right,183,233,214,14,nan,nan,0.15
11/12/2025 5:14:37,1.17.2,Bandit80,5,3.95,nan,20,20,80,Right,Right,183,234,214,14,nan,nan,0.37
11/12/2025 5:14:38,1.17.2,Bandit80,5,3.95,1,20,20,80,Pellet,Right,183,234,215,14,0.47,412,nan
11/12/2025 5:14:45,1.17.2,Bandit80,5,3.95,nan,20,20,80,Right,Right,183,235,215,15,nan,nan,0.19
11/12/2025 5:14:46,1.17.2,Bandit80,5,3.95,1,20,20,80,Pellet,Right,183,235,216,15,0.47,8,nan
11/12/2025 5:15:49,1.17.2,Bandit80,5,3.96,nan,20,20,80,Right,Right,183,236,216,16,nan,nan,0.14
11/12/2025 5:15:50,1.17.2,Bandit80,5,3.96,1,20,20,80,Pellet,Right,183,236,217,16,0.29,64,nan
11/12/2025 5:17:32,1.17.2,Bandit80,5,3.95,nan,20,20,80,Left,Right,184,236,217,17,nan,nan,0.00
11/12/2025 5:17:48,1.17.2,Bandit80,5,3.94,nan,20,20,80,Right,Right,184,237,217,17,nan,nan,0.19
11/12/2025 5:17:49,1.17.2,Bandit80,5,3.95,nan,20,20,80,RightDuringDispense,Right,184,237,217,17,nan,nan,0.04
11/12/2025 5:17:50,1.17.2,Bandit80,5,3.95,1,20,20,80,Pellet,Right,184,237,218,17,0.35,120,nan
11/12/2025 5:17:57,1.17.2,Bandit80,5,3.95,nan,20,20,80,Right,Right,184,238,218,18,nan,nan,0.33
11/12/2025 5:17:59,1.17.2,Bandit80,5,3.96,1,20,20,80,Pellet,Right,184,238,219,18,0.59,9,nan
11/12/2025 5:18:07,1.17.2,Bandit80,5,3.96,nan,20,20,80,Right,Right,184,239,219,19,nan,nan,0.04
11/12/2025 5:18:11,1.17.2,Bandit80,5,3.95,nan,20,20,80,RightWithPellet,Right,184,240,219,19,nan,nan,2.25
11/12/2025 5:18:13,1.17.2,Bandit80,5,3.95,nan,20,20,80,RightWithPellet,Right,184,241,219,19,nan,nan,0.33
11/12/2025 5:18:14,1.17.2,Bandit80,5,3.95,nan,20,20,80,RightWithPellet,Right,184,242,219,19,nan,nan,0.06
11/12/2025 5:18:15,1.17.2,Bandit80,5,3.95,nan,20,20,80,RightWithPellet,Right,184,243,219,19,nan,nan,0.35
11/12/2025 5:18:22,1.17.2,Bandit80,5,3.95,nan,20,20,80,LeftWithPellet,Right,184,243,219,19,nan,nan,0.58
11/12/2025 5:19:35,1.17.2,Bandit80,5,3.95,nan,20,20,80,LeftWithPellet,Right,184,243,219,19,nan,nan,0.18
11/12/2025 5:19:38,1.17.2,Bandit80,5,3.95,nan,20,20,80,RightWithPellet,Right,184,243,219,19,nan,nan,0.02
11/12/2025 5:19:49,1.17.2,Bandit80,5,3.95,nan,20,20,80,RightWithPellet,Right,184,243,219,19,nan,nan,0.50
11/12/2025 5:30:40,1.17.2,Bandit80,5,3.96,1,20,20,80,Pellet,Right,184,243,220,19,Timed_out,761,nan
11/12/2025 5:33:52,1.17.2,Bandit80,5,3.95,nan,20,80,20,Right,Left,184,244,220,0,nan,nan,0.04
11/12/2025 5:35:06,1.17.2,Bandit80,5,3.95,nan,20,80,20,Left,Left,185,244,220,0,nan,nan,0.19
11/12/2025 5:35:09,1.17.2,Bandit80,5,3.95,2,20,80,20,Pellet,Left,185,244,221,0,0.35,269,nan
11/12/2025 5:35:49,1.17.2,Bandit80,5,3.95,nan,20,80,20,Left,Left,186,244,221,1,nan,nan,0.24
11/12/2025 5:35:50,1.17.2,Bandit80,5,3.95,1,20,80,20,Pellet,Left,186,244,222,1,0.23,41,nan
11/12/2025 5:35:58,1.17.2,Bandit80,5,3.95,nan,20,80,20,Left,Left,187,244,222,2,nan,nan,0.18
11/12/2025 5:35:59,1.17.2,Bandit80,5,3.94,1,20,80,20,Pellet,Left,187,244,223,2,0.53,9,nan
11/12/2025 5:45:11,1.17.2,Bandit80,5,3.96,nan,20,80,20,Right,Left,187,245,223,3,nan,nan,0.05
11/12/2025 5:45:11,1.17.2,Bandit80,5,3.95,nan,20,80,20,RightDuringDispense,Left,187,245,223,3,nan,nan,0.17
11/12/2025 5:45:16,1.17.2,Bandit80,5,3.94,2,20,80,20,Pellet,Left,187,245,224,3,1.25,557,nan
11/12/2025 5:45:35,1.17.2,Bandit80,5,3.95,nan,20,80,20,Left,Left,188,245,224,4,nan,nan,0.19
11/12/2025 5:45:36,1.17.2,Bandit80,5,3.94,nan,20,80,20,LeftinTimeOut,Left,188,245,224,4,nan,nan,nan
11/12/2025 5:48:58,1.17.2,Bandit80,5,3.95,nan,20,80,20,Right,Left,188,246,224,4,nan,nan,0.02
11/12/2025 7:26:30,1.17.2,Bandit80,5,3.95,nan,20,80,20,Right,Left,188,247,224,4,nan,nan,0.01
11/12/2025 7:26:50,1.17.2,Bandit80,5,3.95,nan,20,80,20,Left,Left,189,247,224,4,nan,nan,0.25
11/12/2025 7:26:51,1.17.2,Bandit80,5,3.94,1,20,80,20,Pellet,Left,189,247,225,4,0.41,6095,nan
11/12/2025 7:27:12,1.17.2,Bandit80,5,3.94,nan,20,80,20,Right,Left,189,248,225,5,nan,nan,0.01
11/12/2025 7:27:15,1.17.2,Bandit80,5,3.94,nan,20,80,20,RightinTimeout,Left,189,248,225,5,nan,nan,0.00
11/12/2025 7:27:16,1.17.2,Bandit80,5,3.95,nan,20,80,20,RightinTimeout,Left,189,248,225,5,nan,nan,0.00
11/12/2025 7:27:16,1.17.2,Bandit80,5,3.94,nan,20,80,20,RightinTimeout,Left,189,248,225,5,nan,nan,0.00
11/12/2025 7:27:34,1.17.2,Bandit80,5,3.95,nan,20,80,20,Left,Left,190,248,225,5,nan,nan,0.32
11/12/2025 7:27:35,1.17.2,Bandit80,5,3.95,1,20,80,20,Pellet,Left,190,248,226,5,0.23,44,nan
11/12/2025 7:27:49,1.17.2,Bandit80,5,3.94,nan,20,80,20,Left,Left,191,248,226,6,nan,nan,0.17
11/12/2025 7:27:51,1.17.2,Bandit80,5,3.95,1,20,80,20,Pellet,Left,191,248,227,6,0.71,16,nan
11/12/2025 7:28:07,1.17.2,Bandit80,5,3.95,nan,20,80,20,Left,Left,192,248,227,7,nan,nan,0.34
11/12/2025 7:28:09,1.17.2,Bandit80,5,3.94,1,20,80,20,Pellet,Left,192,248,228,7,0.41,18,nan
11/12/2025 7:32:36,1.17.2,Bandit80,5,3.94,nan,20,80,20,Right,Left,192,249,228,8,nan,nan,0.10
11/12/2025 7:32:38,1.17.2,Bandit80,5,3.95,nan,20,80,20,RightinTimeout,Left,192,249,228,8,nan,nan,0.00
11/12/2025 7:32:46,1.17.2,Bandit80,5,3.94,nan,20,80,20,RightinTimeout,Left,192,249,228,8,nan,nan,0.00
11/12/2025 7:32:52,1.17.2,Bandit80,5,3.95,nan,20,80,20,LeftinTimeOut,Left,192,249,228,8,nan,nan,nan
11/12/2025 9:09:59,1.17.2,Bandit80,5,3.94,nan,20,80,20,Left,Left,193,249,228,8,nan,nan,0.12
11/12/2025 9:10:01,1.17.2,Bandit80,5,3.94,1,20,80,20,Pellet,Left,193,249,229,8,0.23,6111,nan
11/12/2025 9:10:47,1.17.2,Bandit80,5,3.94,nan,20,80,20,Left,Left,194,249,229,9,nan,nan,0.31
11/12/2025 9:10:48,1.17.2,Bandit80,5,3.94,1,20,80,20,Pellet,Left,194,249,230,9,0.23,48,nan
11/12/2025 9:17:17,1.17.2,Bandit80,5,3.94,nan,20,80,20,Left,Left,195,249,230,10,nan,nan,0.06
11/12/2025 9:17:21,1.17.2,Bandit80,5,3.94,2,20,80,20,Pellet,Left,195,249,231,10,0.89,393,nan
11/12/2025 9:17:35,1.17.2,Bandit80,5,3.94,nan,20,80,20,Left,Left,196,249,231,11,nan,nan,1.04
11/12/2025 9:17:36,1.17.2,Bandit80,5,3.94,1,20,80,20,Pellet,Left,196,249,232,11,0.47,15,nan
11/12/2025 12:16:25,1.17.2,Bandit80,5,3.93,nan,20,80,20,Left,Left,197,249,232,12,nan,nan,0.06
11/12/2025 12:16:28,1.17.2,Bandit80,5,3.94,nan,20,80,20,LeftinTimeOut,Left,197,249,232,12,nan,nan,nan
11/12/2025 12:16:58,1.17.2,Bandit80,5,3.94,nan,20,80,20,Right,Left,197,250,232,12,nan,nan,0.12
11/12/2025 12:16:58,1.17.2,Bandit80,5,3.94,nan,20,80,20,RightinTimeout,Left,197,250,232,12,nan,nan,0.00
11/12/2025 12:16:58,1.17.2,Bandit80,5,3.94,nan,20,80,20,RightinTimeout,Left,197,250,232,12,nan,nan,0.00
11/12/2025 12:16:59,1.17.2,Bandit80,5,3.93,nan,20,80,20,RightinTimeout,Left,197,250,232,12,nan,nan,0.00
11/12/2025 12:17:50,1.17.2,Bandit80,5,3.94,nan,20,80,20,Left,Left,198,250,232,12,nan,nan,0.11
11/12/2025 12:17:51,1.17.2,Bandit80,5,3.94,1,20,80,20,Pellet,Left,198,250,233,12,0.47,10815,nan
11/12/2025 12:18:03,1.17.2,Bandit80,5,3.94,nan,20,80,20,Left,Left,199,250,233,13,nan,nan,0.01
11/12/2025 12:18:04,1.17.2,Bandit80,5,3.94,1,20,80,20,Pellet,Left,199,250,234,13,0.23,13,nan
11/12/2025 12:30:46,1.17.2,Bandit80,5,3.93,nan,20,80,20,Right,Left,199,251,234,14,nan,nan,0.12
11/12/2025 12:31:10,1.17.2,Bandit80,5,3.94,nan,20,80,20,Left,Left,200,251,234,14,nan,nan,0.11
11/12/2025 12:31:11,1.17.2,Bandit80,5,3.94,1,20,80,20,Pellet,Left,200,251,235,14,0.29,787,nan
11/12/2025 12:31:16,1.17.2,Bandit80,5,3.94,nan,20,80,20,Left,Left,201,251,235,15,nan,nan,0.06
11/12/2025 12:31:17,1.17.2,Bandit80,5,3.94,1,20,80,20,Pellet,Left,201,251,236,15,0.29,6,nan
